-- ============================================================
-- seed_testdata.sql — 6 pixdrift test companies, full year
-- Generated by gen_seed.py — DO NOT EDIT MANUALLY
--
-- Companies:
--   Org 1: Restaurang Björnen AB      (0001xxxx-...)
--   Org 2: Lindqvists Bilverkstad     (0002xxxx-...)
--   Org 3: Novacode AB                (0003xxxx-...)
--   Org 4: Svensson Snickeri          (0004xxxx-...)
--   Org 5: VVS Proffsen               (0005xxxx-...)
--   Org 6: Nordic Shop                (0006xxxx-...)
-- ============================================================

BEGIN;

-- ============================================================
-- ORG 1: Restaurang Björnen AB
-- ============================================================

INSERT INTO organizations (id, name, slug, domain, reporting_currency, settings)
VALUES ('00010001-0000-0000-0000-000000000001', 'Restaurang Björnen AB', 'restaurang-bjornen', 'bjornen.se', 'SEK', '{}'::JSONB)
ON CONFLICT (slug) DO NOTHING;

INSERT INTO users (id, org_id, email, full_name, role, title)
VALUES ('00010002-0000-0000-0000-000000000001', '00010001-0000-0000-0000-000000000001', 'anna.bergstrom@bjornen.se', 'Anna Bergström', 'ADMIN'::user_role, 'Restaurangchef')
ON CONFLICT (org_id, email) DO NOTHING;
INSERT INTO users (id, org_id, email, full_name, role, title)
VALUES ('00010002-0000-0000-0000-000000000002', '00010001-0000-0000-0000-000000000001', 'lars.ekstrom@bjornen.se', 'Lars Ekström', 'OPS'::user_role, 'Kock')
ON CONFLICT (org_id, email) DO NOTHING;
INSERT INTO users (id, org_id, email, full_name, role, title)
VALUES ('00010002-0000-0000-0000-000000000003', '00010001-0000-0000-0000-000000000001', 'maja.lindgren@bjornen.se', 'Maja Lindgren', 'OPS'::user_role, 'Kock')
ON CONFLICT (org_id, email) DO NOTHING;
INSERT INTO users (id, org_id, email, full_name, role, title)
VALUES ('00010002-0000-0000-0000-000000000004', '00010001-0000-0000-0000-000000000001', 'johan.nilsson@bjornen.se', 'Johan Nilsson', 'OPS'::user_role, 'Servitör')
ON CONFLICT (org_id, email) DO NOTHING;
INSERT INTO users (id, org_id, email, full_name, role, title)
VALUES ('00010002-0000-0000-0000-000000000005', '00010001-0000-0000-0000-000000000001', 'sara.andersson@bjornen.se', 'Sara Andersson', 'OPS'::user_role, 'Servitris')
ON CONFLICT (org_id, email) DO NOTHING;
INSERT INTO users (id, org_id, email, full_name, role, title)
VALUES ('00010002-0000-0000-0000-000000000006', '00010001-0000-0000-0000-000000000001', 'emil.johansson@bjornen.se', 'Emil Johansson', 'OPS'::user_role, 'Servitör')
ON CONFLICT (org_id, email) DO NOTHING;
INSERT INTO users (id, org_id, email, full_name, role, title)
VALUES ('00010002-0000-0000-0000-000000000007', '00010001-0000-0000-0000-000000000001', 'karin.svensson@bjornen.se', 'Karin Svensson', 'FINANCE'::user_role, 'Kassör')
ON CONFLICT (org_id, email) DO NOTHING;
INSERT INTO users (id, org_id, email, full_name, role, title)
VALUES ('00010002-0000-0000-0000-000000000008', '00010001-0000-0000-0000-000000000001', 'mikael.persson@bjornen.se', 'Mikael Persson', 'OPS'::user_role, 'Diskare')
ON CONFLICT (org_id, email) DO NOTHING;

INSERT INTO companies (id, org_id, name, industry, country, created_by)
VALUES ('00010003-0000-0000-0000-000000000001', '00010001-0000-0000-0000-000000000001', 'Lantmännen Unibake AB', 'Livsmedelsgrossist', 'SE', '00010002-0000-0000-0000-000000000001')
ON CONFLICT DO NOTHING;
INSERT INTO companies (id, org_id, name, industry, country, created_by)
VALUES ('00010003-0000-0000-0000-000000000002', '00010001-0000-0000-0000-000000000001', 'Martin & Servera AB', 'Restauranggrossist', 'SE', '00010002-0000-0000-0000-000000000001')
ON CONFLICT DO NOTHING;
INSERT INTO companies (id, org_id, name, industry, country, created_by)
VALUES ('00010003-0000-0000-0000-000000000003', '00010001-0000-0000-0000-000000000001', 'Carlsberg Sverige AB', 'Dryckesleverantör', 'SE', '00010002-0000-0000-0000-000000000001')
ON CONFLICT DO NOTHING;
INSERT INTO companies (id, org_id, name, industry, country, created_by)
VALUES ('00010003-0000-0000-0000-000000000004', '00010001-0000-0000-0000-000000000001', 'Ekologiska Bönder i Sverige', 'Ekologiska råvaror', 'SE', '00010002-0000-0000-0000-000000000001')
ON CONFLICT DO NOTHING;
INSERT INTO companies (id, org_id, name, industry, country, created_by)
VALUES ('00010003-0000-0000-0000-000000000005', '00010001-0000-0000-0000-000000000001', 'Städa Proffsen AB', 'Städtjänster', 'SE', '00010002-0000-0000-0000-000000000001')
ON CONFLICT DO NOTHING;
INSERT INTO companies (id, org_id, name, industry, country, city, created_by)
VALUES ('00010003-0000-0000-0000-000000000006', '00010001-0000-0000-0000-000000000001', 'Karlsson Fastigheter AB', 'Restaurang/Hospitality', 'SE', 'Stockholm', '00010002-0000-0000-0000-000000000001')
ON CONFLICT DO NOTHING;
INSERT INTO companies (id, org_id, name, industry, country, city, created_by)
VALUES ('00010003-0000-0000-0000-000000000007', '00010001-0000-0000-0000-000000000001', 'Ek Handel AB', 'Restaurang/Hospitality', 'SE', 'Stockholm', '00010002-0000-0000-0000-000000000001')
ON CONFLICT DO NOTHING;
INSERT INTO companies (id, org_id, name, industry, country, city, created_by)
VALUES ('00010003-0000-0000-0000-000000000008', '00010001-0000-0000-0000-000000000001', 'Lindgren Invest AB', 'Restaurang/Hospitality', 'SE', 'Stockholm', '00010002-0000-0000-0000-000000000001')
ON CONFLICT DO NOTHING;
INSERT INTO companies (id, org_id, name, industry, country, city, created_by)
VALUES ('00010003-0000-0000-0000-000000000009', '00010001-0000-0000-0000-000000000001', 'Karlsson Bygg AB', 'Restaurang/Hospitality', 'SE', 'Stockholm', '00010002-0000-0000-0000-000000000001')
ON CONFLICT DO NOTHING;
INSERT INTO companies (id, org_id, name, industry, country, city, created_by)
VALUES ('00010003-0000-0000-0000-00000000000a', '00010001-0000-0000-0000-000000000001', 'Holm Fastigheter AB', 'Restaurang/Hospitality', 'SE', 'Stockholm', '00010002-0000-0000-0000-000000000001')
ON CONFLICT DO NOTHING;
INSERT INTO companies (id, org_id, name, industry, country, city, created_by)
VALUES ('00010003-0000-0000-0000-00000000000b', '00010001-0000-0000-0000-000000000001', 'Nilsson Bygg AB', 'Restaurang/Hospitality', 'SE', 'Stockholm', '00010002-0000-0000-0000-000000000001')
ON CONFLICT DO NOTHING;
INSERT INTO companies (id, org_id, name, industry, country, city, created_by)
VALUES ('00010003-0000-0000-0000-00000000000c', '00010001-0000-0000-0000-000000000001', 'Lindgren Handel AB', 'Restaurang/Hospitality', 'SE', 'Stockholm', '00010002-0000-0000-0000-000000000001')
ON CONFLICT DO NOTHING;
INSERT INTO companies (id, org_id, name, industry, country, city, created_by)
VALUES ('00010003-0000-0000-0000-00000000000d', '00010001-0000-0000-0000-000000000001', 'Nilsson Handel AB', 'Restaurang/Hospitality', 'SE', 'Stockholm', '00010002-0000-0000-0000-000000000001')
ON CONFLICT DO NOTHING;
INSERT INTO companies (id, org_id, name, industry, country, city, created_by)
VALUES ('00010003-0000-0000-0000-00000000000e', '00010001-0000-0000-0000-000000000001', 'Holm Handel AB', 'Restaurang/Hospitality', 'SE', 'Stockholm', '00010002-0000-0000-0000-000000000001')
ON CONFLICT DO NOTHING;
INSERT INTO companies (id, org_id, name, industry, country, city, created_by)
VALUES ('00010003-0000-0000-0000-00000000000f', '00010001-0000-0000-0000-000000000001', 'Berg Lösningar AB', 'Restaurang/Hospitality', 'SE', 'Stockholm', '00010002-0000-0000-0000-000000000001')
ON CONFLICT DO NOTHING;
INSERT INTO companies (id, org_id, name, industry, country, city, created_by)
VALUES ('00010003-0000-0000-0000-000000000010', '00010001-0000-0000-0000-000000000001', 'Nilsson Invest AB', 'Restaurang/Hospitality', 'SE', 'Stockholm', '00010002-0000-0000-0000-000000000001')
ON CONFLICT DO NOTHING;
INSERT INTO companies (id, org_id, name, industry, country, city, created_by)
VALUES ('00010003-0000-0000-0000-000000000011', '00010001-0000-0000-0000-000000000001', 'Holm Service AB', 'Restaurang/Hospitality', 'SE', 'Stockholm', '00010002-0000-0000-0000-000000000001')
ON CONFLICT DO NOTHING;
INSERT INTO companies (id, org_id, name, industry, country, city, created_by)
VALUES ('00010003-0000-0000-0000-000000000012', '00010001-0000-0000-0000-000000000001', 'Ek Invest AB', 'Restaurang/Hospitality', 'SE', 'Stockholm', '00010002-0000-0000-0000-000000000001')
ON CONFLICT DO NOTHING;
INSERT INTO companies (id, org_id, name, industry, country, city, created_by)
VALUES ('00010003-0000-0000-0000-000000000013', '00010001-0000-0000-0000-000000000001', 'Lindgren Service AB', 'Restaurang/Hospitality', 'SE', 'Stockholm', '00010002-0000-0000-0000-000000000001')
ON CONFLICT DO NOTHING;
INSERT INTO companies (id, org_id, name, industry, country, city, created_by)
VALUES ('00010003-0000-0000-0000-000000000014', '00010001-0000-0000-0000-000000000001', 'Karlsson Bygg AB', 'Restaurang/Hospitality', 'SE', 'Stockholm', '00010002-0000-0000-0000-000000000001')
ON CONFLICT DO NOTHING;
INSERT INTO companies (id, org_id, name, industry, country, city, created_by)
VALUES ('00010003-0000-0000-0000-000000000015', '00010001-0000-0000-0000-000000000001', 'Holm Bygg AB', 'Restaurang/Hospitality', 'SE', 'Stockholm', '00010002-0000-0000-0000-000000000001')
ON CONFLICT DO NOTHING;
INSERT INTO companies (id, org_id, name, industry, country, city, created_by)
VALUES ('00010003-0000-0000-0000-000000000016', '00010001-0000-0000-0000-000000000001', 'Björn Service AB', 'Restaurang/Hospitality', 'SE', 'Stockholm', '00010002-0000-0000-0000-000000000001')
ON CONFLICT DO NOTHING;
INSERT INTO companies (id, org_id, name, industry, country, city, created_by)
VALUES ('00010003-0000-0000-0000-000000000017', '00010001-0000-0000-0000-000000000001', 'Ek Fastigheter AB', 'Restaurang/Hospitality', 'SE', 'Stockholm', '00010002-0000-0000-0000-000000000001')
ON CONFLICT DO NOTHING;
INSERT INTO companies (id, org_id, name, industry, country, city, created_by)
VALUES ('00010003-0000-0000-0000-000000000018', '00010001-0000-0000-0000-000000000001', 'Berg Bygg AB', 'Restaurang/Hospitality', 'SE', 'Stockholm', '00010002-0000-0000-0000-000000000001')
ON CONFLICT DO NOTHING;
INSERT INTO companies (id, org_id, name, industry, country, city, created_by)
VALUES ('00010003-0000-0000-0000-000000000019', '00010001-0000-0000-0000-000000000001', 'Holm Bygg AB', 'Restaurang/Hospitality', 'SE', 'Stockholm', '00010002-0000-0000-0000-000000000001')
ON CONFLICT DO NOTHING;
INSERT INTO companies (id, org_id, name, industry, country, city, created_by)
VALUES ('00010003-0000-0000-0000-00000000001a', '00010001-0000-0000-0000-000000000001', 'Ek Service AB', 'Restaurang/Hospitality', 'SE', 'Stockholm', '00010002-0000-0000-0000-000000000001')
ON CONFLICT DO NOTHING;
INSERT INTO companies (id, org_id, name, industry, country, city, created_by)
VALUES ('00010003-0000-0000-0000-00000000001b', '00010001-0000-0000-0000-000000000001', 'Lindgren Bygg AB', 'Restaurang/Hospitality', 'SE', 'Stockholm', '00010002-0000-0000-0000-000000000001')
ON CONFLICT DO NOTHING;
INSERT INTO companies (id, org_id, name, industry, country, city, created_by)
VALUES ('00010003-0000-0000-0000-00000000001c', '00010001-0000-0000-0000-000000000001', 'Nilsson Handel AB', 'Restaurang/Hospitality', 'SE', 'Stockholm', '00010002-0000-0000-0000-000000000001')
ON CONFLICT DO NOTHING;
INSERT INTO companies (id, org_id, name, industry, country, city, created_by)
VALUES ('00010003-0000-0000-0000-00000000001d', '00010001-0000-0000-0000-000000000001', 'Ek Bygg AB', 'Restaurang/Hospitality', 'SE', 'Stockholm', '00010002-0000-0000-0000-000000000001')
ON CONFLICT DO NOTHING;
INSERT INTO companies (id, org_id, name, industry, country, city, created_by)
VALUES ('00010003-0000-0000-0000-00000000001e', '00010001-0000-0000-0000-000000000001', 'Lindgren Bygg AB', 'Restaurang/Hospitality', 'SE', 'Stockholm', '00010002-0000-0000-0000-000000000001')
ON CONFLICT DO NOTHING;
INSERT INTO companies (id, org_id, name, industry, country, city, created_by)
VALUES ('00010003-0000-0000-0000-00000000001f', '00010001-0000-0000-0000-000000000001', 'Holm Lösningar AB', 'Restaurang/Hospitality', 'SE', 'Stockholm', '00010002-0000-0000-0000-000000000001')
ON CONFLICT DO NOTHING;
INSERT INTO companies (id, org_id, name, industry, country, city, created_by)
VALUES ('00010003-0000-0000-0000-000000000020', '00010001-0000-0000-0000-000000000001', 'Berg Service AB', 'Restaurang/Hospitality', 'SE', 'Stockholm', '00010002-0000-0000-0000-000000000001')
ON CONFLICT DO NOTHING;
INSERT INTO companies (id, org_id, name, industry, country, city, created_by)
VALUES ('00010003-0000-0000-0000-000000000021', '00010001-0000-0000-0000-000000000001', 'Persson Service AB', 'Restaurang/Hospitality', 'SE', 'Stockholm', '00010002-0000-0000-0000-000000000001')
ON CONFLICT DO NOTHING;
INSERT INTO companies (id, org_id, name, industry, country, city, created_by)
VALUES ('00010003-0000-0000-0000-000000000022', '00010001-0000-0000-0000-000000000001', 'Björn Handel AB', 'Restaurang/Hospitality', 'SE', 'Stockholm', '00010002-0000-0000-0000-000000000001')
ON CONFLICT DO NOTHING;
INSERT INTO companies (id, org_id, name, industry, country, city, created_by)
VALUES ('00010003-0000-0000-0000-000000000023', '00010001-0000-0000-0000-000000000001', 'Ek Bygg AB', 'Restaurang/Hospitality', 'SE', 'Stockholm', '00010002-0000-0000-0000-000000000001')
ON CONFLICT DO NOTHING;

INSERT INTO contacts (id, org_id, company_id, first_name, last_name, email, created_by)
VALUES ('00010004-0000-0000-0000-000000000001', '00010001-0000-0000-0000-000000000001', '00010003-0000-0000-0000-00000000000b', 'Magnus', 'Holm', 'magnus.holm@example.com', '00010002-0000-0000-0000-000000000001')
ON CONFLICT DO NOTHING;
INSERT INTO contacts (id, org_id, company_id, first_name, last_name, email, created_by)
VALUES ('00010004-0000-0000-0000-000000000002', '00010001-0000-0000-0000-000000000001', '00010003-0000-0000-0000-000000000010', 'Stefan', 'Björk', 'stefan.björk@example.com', '00010002-0000-0000-0000-000000000001')
ON CONFLICT DO NOTHING;
INSERT INTO contacts (id, org_id, company_id, first_name, last_name, email, created_by)
VALUES ('00010004-0000-0000-0000-000000000003', '00010001-0000-0000-0000-000000000001', '00010003-0000-0000-0000-000000000019', 'Karin', 'Andersson', 'karin.andersson@example.com', '00010002-0000-0000-0000-000000000001')
ON CONFLICT DO NOTHING;
INSERT INTO contacts (id, org_id, company_id, first_name, last_name, email, created_by)
VALUES ('00010004-0000-0000-0000-000000000004', '00010001-0000-0000-0000-000000000001', '00010003-0000-0000-0000-00000000000f', 'Monica', 'Nyman', 'monica.nyman@example.com', '00010002-0000-0000-0000-000000000001')
ON CONFLICT DO NOTHING;
INSERT INTO contacts (id, org_id, company_id, first_name, last_name, email, created_by)
VALUES ('00010004-0000-0000-0000-000000000005', '00010001-0000-0000-0000-000000000001', '00010003-0000-0000-0000-000000000004', 'Daniel', 'Larsson', 'daniel.larsson@example.com', '00010002-0000-0000-0000-000000000001')
ON CONFLICT DO NOTHING;
INSERT INTO contacts (id, org_id, company_id, first_name, last_name, email, created_by)
VALUES ('00010004-0000-0000-0000-000000000006', '00010001-0000-0000-0000-000000000001', '00010003-0000-0000-0000-000000000003', 'Kristina', 'Ekström', 'kristina.ekström@example.com', '00010002-0000-0000-0000-000000000001')
ON CONFLICT DO NOTHING;
INSERT INTO contacts (id, org_id, company_id, first_name, last_name, email, created_by)
VALUES ('00010004-0000-0000-0000-000000000007', '00010001-0000-0000-0000-000000000001', '00010003-0000-0000-0000-000000000012', 'Emma', 'Persson', 'emma.persson@example.com', '00010002-0000-0000-0000-000000000001')
ON CONFLICT DO NOTHING;
INSERT INTO contacts (id, org_id, company_id, first_name, last_name, email, created_by)
VALUES ('00010004-0000-0000-0000-000000000008', '00010001-0000-0000-0000-000000000001', '00010003-0000-0000-0000-000000000015', 'Sara', 'Eriksson', 'sara.eriksson@example.com', '00010002-0000-0000-0000-000000000001')
ON CONFLICT DO NOTHING;
INSERT INTO contacts (id, org_id, company_id, first_name, last_name, email, created_by)
VALUES ('00010004-0000-0000-0000-000000000009', '00010001-0000-0000-0000-000000000001', '00010003-0000-0000-0000-000000000020', 'Helena', 'Holm', 'helena.holm@example.com', '00010002-0000-0000-0000-000000000001')
ON CONFLICT DO NOTHING;
INSERT INTO contacts (id, org_id, company_id, first_name, last_name, email, created_by)
VALUES ('00010004-0000-0000-0000-00000000000a', '00010001-0000-0000-0000-000000000001', '00010003-0000-0000-0000-00000000001e', 'Lars', 'Nyman', 'lars.nyman@example.com', '00010002-0000-0000-0000-000000000001')
ON CONFLICT DO NOTHING;
INSERT INTO contacts (id, org_id, company_id, first_name, last_name, email, created_by)
VALUES ('00010004-0000-0000-0000-00000000000b', '00010001-0000-0000-0000-000000000001', '00010003-0000-0000-0000-000000000009', 'Eva', 'Karlsson', 'eva.karlsson@example.com', '00010002-0000-0000-0000-000000000001')
ON CONFLICT DO NOTHING;
INSERT INTO contacts (id, org_id, company_id, first_name, last_name, email, created_by)
VALUES ('00010004-0000-0000-0000-00000000000c', '00010001-0000-0000-0000-000000000001', '00010003-0000-0000-0000-000000000023', 'Kristina', 'Björk', 'kristina.björk@example.com', '00010002-0000-0000-0000-000000000001')
ON CONFLICT DO NOTHING;
INSERT INTO contacts (id, org_id, company_id, first_name, last_name, email, created_by)
VALUES ('00010004-0000-0000-0000-00000000000d', '00010001-0000-0000-0000-000000000001', '00010003-0000-0000-0000-00000000001c', 'Monica', 'Björk', 'monica.björk@example.com', '00010002-0000-0000-0000-000000000001')
ON CONFLICT DO NOTHING;
INSERT INTO contacts (id, org_id, company_id, first_name, last_name, email, created_by)
VALUES ('00010004-0000-0000-0000-00000000000e', '00010001-0000-0000-0000-000000000001', '00010003-0000-0000-0000-000000000018', 'Peter', 'Persson', 'peter.persson@example.com', '00010002-0000-0000-0000-000000000001')
ON CONFLICT DO NOTHING;
INSERT INTO contacts (id, org_id, company_id, first_name, last_name, email, created_by)
VALUES ('00010004-0000-0000-0000-00000000000f', '00010001-0000-0000-0000-000000000001', '00010003-0000-0000-0000-000000000021', 'Kristina', 'Nilsson', 'kristina.nilsson@example.com', '00010002-0000-0000-0000-000000000001')
ON CONFLICT DO NOTHING;
INSERT INTO contacts (id, org_id, company_id, first_name, last_name, email, created_by)
VALUES ('00010004-0000-0000-0000-000000000010', '00010001-0000-0000-0000-000000000001', '00010003-0000-0000-0000-000000000004', 'Mikael', 'Johansson', 'mikael.johansson@example.com', '00010002-0000-0000-0000-000000000001')
ON CONFLICT DO NOTHING;
INSERT INTO contacts (id, org_id, company_id, first_name, last_name, email, created_by)
VALUES ('00010004-0000-0000-0000-000000000011', '00010001-0000-0000-0000-000000000001', '00010003-0000-0000-0000-00000000000b', 'Lena', 'Nilsson', 'lena.nilsson@example.com', '00010002-0000-0000-0000-000000000001')
ON CONFLICT DO NOTHING;
INSERT INTO contacts (id, org_id, company_id, first_name, last_name, email, created_by)
VALUES ('00010004-0000-0000-0000-000000000012', '00010001-0000-0000-0000-000000000001', '00010003-0000-0000-0000-000000000005', 'Daniel', 'Persson', 'daniel.persson@example.com', '00010002-0000-0000-0000-000000000001')
ON CONFLICT DO NOTHING;
INSERT INTO contacts (id, org_id, company_id, first_name, last_name, email, created_by)
VALUES ('00010004-0000-0000-0000-000000000013', '00010001-0000-0000-0000-000000000001', '00010003-0000-0000-0000-00000000001e', 'Lars', 'Persson', 'lars.persson@example.com', '00010002-0000-0000-0000-000000000001')
ON CONFLICT DO NOTHING;
INSERT INTO contacts (id, org_id, company_id, first_name, last_name, email, created_by)
VALUES ('00010004-0000-0000-0000-000000000014', '00010001-0000-0000-0000-000000000001', '00010003-0000-0000-0000-000000000001', 'Anders', 'Karlsson', 'anders.karlsson@example.com', '00010002-0000-0000-0000-000000000001')
ON CONFLICT DO NOTHING;
INSERT INTO contacts (id, org_id, company_id, first_name, last_name, email, created_by)
VALUES ('00010004-0000-0000-0000-000000000015', '00010001-0000-0000-0000-000000000001', '00010003-0000-0000-0000-000000000008', 'Daniel', 'Björk', 'daniel.björk@example.com', '00010002-0000-0000-0000-000000000001')
ON CONFLICT DO NOTHING;
INSERT INTO contacts (id, org_id, company_id, first_name, last_name, email, created_by)
VALUES ('00010004-0000-0000-0000-000000000016', '00010001-0000-0000-0000-000000000001', '00010003-0000-0000-0000-000000000023', 'Daniel', 'Nyman', 'daniel.nyman@example.com', '00010002-0000-0000-0000-000000000001')
ON CONFLICT DO NOTHING;
INSERT INTO contacts (id, org_id, company_id, first_name, last_name, email, created_by)
VALUES ('00010004-0000-0000-0000-000000000017', '00010001-0000-0000-0000-000000000001', '00010003-0000-0000-0000-000000000016', 'Monica', 'Strand', 'monica.strand@example.com', '00010002-0000-0000-0000-000000000001')
ON CONFLICT DO NOTHING;
INSERT INTO contacts (id, org_id, company_id, first_name, last_name, email, created_by)
VALUES ('00010004-0000-0000-0000-000000000018', '00010001-0000-0000-0000-000000000001', '00010003-0000-0000-0000-00000000001c', 'Lena', 'Karlsson', 'lena.karlsson@example.com', '00010002-0000-0000-0000-000000000001')
ON CONFLICT DO NOTHING;
INSERT INTO contacts (id, org_id, company_id, first_name, last_name, email, created_by)
VALUES ('00010004-0000-0000-0000-000000000019', '00010001-0000-0000-0000-000000000001', '00010003-0000-0000-0000-000000000001', 'Karin', 'Andersson', 'karin.andersson@example.com', '00010002-0000-0000-0000-000000000001')
ON CONFLICT DO NOTHING;
INSERT INTO contacts (id, org_id, company_id, first_name, last_name, email, created_by)
VALUES ('00010004-0000-0000-0000-00000000001a', '00010001-0000-0000-0000-000000000001', '00010003-0000-0000-0000-000000000011', 'Niklas', 'Nyman', 'niklas.nyman@example.com', '00010002-0000-0000-0000-000000000001')
ON CONFLICT DO NOTHING;
INSERT INTO contacts (id, org_id, company_id, first_name, last_name, email, created_by)
VALUES ('00010004-0000-0000-0000-00000000001b', '00010001-0000-0000-0000-000000000001', '00010003-0000-0000-0000-00000000000c', 'Anders', 'Strand', 'anders.strand@example.com', '00010002-0000-0000-0000-000000000001')
ON CONFLICT DO NOTHING;
INSERT INTO contacts (id, org_id, company_id, first_name, last_name, email, created_by)
VALUES ('00010004-0000-0000-0000-00000000001c', '00010001-0000-0000-0000-000000000001', '00010003-0000-0000-0000-000000000007', 'Anders', 'Nyman', 'anders.nyman@example.com', '00010002-0000-0000-0000-000000000001')
ON CONFLICT DO NOTHING;
INSERT INTO contacts (id, org_id, company_id, first_name, last_name, email, created_by)
VALUES ('00010004-0000-0000-0000-00000000001d', '00010001-0000-0000-0000-000000000001', '00010003-0000-0000-0000-000000000021', 'Tobias', 'Karlsson', 'tobias.karlsson@example.com', '00010002-0000-0000-0000-000000000001')
ON CONFLICT DO NOTHING;
INSERT INTO contacts (id, org_id, company_id, first_name, last_name, email, created_by)
VALUES ('00010004-0000-0000-0000-00000000001e', '00010001-0000-0000-0000-000000000001', '00010003-0000-0000-0000-00000000000a', 'Magnus', 'Eriksson', 'magnus.eriksson@example.com', '00010002-0000-0000-0000-000000000001')
ON CONFLICT DO NOTHING;
INSERT INTO contacts (id, org_id, company_id, first_name, last_name, email, created_by)
VALUES ('00010004-0000-0000-0000-00000000001f', '00010001-0000-0000-0000-000000000001', '00010003-0000-0000-0000-00000000000b', 'Maja', 'Strand', 'maja.strand@example.com', '00010002-0000-0000-0000-000000000001')
ON CONFLICT DO NOTHING;
INSERT INTO contacts (id, org_id, company_id, first_name, last_name, email, created_by)
VALUES ('00010004-0000-0000-0000-000000000020', '00010001-0000-0000-0000-000000000001', '00010003-0000-0000-0000-000000000022', 'Stefan', 'Strand', 'stefan.strand@example.com', '00010002-0000-0000-0000-000000000001')
ON CONFLICT DO NOTHING;
INSERT INTO contacts (id, org_id, company_id, first_name, last_name, email, created_by)
VALUES ('00010004-0000-0000-0000-000000000021', '00010001-0000-0000-0000-000000000001', '00010003-0000-0000-0000-000000000015', 'Anna', 'Berg', 'anna.berg@example.com', '00010002-0000-0000-0000-000000000001')
ON CONFLICT DO NOTHING;
INSERT INTO contacts (id, org_id, company_id, first_name, last_name, email, created_by)
VALUES ('00010004-0000-0000-0000-000000000022', '00010001-0000-0000-0000-000000000001', '00010003-0000-0000-0000-000000000008', 'Mikael', 'Svensson', 'mikael.svensson@example.com', '00010002-0000-0000-0000-000000000001')
ON CONFLICT DO NOTHING;
INSERT INTO contacts (id, org_id, company_id, first_name, last_name, email, created_by)
VALUES ('00010004-0000-0000-0000-000000000023', '00010001-0000-0000-0000-000000000001', '00010003-0000-0000-0000-000000000014', 'Maja', 'Nyman', 'maja.nyman@example.com', '00010002-0000-0000-0000-000000000001')
ON CONFLICT DO NOTHING;

INSERT INTO deals (id, org_id, company_id, contact_id, title, status, amount, currency, exchange_rate, reporting_amount, probability, expected_close, closed_at, assigned_to, created_by)
VALUES ('00010006-0000-0000-0000-000000000001', '00010001-0000-0000-0000-000000000001', '00010003-0000-0000-0000-000000000020', '00010004-0000-0000-0000-000000000005', 'Företagslunch Spotify AB #1', 'QUALIFIED'::deal_status, 74185.12, 'SEK', 1.0, 74185.12, 56, '2025-05-23', NULL, '00010002-0000-0000-0000-000000000003', '00010002-0000-0000-0000-000000000001')
ON CONFLICT DO NOTHING;
INSERT INTO deals (id, org_id, company_id, contact_id, title, status, amount, currency, exchange_rate, reporting_amount, probability, expected_close, closed_at, assigned_to, created_by)
VALUES ('00010006-0000-0000-0000-000000000002', '00010001-0000-0000-0000-000000000001', '00010003-0000-0000-0000-00000000001c', '00010004-0000-0000-0000-00000000000e', 'Bröllopsmiddag – familjen Lindqvist #2', 'QUALIFIED'::deal_status, 192979.35, 'SEK', 1.0, 192979.35, 30, '2025-11-26', NULL, '00010002-0000-0000-0000-000000000004', '00010002-0000-0000-0000-000000000001')
ON CONFLICT DO NOTHING;
INSERT INTO deals (id, org_id, company_id, contact_id, title, status, amount, currency, exchange_rate, reporting_amount, probability, expected_close, closed_at, assigned_to, created_by)
VALUES ('00010006-0000-0000-0000-000000000003', '00010001-0000-0000-0000-000000000001', '00010003-0000-0000-0000-000000000018', '00010004-0000-0000-0000-00000000001d', 'Julbord konferens 50 pers #3', 'WON'::deal_status, 100791.97, 'SEK', 1.0, 100791.97, 90, '2026-02-27', '2026-02-07', '00010002-0000-0000-0000-000000000008', '00010002-0000-0000-0000-000000000001')
ON CONFLICT DO NOTHING;
INSERT INTO deals (id, org_id, company_id, contact_id, title, status, amount, currency, exchange_rate, reporting_amount, probability, expected_close, closed_at, assigned_to, created_by)
VALUES ('00010006-0000-0000-0000-000000000004', '00010001-0000-0000-0000-000000000001', '00010003-0000-0000-0000-00000000000f', '00010004-0000-0000-0000-00000000000f', 'Cateringtjänst stadshuset #4', 'NEW'::deal_status, 71463.49, 'SEK', 1.0, 71463.49, 41, '2026-01-06', NULL, '00010002-0000-0000-0000-000000000001', '00010002-0000-0000-0000-000000000001')
ON CONFLICT DO NOTHING;
INSERT INTO deals (id, org_id, company_id, contact_id, title, status, amount, currency, exchange_rate, reporting_amount, probability, expected_close, closed_at, assigned_to, created_by)
VALUES ('00010006-0000-0000-0000-000000000005', '00010001-0000-0000-0000-000000000001', '00010003-0000-0000-0000-000000000005', '00010004-0000-0000-0000-000000000021', 'Privat middag – 20 pers #5', 'NEW'::deal_status, 72177.7, 'SEK', 1.0, 72177.7, 77, '2025-09-02', NULL, '00010002-0000-0000-0000-000000000004', '00010002-0000-0000-0000-000000000001')
ON CONFLICT DO NOTHING;
INSERT INTO deals (id, org_id, company_id, contact_id, title, status, amount, currency, exchange_rate, reporting_amount, probability, expected_close, closed_at, assigned_to, created_by)
VALUES ('00010006-0000-0000-0000-000000000006', '00010001-0000-0000-0000-000000000001', '00010003-0000-0000-0000-000000000010', '00010004-0000-0000-0000-00000000001f', 'Onsdagsbuffé-avtal Accenture #6', 'DEMO'::deal_status, 69703.31, 'SEK', 1.0, 69703.31, 28, '2026-02-16', NULL, '00010002-0000-0000-0000-000000000007', '00010002-0000-0000-0000-000000000001')
ON CONFLICT DO NOTHING;
INSERT INTO deals (id, org_id, company_id, contact_id, title, status, amount, currency, exchange_rate, reporting_amount, probability, expected_close, closed_at, assigned_to, created_by)
VALUES ('00010006-0000-0000-0000-000000000007', '00010001-0000-0000-0000-000000000001', '00010003-0000-0000-0000-00000000001b', '00010004-0000-0000-0000-00000000001e', 'Sommarfest BRF Solbacken #7', 'QUALIFIED'::deal_status, 49964.32, 'SEK', 1.0, 49964.32, 47, '2025-12-15', NULL, '00010002-0000-0000-0000-000000000001', '00010002-0000-0000-0000-000000000001')
ON CONFLICT DO NOTHING;
INSERT INTO deals (id, org_id, company_id, contact_id, title, status, amount, currency, exchange_rate, reporting_amount, probability, expected_close, closed_at, assigned_to, created_by)
VALUES ('00010006-0000-0000-0000-000000000008', '00010001-0000-0000-0000-000000000001', '00010003-0000-0000-0000-000000000010', '00010004-0000-0000-0000-00000000000d', 'Personalfest Ericsson 80 pers #8', 'WON'::deal_status, 43853.09, 'SEK', 1.0, 43853.09, 90, '2025-09-17', '2025-08-21', '00010002-0000-0000-0000-000000000004', '00010002-0000-0000-0000-000000000001')
ON CONFLICT DO NOTHING;
INSERT INTO deals (id, org_id, company_id, contact_id, title, status, amount, currency, exchange_rate, reporting_amount, probability, expected_close, closed_at, assigned_to, created_by)
VALUES ('00010006-0000-0000-0000-000000000009', '00010001-0000-0000-0000-000000000001', '00010003-0000-0000-0000-000000000010', '00010004-0000-0000-0000-000000000005', 'Midsommarkräftskiva 30 pers #9', 'NEGOTIATION'::deal_status, 57242.21, 'SEK', 1.0, 57242.21, 31, '2025-11-16', NULL, '00010002-0000-0000-0000-000000000008', '00010002-0000-0000-0000-000000000001')
ON CONFLICT DO NOTHING;
INSERT INTO deals (id, org_id, company_id, contact_id, title, status, amount, currency, exchange_rate, reporting_amount, probability, expected_close, closed_at, assigned_to, created_by)
VALUES ('00010006-0000-0000-0000-00000000000a', '00010001-0000-0000-0000-000000000001', '00010003-0000-0000-0000-000000000006', '00010004-0000-0000-0000-000000000010', 'Afterwork-paket månadsvis #10', 'LOST'::deal_status, 42166.31, 'SEK', 1.0, 42166.31, 10, '2025-12-03', '2025-12-02', '00010002-0000-0000-0000-000000000003', '00010002-0000-0000-0000-000000000001')
ON CONFLICT DO NOTHING;
INSERT INTO deals (id, org_id, company_id, contact_id, title, status, amount, currency, exchange_rate, reporting_amount, probability, expected_close, closed_at, assigned_to, created_by)
VALUES ('00010006-0000-0000-0000-00000000000b', '00010001-0000-0000-0000-000000000001', '00010003-0000-0000-0000-00000000000b', '00010004-0000-0000-0000-000000000019', 'Företagslunch Spotify AB #11', 'OFFER'::deal_status, 114651.66, 'SEK', 1.0, 114651.66, 75, '2025-10-07', NULL, '00010002-0000-0000-0000-000000000001', '00010002-0000-0000-0000-000000000001')
ON CONFLICT DO NOTHING;
INSERT INTO deals (id, org_id, company_id, contact_id, title, status, amount, currency, exchange_rate, reporting_amount, probability, expected_close, closed_at, assigned_to, created_by)
VALUES ('00010006-0000-0000-0000-00000000000c', '00010001-0000-0000-0000-000000000001', '00010003-0000-0000-0000-00000000001c', '00010004-0000-0000-0000-000000000020', 'Bröllopsmiddag – familjen Lindqvist #12', 'OFFER'::deal_status, 189558.33, 'SEK', 1.0, 189558.33, 70, '2025-12-31', NULL, '00010002-0000-0000-0000-000000000003', '00010002-0000-0000-0000-000000000001')
ON CONFLICT DO NOTHING;
INSERT INTO deals (id, org_id, company_id, contact_id, title, status, amount, currency, exchange_rate, reporting_amount, probability, expected_close, closed_at, assigned_to, created_by)
VALUES ('00010006-0000-0000-0000-00000000000d', '00010001-0000-0000-0000-000000000001', '00010003-0000-0000-0000-000000000015', '00010004-0000-0000-0000-000000000004', 'Julbord konferens 50 pers #13', 'QUALIFIED'::deal_status, 70286.21, 'SEK', 1.0, 70286.21, 23, '2025-12-29', NULL, '00010002-0000-0000-0000-000000000001', '00010002-0000-0000-0000-000000000001')
ON CONFLICT DO NOTHING;
INSERT INTO deals (id, org_id, company_id, contact_id, title, status, amount, currency, exchange_rate, reporting_amount, probability, expected_close, closed_at, assigned_to, created_by)
VALUES ('00010006-0000-0000-0000-00000000000e', '00010001-0000-0000-0000-000000000001', '00010003-0000-0000-0000-000000000004', '00010004-0000-0000-0000-000000000021', 'Cateringtjänst stadshuset #14', 'NEGOTIATION'::deal_status, 118268.09, 'SEK', 1.0, 118268.09, 74, '2025-12-17', NULL, '00010002-0000-0000-0000-000000000002', '00010002-0000-0000-0000-000000000001')
ON CONFLICT DO NOTHING;
INSERT INTO deals (id, org_id, company_id, contact_id, title, status, amount, currency, exchange_rate, reporting_amount, probability, expected_close, closed_at, assigned_to, created_by)
VALUES ('00010006-0000-0000-0000-00000000000f', '00010001-0000-0000-0000-000000000001', '00010003-0000-0000-0000-00000000001a', '00010004-0000-0000-0000-000000000008', 'Privat middag – 20 pers #15', 'LOST'::deal_status, 45183.88, 'SEK', 1.0, 45183.88, 10, '2025-08-02', '2025-04-04', '00010002-0000-0000-0000-000000000004', '00010002-0000-0000-0000-000000000001')
ON CONFLICT DO NOTHING;
INSERT INTO deals (id, org_id, company_id, contact_id, title, status, amount, currency, exchange_rate, reporting_amount, probability, expected_close, closed_at, assigned_to, created_by)
VALUES ('00010006-0000-0000-0000-000000000010', '00010001-0000-0000-0000-000000000001', '00010003-0000-0000-0000-000000000022', '00010004-0000-0000-0000-000000000015', 'Onsdagsbuffé-avtal Accenture #16', 'NEGOTIATION'::deal_status, 137876.7, 'SEK', 1.0, 137876.7, 46, '2026-02-18', NULL, '00010002-0000-0000-0000-000000000005', '00010002-0000-0000-0000-000000000001')
ON CONFLICT DO NOTHING;
INSERT INTO deals (id, org_id, company_id, contact_id, title, status, amount, currency, exchange_rate, reporting_amount, probability, expected_close, closed_at, assigned_to, created_by)
VALUES ('00010006-0000-0000-0000-000000000011', '00010001-0000-0000-0000-000000000001', '00010003-0000-0000-0000-00000000001e', '00010004-0000-0000-0000-000000000015', 'Sommarfest BRF Solbacken #17', 'QUALIFIED'::deal_status, 73817.35, 'SEK', 1.0, 73817.35, 45, '2025-10-07', NULL, '00010002-0000-0000-0000-000000000002', '00010002-0000-0000-0000-000000000001')
ON CONFLICT DO NOTHING;
INSERT INTO deals (id, org_id, company_id, contact_id, title, status, amount, currency, exchange_rate, reporting_amount, probability, expected_close, closed_at, assigned_to, created_by)
VALUES ('00010006-0000-0000-0000-000000000012', '00010001-0000-0000-0000-000000000001', '00010003-0000-0000-0000-000000000023', '00010004-0000-0000-0000-00000000000e', 'Personalfest Ericsson 80 pers #18', 'NEW'::deal_status, 138175.84, 'SEK', 1.0, 138175.84, 56, '2025-05-28', NULL, '00010002-0000-0000-0000-000000000005', '00010002-0000-0000-0000-000000000001')
ON CONFLICT DO NOTHING;
INSERT INTO deals (id, org_id, company_id, contact_id, title, status, amount, currency, exchange_rate, reporting_amount, probability, expected_close, closed_at, assigned_to, created_by)
VALUES ('00010006-0000-0000-0000-000000000013', '00010001-0000-0000-0000-000000000001', '00010003-0000-0000-0000-000000000013', '00010004-0000-0000-0000-00000000000b', 'Midsommarkräftskiva 30 pers #19', 'QUALIFIED'::deal_status, 181876.18, 'SEK', 1.0, 181876.18, 76, '2025-10-06', NULL, '00010002-0000-0000-0000-000000000008', '00010002-0000-0000-0000-000000000001')
ON CONFLICT DO NOTHING;
INSERT INTO deals (id, org_id, company_id, contact_id, title, status, amount, currency, exchange_rate, reporting_amount, probability, expected_close, closed_at, assigned_to, created_by)
VALUES ('00010006-0000-0000-0000-000000000014', '00010001-0000-0000-0000-000000000001', '00010003-0000-0000-0000-000000000001', '00010004-0000-0000-0000-000000000014', 'Afterwork-paket månadsvis #20', 'LOST'::deal_status, 136580.39, 'SEK', 1.0, 136580.39, 10, '2026-02-14', '2026-01-29', '00010002-0000-0000-0000-000000000002', '00010002-0000-0000-0000-000000000001')
ON CONFLICT DO NOTHING;
INSERT INTO deals (id, org_id, company_id, contact_id, title, status, amount, currency, exchange_rate, reporting_amount, probability, expected_close, closed_at, assigned_to, created_by)
VALUES ('00010006-0000-0000-0000-000000000015', '00010001-0000-0000-0000-000000000001', '00010003-0000-0000-0000-000000000012', '00010004-0000-0000-0000-000000000013', 'Företagslunch Spotify AB #21', 'QUALIFIED'::deal_status, 53076.94, 'SEK', 1.0, 53076.94, 26, '2025-12-28', NULL, '00010002-0000-0000-0000-000000000004', '00010002-0000-0000-0000-000000000001')
ON CONFLICT DO NOTHING;
INSERT INTO deals (id, org_id, company_id, contact_id, title, status, amount, currency, exchange_rate, reporting_amount, probability, expected_close, closed_at, assigned_to, created_by)
VALUES ('00010006-0000-0000-0000-000000000016', '00010001-0000-0000-0000-000000000001', '00010003-0000-0000-0000-000000000021', '00010004-0000-0000-0000-000000000020', 'Bröllopsmiddag – familjen Lindqvist #22', 'WON'::deal_status, 67913.01, 'SEK', 1.0, 67913.01, 90, '2026-02-04', '2026-01-19', '00010002-0000-0000-0000-000000000005', '00010002-0000-0000-0000-000000000001')
ON CONFLICT DO NOTHING;
INSERT INTO deals (id, org_id, company_id, contact_id, title, status, amount, currency, exchange_rate, reporting_amount, probability, expected_close, closed_at, assigned_to, created_by)
VALUES ('00010006-0000-0000-0000-000000000017', '00010001-0000-0000-0000-000000000001', '00010003-0000-0000-0000-000000000003', '00010004-0000-0000-0000-000000000001', 'Julbord konferens 50 pers #23', 'LOST'::deal_status, 49184.84, 'SEK', 1.0, 49184.84, 10, '2025-12-12', '2025-10-03', '00010002-0000-0000-0000-000000000006', '00010002-0000-0000-0000-000000000001')
ON CONFLICT DO NOTHING;
INSERT INTO deals (id, org_id, company_id, contact_id, title, status, amount, currency, exchange_rate, reporting_amount, probability, expected_close, closed_at, assigned_to, created_by)
VALUES ('00010006-0000-0000-0000-000000000018', '00010001-0000-0000-0000-000000000001', '00010003-0000-0000-0000-00000000001d', '00010004-0000-0000-0000-00000000001c', 'Cateringtjänst stadshuset #24', 'LOST'::deal_status, 140860.42, 'SEK', 1.0, 140860.42, 10, '2025-08-23', '2025-07-13', '00010002-0000-0000-0000-000000000001', '00010002-0000-0000-0000-000000000001')
ON CONFLICT DO NOTHING;
INSERT INTO deals (id, org_id, company_id, contact_id, title, status, amount, currency, exchange_rate, reporting_amount, probability, expected_close, closed_at, assigned_to, created_by)
VALUES ('00010006-0000-0000-0000-000000000019', '00010001-0000-0000-0000-000000000001', '00010003-0000-0000-0000-000000000003', '00010004-0000-0000-0000-000000000018', 'Privat middag – 20 pers #25', 'NEW'::deal_status, 192676.84, 'SEK', 1.0, 192676.84, 64, '2026-02-19', NULL, '00010002-0000-0000-0000-000000000003', '00010002-0000-0000-0000-000000000001')
ON CONFLICT DO NOTHING;
INSERT INTO deals (id, org_id, company_id, contact_id, title, status, amount, currency, exchange_rate, reporting_amount, probability, expected_close, closed_at, assigned_to, created_by)
VALUES ('00010006-0000-0000-0000-00000000001a', '00010001-0000-0000-0000-000000000001', '00010003-0000-0000-0000-00000000000e', '00010004-0000-0000-0000-000000000010', 'Onsdagsbuffé-avtal Accenture #26', 'OFFER'::deal_status, 40692.36, 'SEK', 1.0, 40692.36, 43, '2025-09-20', NULL, '00010002-0000-0000-0000-000000000002', '00010002-0000-0000-0000-000000000001')
ON CONFLICT DO NOTHING;
INSERT INTO deals (id, org_id, company_id, contact_id, title, status, amount, currency, exchange_rate, reporting_amount, probability, expected_close, closed_at, assigned_to, created_by)
VALUES ('00010006-0000-0000-0000-00000000001b', '00010001-0000-0000-0000-000000000001', '00010003-0000-0000-0000-00000000000b', '00010004-0000-0000-0000-00000000000c', 'Sommarfest BRF Solbacken #27', 'DEMO'::deal_status, 197520.65, 'SEK', 1.0, 197520.65, 67, '2025-09-17', NULL, '00010002-0000-0000-0000-000000000007', '00010002-0000-0000-0000-000000000001')
ON CONFLICT DO NOTHING;
INSERT INTO deals (id, org_id, company_id, contact_id, title, status, amount, currency, exchange_rate, reporting_amount, probability, expected_close, closed_at, assigned_to, created_by)
VALUES ('00010006-0000-0000-0000-00000000001c', '00010001-0000-0000-0000-000000000001', '00010003-0000-0000-0000-000000000012', '00010004-0000-0000-0000-00000000000b', 'Personalfest Ericsson 80 pers #28', 'NEW'::deal_status, 157594.98, 'SEK', 1.0, 157594.98, 41, '2025-11-29', NULL, '00010002-0000-0000-0000-000000000002', '00010002-0000-0000-0000-000000000001')
ON CONFLICT DO NOTHING;
INSERT INTO deals (id, org_id, company_id, contact_id, title, status, amount, currency, exchange_rate, reporting_amount, probability, expected_close, closed_at, assigned_to, created_by)
VALUES ('00010006-0000-0000-0000-00000000001d', '00010001-0000-0000-0000-000000000001', '00010003-0000-0000-0000-000000000017', '00010004-0000-0000-0000-000000000014', 'Midsommarkräftskiva 30 pers #29', 'OFFER'::deal_status, 178128.67, 'SEK', 1.0, 178128.67, 34, '2026-02-01', NULL, '00010002-0000-0000-0000-000000000004', '00010002-0000-0000-0000-000000000001')
ON CONFLICT DO NOTHING;
INSERT INTO deals (id, org_id, company_id, contact_id, title, status, amount, currency, exchange_rate, reporting_amount, probability, expected_close, closed_at, assigned_to, created_by)
VALUES ('00010006-0000-0000-0000-00000000001e', '00010001-0000-0000-0000-000000000001', '00010003-0000-0000-0000-000000000005', '00010004-0000-0000-0000-000000000012', 'Afterwork-paket månadsvis #30', 'QUALIFIED'::deal_status, 144717.12, 'SEK', 1.0, 144717.12, 45, '2025-10-26', NULL, '00010002-0000-0000-0000-000000000006', '00010002-0000-0000-0000-000000000001')
ON CONFLICT DO NOTHING;
INSERT INTO deals (id, org_id, company_id, contact_id, title, status, amount, currency, exchange_rate, reporting_amount, probability, expected_close, closed_at, assigned_to, created_by)
VALUES ('00010006-0000-0000-0000-00000000001f', '00010001-0000-0000-0000-000000000001', '00010003-0000-0000-0000-000000000002', '00010004-0000-0000-0000-000000000008', 'Företagslunch Spotify AB #31', 'WON'::deal_status, 147995.84, 'SEK', 1.0, 147995.84, 90, '2026-01-11', '2025-11-30', '00010002-0000-0000-0000-000000000005', '00010002-0000-0000-0000-000000000001')
ON CONFLICT DO NOTHING;
INSERT INTO deals (id, org_id, company_id, contact_id, title, status, amount, currency, exchange_rate, reporting_amount, probability, expected_close, closed_at, assigned_to, created_by)
VALUES ('00010006-0000-0000-0000-000000000020', '00010001-0000-0000-0000-000000000001', '00010003-0000-0000-0000-000000000015', '00010004-0000-0000-0000-00000000001c', 'Bröllopsmiddag – familjen Lindqvist #32', 'QUALIFIED'::deal_status, 40091.36, 'SEK', 1.0, 40091.36, 58, '2026-01-05', NULL, '00010002-0000-0000-0000-000000000002', '00010002-0000-0000-0000-000000000001')
ON CONFLICT DO NOTHING;
INSERT INTO deals (id, org_id, company_id, contact_id, title, status, amount, currency, exchange_rate, reporting_amount, probability, expected_close, closed_at, assigned_to, created_by)
VALUES ('00010006-0000-0000-0000-000000000021', '00010001-0000-0000-0000-000000000001', '00010003-0000-0000-0000-000000000022', '00010004-0000-0000-0000-000000000023', 'Julbord konferens 50 pers #33', 'OFFER'::deal_status, 76515.81, 'SEK', 1.0, 76515.81, 65, '2025-10-10', NULL, '00010002-0000-0000-0000-000000000004', '00010002-0000-0000-0000-000000000001')
ON CONFLICT DO NOTHING;
INSERT INTO deals (id, org_id, company_id, contact_id, title, status, amount, currency, exchange_rate, reporting_amount, probability, expected_close, closed_at, assigned_to, created_by)
VALUES ('00010006-0000-0000-0000-000000000022', '00010001-0000-0000-0000-000000000001', '00010003-0000-0000-0000-000000000015', '00010004-0000-0000-0000-000000000008', 'Cateringtjänst stadshuset #34', 'DEMO'::deal_status, 45428.29, 'SEK', 1.0, 45428.29, 62, '2026-01-23', NULL, '00010002-0000-0000-0000-000000000005', '00010002-0000-0000-0000-000000000001')
ON CONFLICT DO NOTHING;
INSERT INTO deals (id, org_id, company_id, contact_id, title, status, amount, currency, exchange_rate, reporting_amount, probability, expected_close, closed_at, assigned_to, created_by)
VALUES ('00010006-0000-0000-0000-000000000023', '00010001-0000-0000-0000-000000000001', '00010003-0000-0000-0000-000000000009', '00010004-0000-0000-0000-00000000000d', 'Privat middag – 20 pers #35', 'NEGOTIATION'::deal_status, 145871.4, 'SEK', 1.0, 145871.4, 40, '2025-12-07', NULL, '00010002-0000-0000-0000-000000000007', '00010002-0000-0000-0000-000000000001')
ON CONFLICT DO NOTHING;
INSERT INTO deals (id, org_id, company_id, contact_id, title, status, amount, currency, exchange_rate, reporting_amount, probability, expected_close, closed_at, assigned_to, created_by)
VALUES ('00010006-0000-0000-0000-000000000024', '00010001-0000-0000-0000-000000000001', '00010003-0000-0000-0000-00000000001a', '00010004-0000-0000-0000-000000000001', 'Onsdagsbuffé-avtal Accenture #36', 'WON'::deal_status, 147625.62, 'SEK', 1.0, 147625.62, 90, '2025-10-30', '2025-05-29', '00010002-0000-0000-0000-000000000005', '00010002-0000-0000-0000-000000000001')
ON CONFLICT DO NOTHING;
INSERT INTO deals (id, org_id, company_id, contact_id, title, status, amount, currency, exchange_rate, reporting_amount, probability, expected_close, closed_at, assigned_to, created_by)
VALUES ('00010006-0000-0000-0000-000000000025', '00010001-0000-0000-0000-000000000001', '00010003-0000-0000-0000-000000000015', '00010004-0000-0000-0000-00000000001e', 'Sommarfest BRF Solbacken #37', 'DEMO'::deal_status, 105990.79, 'SEK', 1.0, 105990.79, 57, '2026-02-15', NULL, '00010002-0000-0000-0000-000000000008', '00010002-0000-0000-0000-000000000001')
ON CONFLICT DO NOTHING;
INSERT INTO deals (id, org_id, company_id, contact_id, title, status, amount, currency, exchange_rate, reporting_amount, probability, expected_close, closed_at, assigned_to, created_by)
VALUES ('00010006-0000-0000-0000-000000000026', '00010001-0000-0000-0000-000000000001', '00010003-0000-0000-0000-000000000013', '00010004-0000-0000-0000-000000000021', 'Personalfest Ericsson 80 pers #38', 'OFFER'::deal_status, 119668.7, 'SEK', 1.0, 119668.7, 70, '2025-07-08', NULL, '00010002-0000-0000-0000-000000000006', '00010002-0000-0000-0000-000000000001')
ON CONFLICT DO NOTHING;
INSERT INTO deals (id, org_id, company_id, contact_id, title, status, amount, currency, exchange_rate, reporting_amount, probability, expected_close, closed_at, assigned_to, created_by)
VALUES ('00010006-0000-0000-0000-000000000027', '00010001-0000-0000-0000-000000000001', '00010003-0000-0000-0000-000000000002', '00010004-0000-0000-0000-000000000003', 'Midsommarkräftskiva 30 pers #39', 'NEW'::deal_status, 146864.66, 'SEK', 1.0, 146864.66, 34, '2025-08-24', NULL, '00010002-0000-0000-0000-000000000004', '00010002-0000-0000-0000-000000000001')
ON CONFLICT DO NOTHING;
INSERT INTO deals (id, org_id, company_id, contact_id, title, status, amount, currency, exchange_rate, reporting_amount, probability, expected_close, closed_at, assigned_to, created_by)
VALUES ('00010006-0000-0000-0000-000000000028', '00010001-0000-0000-0000-000000000001', '00010003-0000-0000-0000-00000000000d', '00010004-0000-0000-0000-000000000019', 'Afterwork-paket månadsvis #40', 'OFFER'::deal_status, 110286.37, 'SEK', 1.0, 110286.37, 76, '2026-02-22', NULL, '00010002-0000-0000-0000-000000000008', '00010002-0000-0000-0000-000000000001')
ON CONFLICT DO NOTHING;
INSERT INTO deals (id, org_id, company_id, contact_id, title, status, amount, currency, exchange_rate, reporting_amount, probability, expected_close, closed_at, assigned_to, created_by)
VALUES ('00010006-0000-0000-0000-000000000029', '00010001-0000-0000-0000-000000000001', '00010003-0000-0000-0000-00000000001c', '00010004-0000-0000-0000-00000000000f', 'Företagslunch Spotify AB #41', 'OFFER'::deal_status, 58485.56, 'SEK', 1.0, 58485.56, 64, '2025-04-26', NULL, '00010002-0000-0000-0000-000000000003', '00010002-0000-0000-0000-000000000001')
ON CONFLICT DO NOTHING;
INSERT INTO deals (id, org_id, company_id, contact_id, title, status, amount, currency, exchange_rate, reporting_amount, probability, expected_close, closed_at, assigned_to, created_by)
VALUES ('00010006-0000-0000-0000-00000000002a', '00010001-0000-0000-0000-000000000001', '00010003-0000-0000-0000-000000000008', '00010004-0000-0000-0000-00000000001e', 'Bröllopsmiddag – familjen Lindqvist #42', 'LOST'::deal_status, 42104.06, 'SEK', 1.0, 42104.06, 10, '2026-02-25', '2025-07-06', '00010002-0000-0000-0000-000000000003', '00010002-0000-0000-0000-000000000001')
ON CONFLICT DO NOTHING;
INSERT INTO deals (id, org_id, company_id, contact_id, title, status, amount, currency, exchange_rate, reporting_amount, probability, expected_close, closed_at, assigned_to, created_by)
VALUES ('00010006-0000-0000-0000-00000000002b', '00010001-0000-0000-0000-000000000001', '00010003-0000-0000-0000-000000000015', '00010004-0000-0000-0000-00000000001d', 'Julbord konferens 50 pers #43', 'LOST'::deal_status, 145986.64, 'SEK', 1.0, 145986.64, 10, '2026-02-26', '2025-12-12', '00010002-0000-0000-0000-000000000007', '00010002-0000-0000-0000-000000000001')
ON CONFLICT DO NOTHING;
INSERT INTO deals (id, org_id, company_id, contact_id, title, status, amount, currency, exchange_rate, reporting_amount, probability, expected_close, closed_at, assigned_to, created_by)
VALUES ('00010006-0000-0000-0000-00000000002c', '00010001-0000-0000-0000-000000000001', '00010003-0000-0000-0000-000000000011', '00010004-0000-0000-0000-000000000010', 'Cateringtjänst stadshuset #44', 'LOST'::deal_status, 184626.36, 'SEK', 1.0, 184626.36, 10, '2025-12-26', '2025-10-30', '00010002-0000-0000-0000-000000000005', '00010002-0000-0000-0000-000000000001')
ON CONFLICT DO NOTHING;
INSERT INTO deals (id, org_id, company_id, contact_id, title, status, amount, currency, exchange_rate, reporting_amount, probability, expected_close, closed_at, assigned_to, created_by)
VALUES ('00010006-0000-0000-0000-00000000002d', '00010001-0000-0000-0000-000000000001', '00010003-0000-0000-0000-000000000005', '00010004-0000-0000-0000-000000000013', 'Privat middag – 20 pers #45', 'LOST'::deal_status, 139116.32, 'SEK', 1.0, 139116.32, 10, '2025-11-08', '2025-07-19', '00010002-0000-0000-0000-000000000004', '00010002-0000-0000-0000-000000000001')
ON CONFLICT DO NOTHING;
INSERT INTO deals (id, org_id, company_id, contact_id, title, status, amount, currency, exchange_rate, reporting_amount, probability, expected_close, closed_at, assigned_to, created_by)
VALUES ('00010006-0000-0000-0000-00000000002e', '00010001-0000-0000-0000-000000000001', '00010003-0000-0000-0000-00000000000a', '00010004-0000-0000-0000-00000000000f', 'Onsdagsbuffé-avtal Accenture #46', 'DEMO'::deal_status, 87451.13, 'SEK', 1.0, 87451.13, 54, '2025-06-20', NULL, '00010002-0000-0000-0000-000000000007', '00010002-0000-0000-0000-000000000001')
ON CONFLICT DO NOTHING;
INSERT INTO deals (id, org_id, company_id, contact_id, title, status, amount, currency, exchange_rate, reporting_amount, probability, expected_close, closed_at, assigned_to, created_by)
VALUES ('00010006-0000-0000-0000-00000000002f', '00010001-0000-0000-0000-000000000001', '00010003-0000-0000-0000-00000000001b', '00010004-0000-0000-0000-000000000016', 'Sommarfest BRF Solbacken #47', 'WON'::deal_status, 152522.45, 'SEK', 1.0, 152522.45, 90, '2025-10-31', '2025-04-02', '00010002-0000-0000-0000-000000000008', '00010002-0000-0000-0000-000000000001')
ON CONFLICT DO NOTHING;
INSERT INTO deals (id, org_id, company_id, contact_id, title, status, amount, currency, exchange_rate, reporting_amount, probability, expected_close, closed_at, assigned_to, created_by)
VALUES ('00010006-0000-0000-0000-000000000030', '00010001-0000-0000-0000-000000000001', '00010003-0000-0000-0000-000000000002', '00010004-0000-0000-0000-000000000019', 'Personalfest Ericsson 80 pers #48', 'OFFER'::deal_status, 68457.71, 'SEK', 1.0, 68457.71, 46, '2026-02-12', NULL, '00010002-0000-0000-0000-000000000008', '00010002-0000-0000-0000-000000000001')
ON CONFLICT DO NOTHING;
INSERT INTO deals (id, org_id, company_id, contact_id, title, status, amount, currency, exchange_rate, reporting_amount, probability, expected_close, closed_at, assigned_to, created_by)
VALUES ('00010006-0000-0000-0000-000000000031', '00010001-0000-0000-0000-000000000001', '00010003-0000-0000-0000-000000000023', '00010004-0000-0000-0000-00000000000f', 'Midsommarkräftskiva 30 pers #49', 'NEW'::deal_status, 83901.17, 'SEK', 1.0, 83901.17, 44, '2026-02-15', NULL, '00010002-0000-0000-0000-000000000008', '00010002-0000-0000-0000-000000000001')
ON CONFLICT DO NOTHING;
INSERT INTO deals (id, org_id, company_id, contact_id, title, status, amount, currency, exchange_rate, reporting_amount, probability, expected_close, closed_at, assigned_to, created_by)
VALUES ('00010006-0000-0000-0000-000000000032', '00010001-0000-0000-0000-000000000001', '00010003-0000-0000-0000-00000000001a', '00010004-0000-0000-0000-00000000000b', 'Afterwork-paket månadsvis #50', 'QUALIFIED'::deal_status, 106991.63, 'SEK', 1.0, 106991.63, 21, '2025-12-11', NULL, '00010002-0000-0000-0000-000000000008', '00010002-0000-0000-0000-000000000001')
ON CONFLICT DO NOTHING;
INSERT INTO deals (id, org_id, company_id, contact_id, title, status, amount, currency, exchange_rate, reporting_amount, probability, expected_close, closed_at, assigned_to, created_by)
VALUES ('00010006-0000-0000-0000-000000000033', '00010001-0000-0000-0000-000000000001', '00010003-0000-0000-0000-000000000006', '00010004-0000-0000-0000-00000000001c', 'Företagslunch Spotify AB #51', 'QUALIFIED'::deal_status, 186262.07, 'SEK', 1.0, 186262.07, 57, '2025-12-17', NULL, '00010002-0000-0000-0000-000000000003', '00010002-0000-0000-0000-000000000001')
ON CONFLICT DO NOTHING;
INSERT INTO deals (id, org_id, company_id, contact_id, title, status, amount, currency, exchange_rate, reporting_amount, probability, expected_close, closed_at, assigned_to, created_by)
VALUES ('00010006-0000-0000-0000-000000000034', '00010001-0000-0000-0000-000000000001', '00010003-0000-0000-0000-000000000015', '00010004-0000-0000-0000-00000000000e', 'Bröllopsmiddag – familjen Lindqvist #52', 'LOST'::deal_status, 64233.25, 'SEK', 1.0, 64233.25, 10, '2025-10-17', '2025-07-12', '00010002-0000-0000-0000-000000000008', '00010002-0000-0000-0000-000000000001')
ON CONFLICT DO NOTHING;
INSERT INTO deals (id, org_id, company_id, contact_id, title, status, amount, currency, exchange_rate, reporting_amount, probability, expected_close, closed_at, assigned_to, created_by)
VALUES ('00010006-0000-0000-0000-000000000035', '00010001-0000-0000-0000-000000000001', '00010003-0000-0000-0000-00000000001b', '00010004-0000-0000-0000-000000000011', 'Julbord konferens 50 pers #53', 'DEMO'::deal_status, 161745.38, 'SEK', 1.0, 161745.38, 44, '2026-01-29', NULL, '00010002-0000-0000-0000-000000000002', '00010002-0000-0000-0000-000000000001')
ON CONFLICT DO NOTHING;
INSERT INTO deals (id, org_id, company_id, contact_id, title, status, amount, currency, exchange_rate, reporting_amount, probability, expected_close, closed_at, assigned_to, created_by)
VALUES ('00010006-0000-0000-0000-000000000036', '00010001-0000-0000-0000-000000000001', '00010003-0000-0000-0000-000000000005', '00010004-0000-0000-0000-000000000003', 'Cateringtjänst stadshuset #54', 'OFFER'::deal_status, 159691.58, 'SEK', 1.0, 159691.58, 23, '2025-10-23', NULL, '00010002-0000-0000-0000-000000000001', '00010002-0000-0000-0000-000000000001')
ON CONFLICT DO NOTHING;
INSERT INTO deals (id, org_id, company_id, contact_id, title, status, amount, currency, exchange_rate, reporting_amount, probability, expected_close, closed_at, assigned_to, created_by)
VALUES ('00010006-0000-0000-0000-000000000037', '00010001-0000-0000-0000-000000000001', '00010003-0000-0000-0000-000000000009', '00010004-0000-0000-0000-00000000001f', 'Privat middag – 20 pers #55', 'QUALIFIED'::deal_status, 174870.24, 'SEK', 1.0, 174870.24, 59, '2025-09-17', NULL, '00010002-0000-0000-0000-000000000002', '00010002-0000-0000-0000-000000000001')
ON CONFLICT DO NOTHING;

INSERT INTO tasks (id, org_id, title, status, priority, due_date, completed_at, deal_id, assigned_to, created_by)
VALUES ('00010007-0000-0000-0000-000000000001', '00010001-0000-0000-0000-000000000001', 'Förbered kvartalsrapport #1', 'BLOCKED'::task_status, 2, '2025-10-25', NULL, '00010006-0000-0000-0000-000000000032', '00010002-0000-0000-0000-000000000006', '00010002-0000-0000-0000-000000000001')
ON CONFLICT DO NOTHING;
INSERT INTO tasks (id, org_id, title, status, priority, due_date, completed_at, deal_id, assigned_to, created_by)
VALUES ('00010007-0000-0000-0000-000000000002', '00010001-0000-0000-0000-000000000001', 'Kundmöte bokas #2', 'IN_PROGRESS'::task_status, 5, '2026-01-05', NULL, '00010006-0000-0000-0000-00000000002e', '00010002-0000-0000-0000-000000000002', '00010002-0000-0000-0000-000000000001')
ON CONFLICT DO NOTHING;
INSERT INTO tasks (id, org_id, title, status, priority, due_date, completed_at, deal_id, assigned_to, created_by)
VALUES ('00010007-0000-0000-0000-000000000003', '00010001-0000-0000-0000-000000000001', 'Kontrollera lager #3', 'IN_PROGRESS'::task_status, 3, '2025-04-25', NULL, '00010006-0000-0000-0000-000000000014', '00010002-0000-0000-0000-000000000007', '00010002-0000-0000-0000-000000000001')
ON CONFLICT DO NOTHING;
INSERT INTO tasks (id, org_id, title, status, priority, due_date, completed_at, deal_id, assigned_to, created_by)
VALUES ('00010007-0000-0000-0000-000000000004', '00010001-0000-0000-0000-000000000001', 'Uppdatera rutinbeskrivning #4', 'DONE'::task_status, 2, '2025-04-08', '2025-04-08', '00010006-0000-0000-0000-000000000036', '00010002-0000-0000-0000-000000000004', '00010002-0000-0000-0000-000000000001')
ON CONFLICT DO NOTHING;
INSERT INTO tasks (id, org_id, title, status, priority, due_date, completed_at, deal_id, assigned_to, created_by)
VALUES ('00010007-0000-0000-0000-000000000005', '00010001-0000-0000-0000-000000000001', 'Följ upp offert #5', 'TODO'::task_status, 3, '2026-02-14', NULL, '00010006-0000-0000-0000-000000000008', '00010002-0000-0000-0000-000000000001', '00010002-0000-0000-0000-000000000001')
ON CONFLICT DO NOTHING;
INSERT INTO tasks (id, org_id, title, status, priority, due_date, completed_at, deal_id, assigned_to, created_by)
VALUES ('00010007-0000-0000-0000-000000000006', '00010001-0000-0000-0000-000000000001', 'Skicka faktura #6', 'REVIEW'::task_status, 5, '2025-10-06', NULL, '00010006-0000-0000-0000-000000000005', '00010002-0000-0000-0000-000000000006', '00010002-0000-0000-0000-000000000001')
ON CONFLICT DO NOTHING;
INSERT INTO tasks (id, org_id, title, status, priority, due_date, completed_at, deal_id, assigned_to, created_by)
VALUES ('00010007-0000-0000-0000-000000000007', '00010001-0000-0000-0000-000000000001', 'Boka service #7', 'TODO'::task_status, 4, '2025-11-06', NULL, NULL, '00010002-0000-0000-0000-000000000006', '00010002-0000-0000-0000-000000000001')
ON CONFLICT DO NOTHING;
INSERT INTO tasks (id, org_id, title, status, priority, due_date, completed_at, deal_id, assigned_to, created_by)
VALUES ('00010007-0000-0000-0000-000000000008', '00010001-0000-0000-0000-000000000001', 'Genomför riskbedömning #8', 'DONE'::task_status, 2, '2025-10-09', '2025-10-09', NULL, '00010002-0000-0000-0000-000000000005', '00010002-0000-0000-0000-000000000001')
ON CONFLICT DO NOTHING;
INSERT INTO tasks (id, org_id, title, status, priority, due_date, completed_at, deal_id, assigned_to, created_by)
VALUES ('00010007-0000-0000-0000-000000000009', '00010001-0000-0000-0000-000000000001', 'Planera personalsamtal #9', 'BLOCKED'::task_status, 5, '2025-11-03', NULL, NULL, '00010002-0000-0000-0000-000000000005', '00010002-0000-0000-0000-000000000001')
ON CONFLICT DO NOTHING;
INSERT INTO tasks (id, org_id, title, status, priority, due_date, completed_at, deal_id, assigned_to, created_by)
VALUES ('00010007-0000-0000-0000-00000000000a', '00010001-0000-0000-0000-000000000001', 'Uppdatera process-dokumentation #10', 'REVIEW'::task_status, 2, '2025-04-14', NULL, NULL, '00010002-0000-0000-0000-000000000008', '00010002-0000-0000-0000-000000000001')
ON CONFLICT DO NOTHING;
INSERT INTO tasks (id, org_id, title, status, priority, due_date, completed_at, deal_id, assigned_to, created_by)
VALUES ('00010007-0000-0000-0000-00000000000b', '00010001-0000-0000-0000-000000000001', 'Genomför internrevision #11', 'IN_PROGRESS'::task_status, 4, '2025-12-17', NULL, '00010006-0000-0000-0000-000000000019', '00010002-0000-0000-0000-000000000006', '00010002-0000-0000-0000-000000000001')
ON CONFLICT DO NOTHING;
INSERT INTO tasks (id, org_id, title, status, priority, due_date, completed_at, deal_id, assigned_to, created_by)
VALUES ('00010007-0000-0000-0000-00000000000c', '00010001-0000-0000-0000-000000000001', 'Följ upp NC #12', 'TODO'::task_status, 4, '2025-08-14', NULL, NULL, '00010002-0000-0000-0000-000000000004', '00010002-0000-0000-0000-000000000001')
ON CONFLICT DO NOTHING;
INSERT INTO tasks (id, org_id, title, status, priority, due_date, completed_at, deal_id, assigned_to, created_by)
VALUES ('00010007-0000-0000-0000-00000000000d', '00010001-0000-0000-0000-000000000001', 'Upprätta handlingsplan #13', 'REVIEW'::task_status, 3, '2025-08-22', NULL, NULL, '00010002-0000-0000-0000-000000000005', '00010002-0000-0000-0000-000000000001')
ON CONFLICT DO NOTHING;
INSERT INTO tasks (id, org_id, title, status, priority, due_date, completed_at, deal_id, assigned_to, created_by)
VALUES ('00010007-0000-0000-0000-00000000000e', '00010001-0000-0000-0000-000000000001', 'Kontakta leverantör #14', 'BLOCKED'::task_status, 1, '2025-11-20', NULL, '00010006-0000-0000-0000-000000000006', '00010002-0000-0000-0000-000000000004', '00010002-0000-0000-0000-000000000001')
ON CONFLICT DO NOTHING;
INSERT INTO tasks (id, org_id, title, status, priority, due_date, completed_at, deal_id, assigned_to, created_by)
VALUES ('00010007-0000-0000-0000-00000000000f', '00010001-0000-0000-0000-000000000001', 'Planera veckoschema #15', 'DONE'::task_status, 4, '2025-12-10', '2025-12-10', '00010006-0000-0000-0000-00000000002d', '00010002-0000-0000-0000-000000000008', '00010002-0000-0000-0000-000000000001')
ON CONFLICT DO NOTHING;
INSERT INTO tasks (id, org_id, title, status, priority, due_date, completed_at, deal_id, assigned_to, created_by)
VALUES ('00010007-0000-0000-0000-000000000010', '00010001-0000-0000-0000-000000000001', 'Granska avtal #16', 'DONE'::task_status, 4, '2025-03-09', '2025-03-09', NULL, '00010002-0000-0000-0000-000000000004', '00010002-0000-0000-0000-000000000001')
ON CONFLICT DO NOTHING;
INSERT INTO tasks (id, org_id, title, status, priority, due_date, completed_at, deal_id, assigned_to, created_by)
VALUES ('00010007-0000-0000-0000-000000000011', '00010001-0000-0000-0000-000000000001', 'Uppdatera KPI-tavla #17', 'DONE'::task_status, 2, '2025-08-04', '2025-08-04', '00010006-0000-0000-0000-000000000018', '00010002-0000-0000-0000-000000000008', '00010002-0000-0000-0000-000000000001')
ON CONFLICT DO NOTHING;
INSERT INTO tasks (id, org_id, title, status, priority, due_date, completed_at, deal_id, assigned_to, created_by)
VALUES ('00010007-0000-0000-0000-000000000012', '00010001-0000-0000-0000-000000000001', 'Genomför kompetensbedömning #18', 'BLOCKED'::task_status, 5, '2025-08-24', NULL, NULL, '00010002-0000-0000-0000-000000000006', '00010002-0000-0000-0000-000000000001')
ON CONFLICT DO NOTHING;
INSERT INTO tasks (id, org_id, title, status, priority, due_date, completed_at, deal_id, assigned_to, created_by)
VALUES ('00010007-0000-0000-0000-000000000013', '00010001-0000-0000-0000-000000000001', 'Boka utbildning #19', 'REVIEW'::task_status, 4, '2025-07-17', NULL, NULL, '00010002-0000-0000-0000-000000000004', '00010002-0000-0000-0000-000000000001')
ON CONFLICT DO NOTHING;
INSERT INTO tasks (id, org_id, title, status, priority, due_date, completed_at, deal_id, assigned_to, created_by)
VALUES ('00010007-0000-0000-0000-000000000014', '00010001-0000-0000-0000-000000000001', 'Skicka kundenkät #20', 'TODO'::task_status, 2, '2025-08-09', NULL, NULL, '00010002-0000-0000-0000-000000000003', '00010002-0000-0000-0000-000000000001')
ON CONFLICT DO NOTHING;
INSERT INTO tasks (id, org_id, title, status, priority, due_date, completed_at, deal_id, assigned_to, created_by)
VALUES ('00010007-0000-0000-0000-000000000015', '00010001-0000-0000-0000-000000000001', 'Uppdatera riskregister #21', 'IN_PROGRESS'::task_status, 2, '2025-11-03', NULL, NULL, '00010002-0000-0000-0000-000000000005', '00010002-0000-0000-0000-000000000001')
ON CONFLICT DO NOTHING;
INSERT INTO tasks (id, org_id, title, status, priority, due_date, completed_at, deal_id, assigned_to, created_by)
VALUES ('00010007-0000-0000-0000-000000000016', '00010001-0000-0000-0000-000000000001', 'Genomför brandövning #22', 'TODO'::task_status, 2, '2025-07-30', NULL, NULL, '00010002-0000-0000-0000-000000000003', '00010002-0000-0000-0000-000000000001')
ON CONFLICT DO NOTHING;
INSERT INTO tasks (id, org_id, title, status, priority, due_date, completed_at, deal_id, assigned_to, created_by)
VALUES ('00010007-0000-0000-0000-000000000017', '00010001-0000-0000-0000-000000000001', 'Kalibrering instrument #23', 'REVIEW'::task_status, 1, '2026-02-26', NULL, '00010006-0000-0000-0000-000000000012', '00010002-0000-0000-0000-000000000001', '00010002-0000-0000-0000-000000000001')
ON CONFLICT DO NOTHING;
INSERT INTO tasks (id, org_id, title, status, priority, due_date, completed_at, deal_id, assigned_to, created_by)
VALUES ('00010007-0000-0000-0000-000000000018', '00010001-0000-0000-0000-000000000001', 'Följ upp certifiering #24', 'TODO'::task_status, 5, '2025-07-28', NULL, '00010006-0000-0000-0000-000000000009', '00010002-0000-0000-0000-000000000008', '00010002-0000-0000-0000-000000000001')
ON CONFLICT DO NOTHING;
INSERT INTO tasks (id, org_id, title, status, priority, due_date, completed_at, deal_id, assigned_to, created_by)
VALUES ('00010007-0000-0000-0000-000000000019', '00010001-0000-0000-0000-000000000001', 'Förbered kvartalsrapport #25', 'TODO'::task_status, 1, '2025-12-19', NULL, NULL, '00010002-0000-0000-0000-000000000008', '00010002-0000-0000-0000-000000000001')
ON CONFLICT DO NOTHING;

INSERT INTO invoices (id, org_id, invoice_number, company_id, amount, currency, exchange_rate, reporting_amount, tax_amount, status, issued_at, due_at, paid_at, created_by)
VALUES ('00010008-0000-0000-0000-000000000001', '00010001-0000-0000-0000-000000000001', 'INV-01-2025-03', '00010003-0000-0000-0000-000000000011', 281248.71, 'SEK', 1.0, 281248.71, 70312.18, 'PAID', '2025-03-05', '2025-03-30', '2025-03-28', '00010002-0000-0000-0000-000000000001')
ON CONFLICT (org_id, invoice_number) DO NOTHING;
INSERT INTO invoices (id, org_id, invoice_number, company_id, amount, currency, exchange_rate, reporting_amount, tax_amount, status, issued_at, due_at, paid_at, created_by)
VALUES ('00010008-0000-0000-0000-000000000002', '00010001-0000-0000-0000-000000000001', 'INV-01-2025-04', '00010003-0000-0000-0000-000000000005', 368852.8, 'SEK', 1.0, 368852.8, 92213.2, 'PAID', '2025-04-05', '2025-04-30', '2025-04-28', '00010002-0000-0000-0000-000000000001')
ON CONFLICT (org_id, invoice_number) DO NOTHING;
INSERT INTO invoices (id, org_id, invoice_number, company_id, amount, currency, exchange_rate, reporting_amount, tax_amount, status, issued_at, due_at, paid_at, created_by)
VALUES ('00010008-0000-0000-0000-000000000003', '00010001-0000-0000-0000-000000000001', 'INV-01-2025-05', '00010003-0000-0000-0000-00000000000a', 274290.47, 'SEK', 1.0, 274290.47, 68572.62, 'PAID', '2025-05-05', '2025-05-30', '2025-05-28', '00010002-0000-0000-0000-000000000001')
ON CONFLICT (org_id, invoice_number) DO NOTHING;
INSERT INTO invoices (id, org_id, invoice_number, company_id, amount, currency, exchange_rate, reporting_amount, tax_amount, status, issued_at, due_at, paid_at, created_by)
VALUES ('00010008-0000-0000-0000-000000000004', '00010001-0000-0000-0000-000000000001', 'INV-01-2025-06', '00010003-0000-0000-0000-000000000010', 230276.24, 'SEK', 1.0, 230276.24, 57569.06, 'PAID', '2025-06-05', '2025-06-30', '2025-06-28', '00010002-0000-0000-0000-000000000001')
ON CONFLICT (org_id, invoice_number) DO NOTHING;
INSERT INTO invoices (id, org_id, invoice_number, company_id, amount, currency, exchange_rate, reporting_amount, tax_amount, status, issued_at, due_at, paid_at, created_by)
VALUES ('00010008-0000-0000-0000-000000000005', '00010001-0000-0000-0000-000000000001', 'INV-01-2025-07', '00010003-0000-0000-0000-000000000022', 224895.69, 'SEK', 1.0, 224895.69, 56223.92, 'PAID', '2025-07-05', '2025-07-30', '2025-07-28', '00010002-0000-0000-0000-000000000001')
ON CONFLICT (org_id, invoice_number) DO NOTHING;
INSERT INTO invoices (id, org_id, invoice_number, company_id, amount, currency, exchange_rate, reporting_amount, tax_amount, status, issued_at, due_at, paid_at, created_by)
VALUES ('00010008-0000-0000-0000-000000000006', '00010001-0000-0000-0000-000000000001', 'INV-01-2025-08', '00010003-0000-0000-0000-00000000001c', 270732.82, 'SEK', 1.0, 270732.82, 67683.21, 'SENT', '2025-08-05', '2025-08-30', NULL, '00010002-0000-0000-0000-000000000001')
ON CONFLICT (org_id, invoice_number) DO NOTHING;
INSERT INTO invoices (id, org_id, invoice_number, company_id, amount, currency, exchange_rate, reporting_amount, tax_amount, status, issued_at, due_at, paid_at, created_by)
VALUES ('00010008-0000-0000-0000-000000000007', '00010001-0000-0000-0000-000000000001', 'INV-01-2025-09', '00010003-0000-0000-0000-00000000000e', 257608.21, 'SEK', 1.0, 257608.21, 64402.05, 'PAID', '2025-09-05', '2025-09-30', '2025-09-28', '00010002-0000-0000-0000-000000000001')
ON CONFLICT (org_id, invoice_number) DO NOTHING;
INSERT INTO invoices (id, org_id, invoice_number, company_id, amount, currency, exchange_rate, reporting_amount, tax_amount, status, issued_at, due_at, paid_at, created_by)
VALUES ('00010008-0000-0000-0000-000000000008', '00010001-0000-0000-0000-000000000001', 'INV-01-2025-10', '00010003-0000-0000-0000-00000000000b', 313631.8, 'SEK', 1.0, 313631.8, 78407.95, 'PAID', '2025-10-05', '2025-10-30', '2025-10-28', '00010002-0000-0000-0000-000000000001')
ON CONFLICT (org_id, invoice_number) DO NOTHING;
INSERT INTO invoices (id, org_id, invoice_number, company_id, amount, currency, exchange_rate, reporting_amount, tax_amount, status, issued_at, due_at, paid_at, created_by)
VALUES ('00010008-0000-0000-0000-000000000009', '00010001-0000-0000-0000-000000000001', 'INV-01-2025-11', '00010003-0000-0000-0000-000000000001', 246143.07, 'SEK', 1.0, 246143.07, 61535.77, 'PAID', '2025-11-05', '2025-11-30', '2025-11-28', '00010002-0000-0000-0000-000000000001')
ON CONFLICT (org_id, invoice_number) DO NOTHING;
INSERT INTO invoices (id, org_id, invoice_number, company_id, amount, currency, exchange_rate, reporting_amount, tax_amount, status, issued_at, due_at, paid_at, created_by)
VALUES ('00010008-0000-0000-0000-00000000000a', '00010001-0000-0000-0000-000000000001', 'INV-01-2025-12', '00010003-0000-0000-0000-000000000003', 275657.24, 'SEK', 1.0, 275657.24, 68914.31, 'SENT', '2025-12-05', '2025-12-30', NULL, '00010002-0000-0000-0000-000000000001')
ON CONFLICT (org_id, invoice_number) DO NOTHING;
INSERT INTO invoices (id, org_id, invoice_number, company_id, amount, currency, exchange_rate, reporting_amount, tax_amount, status, issued_at, due_at, paid_at, created_by)
VALUES ('00010008-0000-0000-0000-00000000000b', '00010001-0000-0000-0000-000000000001', 'INV-01-2026-01', '00010003-0000-0000-0000-000000000005', 244675.01, 'SEK', 1.0, 244675.01, 61168.75, 'OVERDUE', '2026-01-05', '2026-01-30', NULL, '00010002-0000-0000-0000-000000000001')
ON CONFLICT (org_id, invoice_number) DO NOTHING;
INSERT INTO invoices (id, org_id, invoice_number, company_id, amount, currency, exchange_rate, reporting_amount, tax_amount, status, issued_at, due_at, paid_at, created_by)
VALUES ('00010008-0000-0000-0000-00000000000c', '00010001-0000-0000-0000-000000000001', 'INV-01-2026-02', '00010003-0000-0000-0000-00000000001c', 324459.03, 'SEK', 1.0, 324459.03, 81114.76, 'PAID', '2026-02-05', '2026-02-28', '2026-02-28', '00010002-0000-0000-0000-000000000001')
ON CONFLICT (org_id, invoice_number) DO NOTHING;

INSERT INTO transactions (id, org_id, account_code, account_name, credit, currency, exchange_rate, reporting_credit, description, invoice_id, booked_at, created_by)
VALUES ('00010009-0000-0000-0000-000000000001', '00010001-0000-0000-0000-000000000001', '3000', 'Försäljningsintäkter', 257959.59, 'SEK', 1.0, 257959.59, 'Månadsomsättning 2025-03', '00010008-0000-0000-0000-00000000000b', '2025-03-15', '00010002-0000-0000-0000-000000000001')
ON CONFLICT DO NOTHING;
INSERT INTO transactions (id, org_id, account_code, account_name, debit, currency, exchange_rate, reporting_debit, description, booked_at, created_by)
VALUES ('00010009-0000-0000-0000-000000000002', '00010001-0000-0000-0000-000000000001', '4000', 'Råvaror och förnödenheter', 90285.86, 'SEK', 1.0, 90285.86, 'Leverantörskostnader 2025-03', '2025-03-10', '00010002-0000-0000-0000-000000000001')
ON CONFLICT DO NOTHING;
INSERT INTO transactions (id, org_id, account_code, account_name, debit, currency, exchange_rate, reporting_debit, description, booked_at, created_by)
VALUES ('00010009-0000-0000-0000-000000000003', '00010001-0000-0000-0000-000000000001', '7010', 'Löner tjänstemän', 240000, 'SEK', 1.0, 240000, 'Löner 2025-03', '2025-03-25', '00010002-0000-0000-0000-000000000001')
ON CONFLICT DO NOTHING;
INSERT INTO transactions (id, org_id, account_code, account_name, credit, currency, exchange_rate, reporting_credit, description, invoice_id, booked_at, created_by)
VALUES ('00010009-0000-0000-0000-000000000004', '00010001-0000-0000-0000-000000000001', '3000', 'Försäljningsintäkter', 260953.24, 'SEK', 1.0, 260953.24, 'Månadsomsättning 2025-04', '00010008-0000-0000-0000-000000000003', '2025-04-15', '00010002-0000-0000-0000-000000000001')
ON CONFLICT DO NOTHING;
INSERT INTO transactions (id, org_id, account_code, account_name, debit, currency, exchange_rate, reporting_debit, description, booked_at, created_by)
VALUES ('00010009-0000-0000-0000-000000000005', '00010001-0000-0000-0000-000000000001', '4000', 'Råvaror och förnödenheter', 91333.63, 'SEK', 1.0, 91333.63, 'Leverantörskostnader 2025-04', '2025-04-10', '00010002-0000-0000-0000-000000000001')
ON CONFLICT DO NOTHING;
INSERT INTO transactions (id, org_id, account_code, account_name, debit, currency, exchange_rate, reporting_debit, description, booked_at, created_by)
VALUES ('00010009-0000-0000-0000-000000000006', '00010001-0000-0000-0000-000000000001', '7010', 'Löner tjänstemän', 240000, 'SEK', 1.0, 240000, 'Löner 2025-04', '2025-04-25', '00010002-0000-0000-0000-000000000001')
ON CONFLICT DO NOTHING;
INSERT INTO transactions (id, org_id, account_code, account_name, credit, currency, exchange_rate, reporting_credit, description, invoice_id, booked_at, created_by)
VALUES ('00010009-0000-0000-0000-000000000007', '00010001-0000-0000-0000-000000000001', '3000', 'Försäljningsintäkter', 254165.03, 'SEK', 1.0, 254165.03, 'Månadsomsättning 2025-05', '00010008-0000-0000-0000-000000000005', '2025-05-15', '00010002-0000-0000-0000-000000000001')
ON CONFLICT DO NOTHING;
INSERT INTO transactions (id, org_id, account_code, account_name, debit, currency, exchange_rate, reporting_debit, description, booked_at, created_by)
VALUES ('00010009-0000-0000-0000-000000000008', '00010001-0000-0000-0000-000000000001', '4000', 'Råvaror och förnödenheter', 88957.76, 'SEK', 1.0, 88957.76, 'Leverantörskostnader 2025-05', '2025-05-10', '00010002-0000-0000-0000-000000000001')
ON CONFLICT DO NOTHING;
INSERT INTO transactions (id, org_id, account_code, account_name, debit, currency, exchange_rate, reporting_debit, description, booked_at, created_by)
VALUES ('00010009-0000-0000-0000-000000000009', '00010001-0000-0000-0000-000000000001', '7010', 'Löner tjänstemän', 240000, 'SEK', 1.0, 240000, 'Löner 2025-05', '2025-05-25', '00010002-0000-0000-0000-000000000001')
ON CONFLICT DO NOTHING;
INSERT INTO transactions (id, org_id, account_code, account_name, credit, currency, exchange_rate, reporting_credit, description, invoice_id, booked_at, created_by)
VALUES ('00010009-0000-0000-0000-00000000000a', '00010001-0000-0000-0000-000000000001', '3000', 'Försäljningsintäkter', 299983.02, 'SEK', 1.0, 299983.02, 'Månadsomsättning 2025-06', '00010008-0000-0000-0000-000000000008', '2025-06-15', '00010002-0000-0000-0000-000000000001')
ON CONFLICT DO NOTHING;
INSERT INTO transactions (id, org_id, account_code, account_name, debit, currency, exchange_rate, reporting_debit, description, booked_at, created_by)
VALUES ('00010009-0000-0000-0000-00000000000b', '00010001-0000-0000-0000-000000000001', '4000', 'Råvaror och förnödenheter', 104994.06, 'SEK', 1.0, 104994.06, 'Leverantörskostnader 2025-06', '2025-06-10', '00010002-0000-0000-0000-000000000001')
ON CONFLICT DO NOTHING;
INSERT INTO transactions (id, org_id, account_code, account_name, debit, currency, exchange_rate, reporting_debit, description, booked_at, created_by)
VALUES ('00010009-0000-0000-0000-00000000000c', '00010001-0000-0000-0000-000000000001', '7010', 'Löner tjänstemän', 240000, 'SEK', 1.0, 240000, 'Löner 2025-06', '2025-06-25', '00010002-0000-0000-0000-000000000001')
ON CONFLICT DO NOTHING;
INSERT INTO transactions (id, org_id, account_code, account_name, credit, currency, exchange_rate, reporting_credit, description, invoice_id, booked_at, created_by)
VALUES ('00010009-0000-0000-0000-00000000000d', '00010001-0000-0000-0000-000000000001', '3000', 'Försäljningsintäkter', 258797.61, 'SEK', 1.0, 258797.61, 'Månadsomsättning 2025-07', '00010008-0000-0000-0000-00000000000c', '2025-07-15', '00010002-0000-0000-0000-000000000001')
ON CONFLICT DO NOTHING;
INSERT INTO transactions (id, org_id, account_code, account_name, debit, currency, exchange_rate, reporting_debit, description, booked_at, created_by)
VALUES ('00010009-0000-0000-0000-00000000000e', '00010001-0000-0000-0000-000000000001', '4000', 'Råvaror och förnödenheter', 90579.16, 'SEK', 1.0, 90579.16, 'Leverantörskostnader 2025-07', '2025-07-10', '00010002-0000-0000-0000-000000000001')
ON CONFLICT DO NOTHING;
INSERT INTO transactions (id, org_id, account_code, account_name, debit, currency, exchange_rate, reporting_debit, description, booked_at, created_by)
VALUES ('00010009-0000-0000-0000-00000000000f', '00010001-0000-0000-0000-000000000001', '7010', 'Löner tjänstemän', 240000, 'SEK', 1.0, 240000, 'Löner 2025-07', '2025-07-25', '00010002-0000-0000-0000-000000000001')
ON CONFLICT DO NOTHING;
INSERT INTO transactions (id, org_id, account_code, account_name, credit, currency, exchange_rate, reporting_credit, description, invoice_id, booked_at, created_by)
VALUES ('00010009-0000-0000-0000-000000000010', '00010001-0000-0000-0000-000000000001', '3000', 'Försäljningsintäkter', 283136.16, 'SEK', 1.0, 283136.16, 'Månadsomsättning 2025-08', '00010008-0000-0000-0000-000000000009', '2025-08-15', '00010002-0000-0000-0000-000000000001')
ON CONFLICT DO NOTHING;
INSERT INTO transactions (id, org_id, account_code, account_name, debit, currency, exchange_rate, reporting_debit, description, booked_at, created_by)
VALUES ('00010009-0000-0000-0000-000000000011', '00010001-0000-0000-0000-000000000001', '4000', 'Råvaror och förnödenheter', 99097.66, 'SEK', 1.0, 99097.66, 'Leverantörskostnader 2025-08', '2025-08-10', '00010002-0000-0000-0000-000000000001')
ON CONFLICT DO NOTHING;
INSERT INTO transactions (id, org_id, account_code, account_name, debit, currency, exchange_rate, reporting_debit, description, booked_at, created_by)
VALUES ('00010009-0000-0000-0000-000000000012', '00010001-0000-0000-0000-000000000001', '7010', 'Löner tjänstemän', 240000, 'SEK', 1.0, 240000, 'Löner 2025-08', '2025-08-25', '00010002-0000-0000-0000-000000000001')
ON CONFLICT DO NOTHING;
INSERT INTO transactions (id, org_id, account_code, account_name, credit, currency, exchange_rate, reporting_credit, description, invoice_id, booked_at, created_by)
VALUES ('00010009-0000-0000-0000-000000000013', '00010001-0000-0000-0000-000000000001', '3000', 'Försäljningsintäkter', 295165.05, 'SEK', 1.0, 295165.05, 'Månadsomsättning 2025-09', '00010008-0000-0000-0000-000000000002', '2025-09-15', '00010002-0000-0000-0000-000000000001')
ON CONFLICT DO NOTHING;
INSERT INTO transactions (id, org_id, account_code, account_name, debit, currency, exchange_rate, reporting_debit, description, booked_at, created_by)
VALUES ('00010009-0000-0000-0000-000000000014', '00010001-0000-0000-0000-000000000001', '4000', 'Råvaror och förnödenheter', 103307.77, 'SEK', 1.0, 103307.77, 'Leverantörskostnader 2025-09', '2025-09-10', '00010002-0000-0000-0000-000000000001')
ON CONFLICT DO NOTHING;
INSERT INTO transactions (id, org_id, account_code, account_name, debit, currency, exchange_rate, reporting_debit, description, booked_at, created_by)
VALUES ('00010009-0000-0000-0000-000000000015', '00010001-0000-0000-0000-000000000001', '7010', 'Löner tjänstemän', 240000, 'SEK', 1.0, 240000, 'Löner 2025-09', '2025-09-25', '00010002-0000-0000-0000-000000000001')
ON CONFLICT DO NOTHING;
INSERT INTO transactions (id, org_id, account_code, account_name, credit, currency, exchange_rate, reporting_credit, description, invoice_id, booked_at, created_by)
VALUES ('00010009-0000-0000-0000-000000000016', '00010001-0000-0000-0000-000000000001', '3000', 'Försäljningsintäkter', 300244.87, 'SEK', 1.0, 300244.87, 'Månadsomsättning 2025-10', '00010008-0000-0000-0000-00000000000c', '2025-10-15', '00010002-0000-0000-0000-000000000001')
ON CONFLICT DO NOTHING;
INSERT INTO transactions (id, org_id, account_code, account_name, debit, currency, exchange_rate, reporting_debit, description, booked_at, created_by)
VALUES ('00010009-0000-0000-0000-000000000017', '00010001-0000-0000-0000-000000000001', '4000', 'Råvaror och förnödenheter', 105085.7, 'SEK', 1.0, 105085.7, 'Leverantörskostnader 2025-10', '2025-10-10', '00010002-0000-0000-0000-000000000001')
ON CONFLICT DO NOTHING;
INSERT INTO transactions (id, org_id, account_code, account_name, debit, currency, exchange_rate, reporting_debit, description, booked_at, created_by)
VALUES ('00010009-0000-0000-0000-000000000018', '00010001-0000-0000-0000-000000000001', '7010', 'Löner tjänstemän', 240000, 'SEK', 1.0, 240000, 'Löner 2025-10', '2025-10-25', '00010002-0000-0000-0000-000000000001')
ON CONFLICT DO NOTHING;
INSERT INTO transactions (id, org_id, account_code, account_name, credit, currency, exchange_rate, reporting_credit, description, invoice_id, booked_at, created_by)
VALUES ('00010009-0000-0000-0000-000000000019', '00010001-0000-0000-0000-000000000001', '3000', 'Försäljningsintäkter', 276119.81, 'SEK', 1.0, 276119.81, 'Månadsomsättning 2025-11', '00010008-0000-0000-0000-000000000001', '2025-11-15', '00010002-0000-0000-0000-000000000001')
ON CONFLICT DO NOTHING;
INSERT INTO transactions (id, org_id, account_code, account_name, debit, currency, exchange_rate, reporting_debit, description, booked_at, created_by)
VALUES ('00010009-0000-0000-0000-00000000001a', '00010001-0000-0000-0000-000000000001', '4000', 'Råvaror och förnödenheter', 96641.93, 'SEK', 1.0, 96641.93, 'Leverantörskostnader 2025-11', '2025-11-10', '00010002-0000-0000-0000-000000000001')
ON CONFLICT DO NOTHING;
INSERT INTO transactions (id, org_id, account_code, account_name, debit, currency, exchange_rate, reporting_debit, description, booked_at, created_by)
VALUES ('00010009-0000-0000-0000-00000000001b', '00010001-0000-0000-0000-000000000001', '7010', 'Löner tjänstemän', 240000, 'SEK', 1.0, 240000, 'Löner 2025-11', '2025-11-25', '00010002-0000-0000-0000-000000000001')
ON CONFLICT DO NOTHING;
INSERT INTO transactions (id, org_id, account_code, account_name, credit, currency, exchange_rate, reporting_credit, description, invoice_id, booked_at, created_by)
VALUES ('00010009-0000-0000-0000-00000000001c', '00010001-0000-0000-0000-000000000001', '3000', 'Försäljningsintäkter', 255907.77, 'SEK', 1.0, 255907.77, 'Månadsomsättning 2025-12', '00010008-0000-0000-0000-00000000000b', '2025-12-15', '00010002-0000-0000-0000-000000000001')
ON CONFLICT DO NOTHING;
INSERT INTO transactions (id, org_id, account_code, account_name, debit, currency, exchange_rate, reporting_debit, description, booked_at, created_by)
VALUES ('00010009-0000-0000-0000-00000000001d', '00010001-0000-0000-0000-000000000001', '4000', 'Råvaror och förnödenheter', 89567.72, 'SEK', 1.0, 89567.72, 'Leverantörskostnader 2025-12', '2025-12-10', '00010002-0000-0000-0000-000000000001')
ON CONFLICT DO NOTHING;
INSERT INTO transactions (id, org_id, account_code, account_name, debit, currency, exchange_rate, reporting_debit, description, booked_at, created_by)
VALUES ('00010009-0000-0000-0000-00000000001e', '00010001-0000-0000-0000-000000000001', '7010', 'Löner tjänstemän', 240000, 'SEK', 1.0, 240000, 'Löner 2025-12', '2025-12-25', '00010002-0000-0000-0000-000000000001')
ON CONFLICT DO NOTHING;
INSERT INTO transactions (id, org_id, account_code, account_name, credit, currency, exchange_rate, reporting_credit, description, invoice_id, booked_at, created_by)
VALUES ('00010009-0000-0000-0000-00000000001f', '00010001-0000-0000-0000-000000000001', '3000', 'Försäljningsintäkter', 319791.03, 'SEK', 1.0, 319791.03, 'Månadsomsättning 2026-01', '00010008-0000-0000-0000-000000000003', '2026-01-15', '00010002-0000-0000-0000-000000000001')
ON CONFLICT DO NOTHING;
INSERT INTO transactions (id, org_id, account_code, account_name, debit, currency, exchange_rate, reporting_debit, description, booked_at, created_by)
VALUES ('00010009-0000-0000-0000-000000000020', '00010001-0000-0000-0000-000000000001', '4000', 'Råvaror och förnödenheter', 111926.86, 'SEK', 1.0, 111926.86, 'Leverantörskostnader 2026-01', '2026-01-10', '00010002-0000-0000-0000-000000000001')
ON CONFLICT DO NOTHING;
INSERT INTO transactions (id, org_id, account_code, account_name, debit, currency, exchange_rate, reporting_debit, description, booked_at, created_by)
VALUES ('00010009-0000-0000-0000-000000000021', '00010001-0000-0000-0000-000000000001', '7010', 'Löner tjänstemän', 240000, 'SEK', 1.0, 240000, 'Löner 2026-01', '2026-01-25', '00010002-0000-0000-0000-000000000001')
ON CONFLICT DO NOTHING;
INSERT INTO transactions (id, org_id, account_code, account_name, credit, currency, exchange_rate, reporting_credit, description, invoice_id, booked_at, created_by)
VALUES ('00010009-0000-0000-0000-000000000022', '00010001-0000-0000-0000-000000000001', '3000', 'Försäljningsintäkter', 289085.49, 'SEK', 1.0, 289085.49, 'Månadsomsättning 2026-02', '00010008-0000-0000-0000-000000000005', '2026-02-15', '00010002-0000-0000-0000-000000000001')
ON CONFLICT DO NOTHING;
INSERT INTO transactions (id, org_id, account_code, account_name, debit, currency, exchange_rate, reporting_debit, description, booked_at, created_by)
VALUES ('00010009-0000-0000-0000-000000000023', '00010001-0000-0000-0000-000000000001', '4000', 'Råvaror och förnödenheter', 101179.92, 'SEK', 1.0, 101179.92, 'Leverantörskostnader 2026-02', '2026-02-10', '00010002-0000-0000-0000-000000000001')
ON CONFLICT DO NOTHING;
INSERT INTO transactions (id, org_id, account_code, account_name, debit, currency, exchange_rate, reporting_debit, description, booked_at, created_by)
VALUES ('00010009-0000-0000-0000-000000000024', '00010001-0000-0000-0000-000000000001', '7010', 'Löner tjänstemän', 240000, 'SEK', 1.0, 240000, 'Löner 2026-02', '2026-02-25', '00010002-0000-0000-0000-000000000001')
ON CONFLICT DO NOTHING;

INSERT INTO processes (id, org_id, code, name, owner_id, is_active, avg_duration_min)
VALUES ('0001000b-0000-0000-0000-000000000001', '00010001-0000-0000-0000-000000000001', 'P-001', 'Öppning av restaurang', '00010002-0000-0000-0000-000000000003', TRUE, 89)
ON CONFLICT (org_id, code) DO NOTHING;
INSERT INTO process_executions (id, org_id, process_id, status, started_at, completed_at, duration_min, executed_by)
VALUES ('0001000c-0000-0000-0000-000000000001', '00010001-0000-0000-0000-000000000001', '0001000b-0000-0000-0000-000000000001', 'FAILED'::process_execution_status, '2026-01-20', '2026-01-20', 135, '00010002-0000-0000-0000-000000000002')
ON CONFLICT DO NOTHING;
INSERT INTO process_executions (id, org_id, process_id, status, started_at, completed_at, duration_min, executed_by)
VALUES ('0001000c-0000-0000-0000-000000000002', '00010001-0000-0000-0000-000000000001', '0001000b-0000-0000-0000-000000000001', 'FAILED'::process_execution_status, '2025-08-26', '2025-08-26', 114, '00010002-0000-0000-0000-000000000006')
ON CONFLICT DO NOTHING;
INSERT INTO process_executions (id, org_id, process_id, status, started_at, completed_at, duration_min, executed_by)
VALUES ('0001000c-0000-0000-0000-000000000003', '00010001-0000-0000-0000-000000000001', '0001000b-0000-0000-0000-000000000001', 'RUNNING'::process_execution_status, '2026-02-07', NULL, 36, '00010002-0000-0000-0000-000000000003')
ON CONFLICT DO NOTHING;
INSERT INTO processes (id, org_id, code, name, owner_id, is_active, avg_duration_min)
VALUES ('0001000b-0000-0000-0000-000000000002', '00010001-0000-0000-0000-000000000001', 'P-002', 'Stängning av restaurang', '00010002-0000-0000-0000-000000000006', TRUE, 67)
ON CONFLICT (org_id, code) DO NOTHING;
INSERT INTO process_executions (id, org_id, process_id, status, started_at, completed_at, duration_min, executed_by)
VALUES ('0001000c-0000-0000-0000-000000000005', '00010001-0000-0000-0000-000000000001', '0001000b-0000-0000-0000-000000000002', 'FAILED'::process_execution_status, '2025-07-26', '2025-07-26', 179, '00010002-0000-0000-0000-000000000007')
ON CONFLICT DO NOTHING;
INSERT INTO process_executions (id, org_id, process_id, status, started_at, completed_at, duration_min, executed_by)
VALUES ('0001000c-0000-0000-0000-000000000006', '00010001-0000-0000-0000-000000000001', '0001000b-0000-0000-0000-000000000002', 'COMPLETED'::process_execution_status, '2025-10-19', '2025-10-19', 32, '00010002-0000-0000-0000-000000000006')
ON CONFLICT DO NOTHING;
INSERT INTO process_executions (id, org_id, process_id, status, started_at, completed_at, duration_min, executed_by)
VALUES ('0001000c-0000-0000-0000-000000000007', '00010001-0000-0000-0000-000000000001', '0001000b-0000-0000-0000-000000000002', 'RUNNING'::process_execution_status, '2025-08-13', NULL, 39, '00010002-0000-0000-0000-000000000007')
ON CONFLICT DO NOTHING;
INSERT INTO processes (id, org_id, code, name, owner_id, is_active, avg_duration_min)
VALUES ('0001000b-0000-0000-0000-000000000003', '00010001-0000-0000-0000-000000000001', 'P-003', 'Leveranskontroll råvaror', '00010002-0000-0000-0000-000000000001', TRUE, 99)
ON CONFLICT (org_id, code) DO NOTHING;
INSERT INTO process_executions (id, org_id, process_id, status, started_at, completed_at, duration_min, executed_by)
VALUES ('0001000c-0000-0000-0000-000000000009', '00010001-0000-0000-0000-000000000001', '0001000b-0000-0000-0000-000000000003', 'FAILED'::process_execution_status, '2025-09-28', '2025-09-28', 23, '00010002-0000-0000-0000-000000000004')
ON CONFLICT DO NOTHING;
INSERT INTO process_executions (id, org_id, process_id, status, started_at, completed_at, duration_min, executed_by)
VALUES ('0001000c-0000-0000-0000-00000000000a', '00010001-0000-0000-0000-000000000001', '0001000b-0000-0000-0000-000000000003', 'RUNNING'::process_execution_status, '2026-01-13', NULL, 137, '00010002-0000-0000-0000-000000000008')
ON CONFLICT DO NOTHING;
INSERT INTO process_executions (id, org_id, process_id, status, started_at, completed_at, duration_min, executed_by)
VALUES ('0001000c-0000-0000-0000-00000000000b', '00010001-0000-0000-0000-000000000001', '0001000b-0000-0000-0000-000000000003', 'COMPLETED'::process_execution_status, '2025-06-13', '2025-06-13', 78, '00010002-0000-0000-0000-000000000003')
ON CONFLICT DO NOTHING;
INSERT INTO processes (id, org_id, code, name, owner_id, is_active, avg_duration_min)
VALUES ('0001000b-0000-0000-0000-000000000004', '00010001-0000-0000-0000-000000000001', 'P-004', 'Daglig hygienrond', '00010002-0000-0000-0000-000000000005', TRUE, 71)
ON CONFLICT (org_id, code) DO NOTHING;
INSERT INTO process_executions (id, org_id, process_id, status, started_at, completed_at, duration_min, executed_by)
VALUES ('0001000c-0000-0000-0000-00000000000d', '00010001-0000-0000-0000-000000000001', '0001000b-0000-0000-0000-000000000004', 'FAILED'::process_execution_status, '2025-05-02', '2025-05-02', 17, '00010002-0000-0000-0000-000000000004')
ON CONFLICT DO NOTHING;
INSERT INTO process_executions (id, org_id, process_id, status, started_at, completed_at, duration_min, executed_by)
VALUES ('0001000c-0000-0000-0000-00000000000e', '00010001-0000-0000-0000-000000000001', '0001000b-0000-0000-0000-000000000004', 'COMPLETED'::process_execution_status, '2025-08-07', '2025-08-07', 151, '00010002-0000-0000-0000-000000000001')
ON CONFLICT DO NOTHING;
INSERT INTO process_executions (id, org_id, process_id, status, started_at, completed_at, duration_min, executed_by)
VALUES ('0001000c-0000-0000-0000-00000000000f', '00010001-0000-0000-0000-000000000001', '0001000b-0000-0000-0000-000000000004', 'FAILED'::process_execution_status, '2025-04-17', '2025-04-17', 67, '00010002-0000-0000-0000-000000000002')
ON CONFLICT DO NOTHING;
INSERT INTO processes (id, org_id, code, name, owner_id, is_active, avg_duration_min)
VALUES ('0001000b-0000-0000-0000-000000000005', '00010001-0000-0000-0000-000000000001', 'P-005', 'Bemanningsplanering vecka', '00010002-0000-0000-0000-000000000008', TRUE, 30)
ON CONFLICT (org_id, code) DO NOTHING;
INSERT INTO process_executions (id, org_id, process_id, status, started_at, completed_at, duration_min, executed_by)
VALUES ('0001000c-0000-0000-0000-000000000011', '00010001-0000-0000-0000-000000000001', '0001000b-0000-0000-0000-000000000005', 'COMPLETED'::process_execution_status, '2025-11-11', '2025-11-11', 84, '00010002-0000-0000-0000-000000000005')
ON CONFLICT DO NOTHING;
INSERT INTO process_executions (id, org_id, process_id, status, started_at, completed_at, duration_min, executed_by)
VALUES ('0001000c-0000-0000-0000-000000000012', '00010001-0000-0000-0000-000000000001', '0001000b-0000-0000-0000-000000000005', 'FAILED'::process_execution_status, '2025-11-03', '2025-11-03', 130, '00010002-0000-0000-0000-000000000004')
ON CONFLICT DO NOTHING;
INSERT INTO process_executions (id, org_id, process_id, status, started_at, completed_at, duration_min, executed_by)
VALUES ('0001000c-0000-0000-0000-000000000013', '00010001-0000-0000-0000-000000000001', '0001000b-0000-0000-0000-000000000005', 'FAILED'::process_execution_status, '2025-12-08', '2025-12-08', 47, '00010002-0000-0000-0000-000000000007')
ON CONFLICT DO NOTHING;
INSERT INTO processes (id, org_id, code, name, owner_id, is_active, avg_duration_min)
VALUES ('0001000b-0000-0000-0000-000000000006', '00010001-0000-0000-0000-000000000001', 'P-006', 'Klagomålshantering gäst', '00010002-0000-0000-0000-000000000004', TRUE, 91)
ON CONFLICT (org_id, code) DO NOTHING;
INSERT INTO process_executions (id, org_id, process_id, status, started_at, completed_at, duration_min, executed_by)
VALUES ('0001000c-0000-0000-0000-000000000015', '00010001-0000-0000-0000-000000000001', '0001000b-0000-0000-0000-000000000006', 'COMPLETED'::process_execution_status, '2025-04-05', '2025-04-05', 80, '00010002-0000-0000-0000-000000000007')
ON CONFLICT DO NOTHING;
INSERT INTO process_executions (id, org_id, process_id, status, started_at, completed_at, duration_min, executed_by)
VALUES ('0001000c-0000-0000-0000-000000000016', '00010001-0000-0000-0000-000000000001', '0001000b-0000-0000-0000-000000000006', 'RUNNING'::process_execution_status, '2025-11-15', NULL, 78, '00010002-0000-0000-0000-000000000001')
ON CONFLICT DO NOTHING;
INSERT INTO process_executions (id, org_id, process_id, status, started_at, completed_at, duration_min, executed_by)
VALUES ('0001000c-0000-0000-0000-000000000017', '00010001-0000-0000-0000-000000000001', '0001000b-0000-0000-0000-000000000006', 'RUNNING'::process_execution_status, '2025-07-31', NULL, 160, '00010002-0000-0000-0000-000000000008')
ON CONFLICT DO NOTHING;
INSERT INTO processes (id, org_id, code, name, owner_id, is_active, avg_duration_min)
VALUES ('0001000b-0000-0000-0000-000000000007', '00010001-0000-0000-0000-000000000001', 'P-007', 'Kassaavstämning', '00010002-0000-0000-0000-000000000003', TRUE, 72)
ON CONFLICT (org_id, code) DO NOTHING;
INSERT INTO process_executions (id, org_id, process_id, status, started_at, completed_at, duration_min, executed_by)
VALUES ('0001000c-0000-0000-0000-000000000019', '00010001-0000-0000-0000-000000000001', '0001000b-0000-0000-0000-000000000007', 'FAILED'::process_execution_status, '2025-08-24', '2025-08-24', 95, '00010002-0000-0000-0000-000000000007')
ON CONFLICT DO NOTHING;
INSERT INTO process_executions (id, org_id, process_id, status, started_at, completed_at, duration_min, executed_by)
VALUES ('0001000c-0000-0000-0000-00000000001a', '00010001-0000-0000-0000-000000000001', '0001000b-0000-0000-0000-000000000007', 'FAILED'::process_execution_status, '2025-08-12', '2025-08-12', 58, '00010002-0000-0000-0000-000000000004')
ON CONFLICT DO NOTHING;
INSERT INTO process_executions (id, org_id, process_id, status, started_at, completed_at, duration_min, executed_by)
VALUES ('0001000c-0000-0000-0000-00000000001b', '00010001-0000-0000-0000-000000000001', '0001000b-0000-0000-0000-000000000007', 'FAILED'::process_execution_status, '2025-06-28', '2025-06-28', 115, '00010002-0000-0000-0000-000000000001')
ON CONFLICT DO NOTHING;
INSERT INTO processes (id, org_id, code, name, owner_id, is_active, avg_duration_min)
VALUES ('0001000b-0000-0000-0000-000000000008', '00010001-0000-0000-0000-000000000001', 'P-008', 'Veckobeställning leverantör', '00010002-0000-0000-0000-000000000006', TRUE, 110)
ON CONFLICT (org_id, code) DO NOTHING;
INSERT INTO process_executions (id, org_id, process_id, status, started_at, completed_at, duration_min, executed_by)
VALUES ('0001000c-0000-0000-0000-00000000001d', '00010001-0000-0000-0000-000000000001', '0001000b-0000-0000-0000-000000000008', 'FAILED'::process_execution_status, '2026-02-25', '2026-02-25', 107, '00010002-0000-0000-0000-000000000007')
ON CONFLICT DO NOTHING;
INSERT INTO process_executions (id, org_id, process_id, status, started_at, completed_at, duration_min, executed_by)
VALUES ('0001000c-0000-0000-0000-00000000001e', '00010001-0000-0000-0000-000000000001', '0001000b-0000-0000-0000-000000000008', 'COMPLETED'::process_execution_status, '2025-11-09', '2025-11-09', 19, '00010002-0000-0000-0000-000000000003')
ON CONFLICT DO NOTHING;
INSERT INTO process_executions (id, org_id, process_id, status, started_at, completed_at, duration_min, executed_by)
VALUES ('0001000c-0000-0000-0000-00000000001f', '00010001-0000-0000-0000-000000000001', '0001000b-0000-0000-0000-000000000008', 'RUNNING'::process_execution_status, '2025-04-21', NULL, 122, '00010002-0000-0000-0000-000000000002')
ON CONFLICT DO NOTHING;
INSERT INTO processes (id, org_id, code, name, owner_id, is_active, avg_duration_min)
VALUES ('0001000b-0000-0000-0000-000000000009', '00010001-0000-0000-0000-000000000001', 'P-009', 'Brandövning personal', '00010002-0000-0000-0000-000000000008', TRUE, 16)
ON CONFLICT (org_id, code) DO NOTHING;
INSERT INTO process_executions (id, org_id, process_id, status, started_at, completed_at, duration_min, executed_by)
VALUES ('0001000c-0000-0000-0000-000000000021', '00010001-0000-0000-0000-000000000001', '0001000b-0000-0000-0000-000000000009', 'COMPLETED'::process_execution_status, '2025-09-26', '2025-09-26', 177, '00010002-0000-0000-0000-000000000003')
ON CONFLICT DO NOTHING;
INSERT INTO process_executions (id, org_id, process_id, status, started_at, completed_at, duration_min, executed_by)
VALUES ('0001000c-0000-0000-0000-000000000022', '00010001-0000-0000-0000-000000000001', '0001000b-0000-0000-0000-000000000009', 'COMPLETED'::process_execution_status, '2025-10-27', '2025-10-27', 77, '00010002-0000-0000-0000-000000000006')
ON CONFLICT DO NOTHING;
INSERT INTO process_executions (id, org_id, process_id, status, started_at, completed_at, duration_min, executed_by)
VALUES ('0001000c-0000-0000-0000-000000000023', '00010001-0000-0000-0000-000000000001', '0001000b-0000-0000-0000-000000000009', 'FAILED'::process_execution_status, '2026-01-27', '2026-01-27', 30, '00010002-0000-0000-0000-000000000006')
ON CONFLICT DO NOTHING;
INSERT INTO processes (id, org_id, code, name, owner_id, is_active, avg_duration_min)
VALUES ('0001000b-0000-0000-0000-00000000000a', '00010001-0000-0000-0000-000000000001', 'P-010', 'Personalintroduktion', '00010002-0000-0000-0000-000000000007', TRUE, 55)
ON CONFLICT (org_id, code) DO NOTHING;
INSERT INTO process_executions (id, org_id, process_id, status, started_at, completed_at, duration_min, executed_by)
VALUES ('0001000c-0000-0000-0000-000000000025', '00010001-0000-0000-0000-000000000001', '0001000b-0000-0000-0000-00000000000a', 'FAILED'::process_execution_status, '2025-12-03', '2025-12-03', 19, '00010002-0000-0000-0000-000000000002')
ON CONFLICT DO NOTHING;
INSERT INTO process_executions (id, org_id, process_id, status, started_at, completed_at, duration_min, executed_by)
VALUES ('0001000c-0000-0000-0000-000000000026', '00010001-0000-0000-0000-000000000001', '0001000b-0000-0000-0000-00000000000a', 'COMPLETED'::process_execution_status, '2026-01-18', '2026-01-18', 83, '00010002-0000-0000-0000-000000000004')
ON CONFLICT DO NOTHING;
INSERT INTO process_executions (id, org_id, process_id, status, started_at, completed_at, duration_min, executed_by)
VALUES ('0001000c-0000-0000-0000-000000000027', '00010001-0000-0000-0000-000000000001', '0001000b-0000-0000-0000-00000000000a', 'COMPLETED'::process_execution_status, '2025-10-09', '2025-10-09', 35, '00010002-0000-0000-0000-000000000002')
ON CONFLICT DO NOTHING;

INSERT INTO non_conformances (id, org_id, code, title, severity, status, process_id, reported_by, assigned_to, detected_at, closed_at)
VALUES ('0001000d-0000-0000-0000-000000000001', '00010001-0000-0000-0000-000000000001', 'NC-001', 'Felaktigt märkt allergenprodukt', 'MAJOR'::nc_severity, 'ANALYZING'::nc_status, '0001000b-0000-0000-0000-000000000005', '00010002-0000-0000-0000-000000000001', '00010002-0000-0000-0000-000000000001', '2025-05-25', NULL)
ON CONFLICT (org_id, code) DO NOTHING;
INSERT INTO non_conformances (id, org_id, code, title, severity, status, process_id, reported_by, assigned_to, detected_at, closed_at)
VALUES ('0001000d-0000-0000-0000-000000000002', '00010001-0000-0000-0000-000000000001', 'NC-002', 'Temperaturavvikelse kylrum', 'CRITICAL'::nc_severity, 'OPEN'::nc_status, '0001000b-0000-0000-0000-000000000005', '00010002-0000-0000-0000-000000000006', '00010002-0000-0000-0000-000000000006', '2025-03-29', NULL)
ON CONFLICT (org_id, code) DO NOTHING;
INSERT INTO non_conformances (id, org_id, code, title, severity, status, process_id, reported_by, assigned_to, detected_at, closed_at)
VALUES ('0001000d-0000-0000-0000-000000000003', '00010001-0000-0000-0000-000000000001', 'NC-003', 'Missad leveranskontroll', 'MINOR'::nc_severity, 'ANALYZING'::nc_status, '0001000b-0000-0000-0000-000000000004', '00010002-0000-0000-0000-000000000007', '00010002-0000-0000-0000-000000000003', '2025-05-14', NULL)
ON CONFLICT (org_id, code) DO NOTHING;
INSERT INTO non_conformances (id, org_id, code, title, severity, status, process_id, reported_by, assigned_to, detected_at, closed_at)
VALUES ('0001000d-0000-0000-0000-000000000004', '00010001-0000-0000-0000-000000000001', 'NC-004', 'Klagomål – för lång väntetid', 'OBSERVATION'::nc_severity, 'CLOSED'::nc_status, '0001000b-0000-0000-0000-00000000000a', '00010002-0000-0000-0000-000000000007', '00010002-0000-0000-0000-000000000004', '2025-05-29', '2025-07-08')
ON CONFLICT (org_id, code) DO NOTHING;
INSERT INTO non_conformances (id, org_id, code, title, severity, status, process_id, reported_by, assigned_to, detected_at, closed_at)
VALUES ('0001000d-0000-0000-0000-000000000005', '00010001-0000-0000-0000-000000000001', 'NC-005', 'Personalresurs saknas fredagskväll', 'MINOR'::nc_severity, 'ANALYZING'::nc_status, '0001000b-0000-0000-0000-000000000003', '00010002-0000-0000-0000-000000000004', '00010002-0000-0000-0000-000000000008', '2025-12-24', NULL)
ON CONFLICT (org_id, code) DO NOTHING;
INSERT INTO non_conformances (id, org_id, code, title, severity, status, process_id, reported_by, assigned_to, detected_at, closed_at)
VALUES ('0001000d-0000-0000-0000-000000000006', '00010001-0000-0000-0000-000000000001', 'NC-006', 'Bryggfel espressomaskin', 'MINOR'::nc_severity, 'OPEN'::nc_status, '0001000b-0000-0000-0000-000000000005', '00010002-0000-0000-0000-000000000001', '00010002-0000-0000-0000-000000000008', '2025-10-22', NULL)
ON CONFLICT (org_id, code) DO NOTHING;

INSERT INTO risks (id, org_id, code, title, category, probability, impact, risk_level, mitigation, owner_id, process_id, review_date)
VALUES ('0001000e-0000-0000-0000-000000000001', '00010001-0000-0000-0000-000000000001', 'R-001', 'Hög personalomsättning', 'OPERATIONAL'::risk_category, 4, 4, 'HIGH'::risk_level, 'Strukturerad onboarding och löneöversyn', '00010002-0000-0000-0000-000000000005', '0001000b-0000-0000-0000-000000000009', '2025-05-20')
ON CONFLICT (org_id, code) DO NOTHING;
INSERT INTO risks (id, org_id, code, title, category, probability, impact, risk_level, mitigation, owner_id, process_id, review_date)
VALUES ('0001000e-0000-0000-0000-000000000002', '00010001-0000-0000-0000-000000000001', 'R-002', 'Leverantörsbrist råvaror', 'OPERATIONAL'::risk_category, 3, 4, 'HIGH'::risk_level, 'Identifiera backup-leverantörer', '00010002-0000-0000-0000-000000000002', '0001000b-0000-0000-0000-000000000008', '2025-08-24')
ON CONFLICT (org_id, code) DO NOTHING;
INSERT INTO risks (id, org_id, code, title, category, probability, impact, risk_level, mitigation, owner_id, process_id, review_date)
VALUES ('0001000e-0000-0000-0000-000000000003', '00010001-0000-0000-0000-000000000001', 'R-003', 'Brandrisk köket', 'OPERATIONAL'::risk_category, 2, 5, 'HIGH'::risk_level, 'Månadsvis brandskyddsrond', '00010002-0000-0000-0000-000000000005', '0001000b-0000-0000-0000-000000000007', '2026-02-17')
ON CONFLICT (org_id, code) DO NOTHING;

INSERT INTO kpis (id, org_id, name, value, target, unit, status, period, measured_at)
VALUES ('0001000f-0000-0000-0000-000000000001', '00010001-0000-0000-0000-000000000001', 'Omsättning', 255222.7, 291666.6666666667, 'SEK', 'YELLOW', '2025-03', '2025-03-28')
ON CONFLICT DO NOTHING;
INSERT INTO kpis (id, org_id, name, value, target, unit, status, period, measured_at)
VALUES ('0001000f-0000-0000-0000-000000000002', '00010001-0000-0000-0000-000000000001', 'Antal deals', 46.9, 40, 'st', 'GREEN', '2025-03', '2025-03-28')
ON CONFLICT DO NOTHING;
INSERT INTO kpis (id, org_id, name, value, target, unit, status, period, measured_at)
VALUES ('0001000f-0000-0000-0000-000000000003', '00010001-0000-0000-0000-000000000001', 'Kundnöjdhet', 72.2, 85, '%', 'YELLOW', '2025-03', '2025-03-28')
ON CONFLICT DO NOTHING;
INSERT INTO kpis (id, org_id, name, value, target, unit, status, period, measured_at)
VALUES ('0001000f-0000-0000-0000-000000000004', '00010001-0000-0000-0000-000000000001', 'Ledtid', 4.7, 5, 'dagar', 'GREEN', '2025-03', '2025-03-28')
ON CONFLICT DO NOTHING;
INSERT INTO kpis (id, org_id, name, value, target, unit, status, period, measured_at)
VALUES ('0001000f-0000-0000-0000-000000000005', '00010001-0000-0000-0000-000000000001', 'Avvikelser', 2.0, 2, 'st', 'GREEN', '2025-03', '2025-03-28')
ON CONFLICT DO NOTHING;
INSERT INTO kpis (id, org_id, name, value, target, unit, status, period, measured_at)
VALUES ('0001000f-0000-0000-0000-000000000006', '00010001-0000-0000-0000-000000000001', 'Omsättning', 253342.5, 291666.6666666667, 'SEK', 'YELLOW', '2025-04', '2025-04-28')
ON CONFLICT DO NOTHING;
INSERT INTO kpis (id, org_id, name, value, target, unit, status, period, measured_at)
VALUES ('0001000f-0000-0000-0000-000000000007', '00010001-0000-0000-0000-000000000001', 'Antal deals', 41.4, 40, 'st', 'GREEN', '2025-04', '2025-04-28')
ON CONFLICT DO NOTHING;
INSERT INTO kpis (id, org_id, name, value, target, unit, status, period, measured_at)
VALUES ('0001000f-0000-0000-0000-000000000008', '00010001-0000-0000-0000-000000000001', 'Kundnöjdhet', 88.2, 85, '%', 'GREEN', '2025-04', '2025-04-28')
ON CONFLICT DO NOTHING;
INSERT INTO kpis (id, org_id, name, value, target, unit, status, period, measured_at)
VALUES ('0001000f-0000-0000-0000-000000000009', '00010001-0000-0000-0000-000000000001', 'Ledtid', 6.2, 5, 'dagar', 'GREEN', '2025-04', '2025-04-28')
ON CONFLICT DO NOTHING;
INSERT INTO kpis (id, org_id, name, value, target, unit, status, period, measured_at)
VALUES ('0001000f-0000-0000-0000-00000000000a', '00010001-0000-0000-0000-000000000001', 'Avvikelser', 1.8, 2, 'st', 'GREEN', '2025-04', '2025-04-28')
ON CONFLICT DO NOTHING;
INSERT INTO kpis (id, org_id, name, value, target, unit, status, period, measured_at)
VALUES ('0001000f-0000-0000-0000-00000000000b', '00010001-0000-0000-0000-000000000001', 'Omsättning', 361366.9, 291666.6666666667, 'SEK', 'GREEN', '2025-05', '2025-05-28')
ON CONFLICT DO NOTHING;
INSERT INTO kpis (id, org_id, name, value, target, unit, status, period, measured_at)
VALUES ('0001000f-0000-0000-0000-00000000000c', '00010001-0000-0000-0000-000000000001', 'Antal deals', 43.2, 40, 'st', 'GREEN', '2025-05', '2025-05-28')
ON CONFLICT DO NOTHING;
INSERT INTO kpis (id, org_id, name, value, target, unit, status, period, measured_at)
VALUES ('0001000f-0000-0000-0000-00000000000d', '00010001-0000-0000-0000-000000000001', 'Kundnöjdhet', 75.4, 85, '%', 'YELLOW', '2025-05', '2025-05-28')
ON CONFLICT DO NOTHING;
INSERT INTO kpis (id, org_id, name, value, target, unit, status, period, measured_at)
VALUES ('0001000f-0000-0000-0000-00000000000e', '00010001-0000-0000-0000-000000000001', 'Ledtid', 5.2, 5, 'dagar', 'GREEN', '2025-05', '2025-05-28')
ON CONFLICT DO NOTHING;
INSERT INTO kpis (id, org_id, name, value, target, unit, status, period, measured_at)
VALUES ('0001000f-0000-0000-0000-00000000000f', '00010001-0000-0000-0000-000000000001', 'Avvikelser', 2.2, 2, 'st', 'GREEN', '2025-05', '2025-05-28')
ON CONFLICT DO NOTHING;
INSERT INTO kpis (id, org_id, name, value, target, unit, status, period, measured_at)
VALUES ('0001000f-0000-0000-0000-000000000010', '00010001-0000-0000-0000-000000000001', 'Omsättning', 327347.5, 291666.6666666667, 'SEK', 'GREEN', '2025-06', '2025-06-28')
ON CONFLICT DO NOTHING;
INSERT INTO kpis (id, org_id, name, value, target, unit, status, period, measured_at)
VALUES ('0001000f-0000-0000-0000-000000000011', '00010001-0000-0000-0000-000000000001', 'Antal deals', 31.0, 40, 'st', 'YELLOW', '2025-06', '2025-06-28')
ON CONFLICT DO NOTHING;
INSERT INTO kpis (id, org_id, name, value, target, unit, status, period, measured_at)
VALUES ('0001000f-0000-0000-0000-000000000012', '00010001-0000-0000-0000-000000000001', 'Kundnöjdhet', 89.5, 85, '%', 'GREEN', '2025-06', '2025-06-28')
ON CONFLICT DO NOTHING;
INSERT INTO kpis (id, org_id, name, value, target, unit, status, period, measured_at)
VALUES ('0001000f-0000-0000-0000-000000000013', '00010001-0000-0000-0000-000000000001', 'Ledtid', 5.0, 5, 'dagar', 'GREEN', '2025-06', '2025-06-28')
ON CONFLICT DO NOTHING;
INSERT INTO kpis (id, org_id, name, value, target, unit, status, period, measured_at)
VALUES ('0001000f-0000-0000-0000-000000000014', '00010001-0000-0000-0000-000000000001', 'Avvikelser', 2.4, 2, 'st', 'GREEN', '2025-06', '2025-06-28')
ON CONFLICT DO NOTHING;
INSERT INTO kpis (id, org_id, name, value, target, unit, status, period, measured_at)
VALUES ('0001000f-0000-0000-0000-000000000015', '00010001-0000-0000-0000-000000000001', 'Omsättning', 260486.6, 291666.6666666667, 'SEK', 'YELLOW', '2025-07', '2025-07-28')
ON CONFLICT DO NOTHING;
INSERT INTO kpis (id, org_id, name, value, target, unit, status, period, measured_at)
VALUES ('0001000f-0000-0000-0000-000000000016', '00010001-0000-0000-0000-000000000001', 'Antal deals', 46.0, 40, 'st', 'GREEN', '2025-07', '2025-07-28')
ON CONFLICT DO NOTHING;
INSERT INTO kpis (id, org_id, name, value, target, unit, status, period, measured_at)
VALUES ('0001000f-0000-0000-0000-000000000017', '00010001-0000-0000-0000-000000000001', 'Kundnöjdhet', 89.6, 85, '%', 'GREEN', '2025-07', '2025-07-28')
ON CONFLICT DO NOTHING;
INSERT INTO kpis (id, org_id, name, value, target, unit, status, period, measured_at)
VALUES ('0001000f-0000-0000-0000-000000000018', '00010001-0000-0000-0000-000000000001', 'Ledtid', 4.6, 5, 'dagar', 'GREEN', '2025-07', '2025-07-28')
ON CONFLICT DO NOTHING;
INSERT INTO kpis (id, org_id, name, value, target, unit, status, period, measured_at)
VALUES ('0001000f-0000-0000-0000-000000000019', '00010001-0000-0000-0000-000000000001', 'Avvikelser', 2.1, 2, 'st', 'GREEN', '2025-07', '2025-07-28')
ON CONFLICT DO NOTHING;
INSERT INTO kpis (id, org_id, name, value, target, unit, status, period, measured_at)
VALUES ('0001000f-0000-0000-0000-00000000001a', '00010001-0000-0000-0000-000000000001', 'Omsättning', 309296.6, 291666.6666666667, 'SEK', 'GREEN', '2025-08', '2025-08-28')
ON CONFLICT DO NOTHING;
INSERT INTO kpis (id, org_id, name, value, target, unit, status, period, measured_at)
VALUES ('0001000f-0000-0000-0000-00000000001b', '00010001-0000-0000-0000-000000000001', 'Antal deals', 43.6, 40, 'st', 'GREEN', '2025-08', '2025-08-28')
ON CONFLICT DO NOTHING;
INSERT INTO kpis (id, org_id, name, value, target, unit, status, period, measured_at)
VALUES ('0001000f-0000-0000-0000-00000000001c', '00010001-0000-0000-0000-000000000001', 'Kundnöjdhet', 94.4, 85, '%', 'GREEN', '2025-08', '2025-08-28')
ON CONFLICT DO NOTHING;
INSERT INTO kpis (id, org_id, name, value, target, unit, status, period, measured_at)
VALUES ('0001000f-0000-0000-0000-00000000001d', '00010001-0000-0000-0000-000000000001', 'Ledtid', 5.4, 5, 'dagar', 'GREEN', '2025-08', '2025-08-28')
ON CONFLICT DO NOTHING;
INSERT INTO kpis (id, org_id, name, value, target, unit, status, period, measured_at)
VALUES ('0001000f-0000-0000-0000-00000000001e', '00010001-0000-0000-0000-000000000001', 'Avvikelser', 2.3, 2, 'st', 'GREEN', '2025-08', '2025-08-28')
ON CONFLICT DO NOTHING;
INSERT INTO kpis (id, org_id, name, value, target, unit, status, period, measured_at)
VALUES ('0001000f-0000-0000-0000-00000000001f', '00010001-0000-0000-0000-000000000001', 'Omsättning', 310369.5, 291666.6666666667, 'SEK', 'GREEN', '2025-09', '2025-09-28')
ON CONFLICT DO NOTHING;
INSERT INTO kpis (id, org_id, name, value, target, unit, status, period, measured_at)
VALUES ('0001000f-0000-0000-0000-000000000020', '00010001-0000-0000-0000-000000000001', 'Antal deals', 48.1, 40, 'st', 'GREEN', '2025-09', '2025-09-28')
ON CONFLICT DO NOTHING;
INSERT INTO kpis (id, org_id, name, value, target, unit, status, period, measured_at)
VALUES ('0001000f-0000-0000-0000-000000000021', '00010001-0000-0000-0000-000000000001', 'Kundnöjdhet', 91.2, 85, '%', 'GREEN', '2025-09', '2025-09-28')
ON CONFLICT DO NOTHING;
INSERT INTO kpis (id, org_id, name, value, target, unit, status, period, measured_at)
VALUES ('0001000f-0000-0000-0000-000000000022', '00010001-0000-0000-0000-000000000001', 'Ledtid', 4.5, 5, 'dagar', 'GREEN', '2025-09', '2025-09-28')
ON CONFLICT DO NOTHING;
INSERT INTO kpis (id, org_id, name, value, target, unit, status, period, measured_at)
VALUES ('0001000f-0000-0000-0000-000000000023', '00010001-0000-0000-0000-000000000001', 'Avvikelser', 1.9, 2, 'st', 'GREEN', '2025-09', '2025-09-28')
ON CONFLICT DO NOTHING;
INSERT INTO kpis (id, org_id, name, value, target, unit, status, period, measured_at)
VALUES ('0001000f-0000-0000-0000-000000000024', '00010001-0000-0000-0000-000000000001', 'Omsättning', 303271.2, 291666.6666666667, 'SEK', 'GREEN', '2025-10', '2025-10-28')
ON CONFLICT DO NOTHING;
INSERT INTO kpis (id, org_id, name, value, target, unit, status, period, measured_at)
VALUES ('0001000f-0000-0000-0000-000000000025', '00010001-0000-0000-0000-000000000001', 'Antal deals', 44.6, 40, 'st', 'GREEN', '2025-10', '2025-10-28')
ON CONFLICT DO NOTHING;
INSERT INTO kpis (id, org_id, name, value, target, unit, status, period, measured_at)
VALUES ('0001000f-0000-0000-0000-000000000026', '00010001-0000-0000-0000-000000000001', 'Kundnöjdhet', 67.6, 85, '%', 'YELLOW', '2025-10', '2025-10-28')
ON CONFLICT DO NOTHING;
INSERT INTO kpis (id, org_id, name, value, target, unit, status, period, measured_at)
VALUES ('0001000f-0000-0000-0000-000000000027', '00010001-0000-0000-0000-000000000001', 'Ledtid', 4.5, 5, 'dagar', 'GREEN', '2025-10', '2025-10-28')
ON CONFLICT DO NOTHING;
INSERT INTO kpis (id, org_id, name, value, target, unit, status, period, measured_at)
VALUES ('0001000f-0000-0000-0000-000000000028', '00010001-0000-0000-0000-000000000001', 'Avvikelser', 2.2, 2, 'st', 'GREEN', '2025-10', '2025-10-28')
ON CONFLICT DO NOTHING;
INSERT INTO kpis (id, org_id, name, value, target, unit, status, period, measured_at)
VALUES ('0001000f-0000-0000-0000-000000000029', '00010001-0000-0000-0000-000000000001', 'Omsättning', 244364.2, 291666.6666666667, 'SEK', 'YELLOW', '2025-11', '2025-11-28')
ON CONFLICT DO NOTHING;
INSERT INTO kpis (id, org_id, name, value, target, unit, status, period, measured_at)
VALUES ('0001000f-0000-0000-0000-00000000002a', '00010001-0000-0000-0000-000000000001', 'Antal deals', 32.6, 40, 'st', 'YELLOW', '2025-11', '2025-11-28')
ON CONFLICT DO NOTHING;
INSERT INTO kpis (id, org_id, name, value, target, unit, status, period, measured_at)
VALUES ('0001000f-0000-0000-0000-00000000002b', '00010001-0000-0000-0000-000000000001', 'Kundnöjdhet', 86.7, 85, '%', 'GREEN', '2025-11', '2025-11-28')
ON CONFLICT DO NOTHING;
INSERT INTO kpis (id, org_id, name, value, target, unit, status, period, measured_at)
VALUES ('0001000f-0000-0000-0000-00000000002c', '00010001-0000-0000-0000-000000000001', 'Ledtid', 6.2, 5, 'dagar', 'GREEN', '2025-11', '2025-11-28')
ON CONFLICT DO NOTHING;
INSERT INTO kpis (id, org_id, name, value, target, unit, status, period, measured_at)
VALUES ('0001000f-0000-0000-0000-00000000002d', '00010001-0000-0000-0000-000000000001', 'Avvikelser', 2.0, 2, 'st', 'GREEN', '2025-11', '2025-11-28')
ON CONFLICT DO NOTHING;
INSERT INTO kpis (id, org_id, name, value, target, unit, status, period, measured_at)
VALUES ('0001000f-0000-0000-0000-00000000002e', '00010001-0000-0000-0000-000000000001', 'Omsättning', 351966.9, 291666.6666666667, 'SEK', 'GREEN', '2025-12', '2025-12-28')
ON CONFLICT DO NOTHING;
INSERT INTO kpis (id, org_id, name, value, target, unit, status, period, measured_at)
VALUES ('0001000f-0000-0000-0000-00000000002f', '00010001-0000-0000-0000-000000000001', 'Antal deals', 46.6, 40, 'st', 'GREEN', '2025-12', '2025-12-28')
ON CONFLICT DO NOTHING;
INSERT INTO kpis (id, org_id, name, value, target, unit, status, period, measured_at)
VALUES ('0001000f-0000-0000-0000-000000000030', '00010001-0000-0000-0000-000000000001', 'Kundnöjdhet', 74.7, 85, '%', 'YELLOW', '2025-12', '2025-12-28')
ON CONFLICT DO NOTHING;
INSERT INTO kpis (id, org_id, name, value, target, unit, status, period, measured_at)
VALUES ('0001000f-0000-0000-0000-000000000031', '00010001-0000-0000-0000-000000000001', 'Ledtid', 5.8, 5, 'dagar', 'GREEN', '2025-12', '2025-12-28')
ON CONFLICT DO NOTHING;
INSERT INTO kpis (id, org_id, name, value, target, unit, status, period, measured_at)
VALUES ('0001000f-0000-0000-0000-000000000032', '00010001-0000-0000-0000-000000000001', 'Avvikelser', 2.0, 2, 'st', 'GREEN', '2025-12', '2025-12-28')
ON CONFLICT DO NOTHING;
INSERT INTO kpis (id, org_id, name, value, target, unit, status, period, measured_at)
VALUES ('0001000f-0000-0000-0000-000000000033', '00010001-0000-0000-0000-000000000001', 'Omsättning', 336362.9, 291666.6666666667, 'SEK', 'GREEN', '2026-01', '2026-01-28')
ON CONFLICT DO NOTHING;
INSERT INTO kpis (id, org_id, name, value, target, unit, status, period, measured_at)
VALUES ('0001000f-0000-0000-0000-000000000034', '00010001-0000-0000-0000-000000000001', 'Antal deals', 44.9, 40, 'st', 'GREEN', '2026-01', '2026-01-28')
ON CONFLICT DO NOTHING;
INSERT INTO kpis (id, org_id, name, value, target, unit, status, period, measured_at)
VALUES ('0001000f-0000-0000-0000-000000000035', '00010001-0000-0000-0000-000000000001', 'Kundnöjdhet', 78.1, 85, '%', 'GREEN', '2026-01', '2026-01-28')
ON CONFLICT DO NOTHING;
INSERT INTO kpis (id, org_id, name, value, target, unit, status, period, measured_at)
VALUES ('0001000f-0000-0000-0000-000000000036', '00010001-0000-0000-0000-000000000001', 'Ledtid', 4.0, 5, 'dagar', 'YELLOW', '2026-01', '2026-01-28')
ON CONFLICT DO NOTHING;
INSERT INTO kpis (id, org_id, name, value, target, unit, status, period, measured_at)
VALUES ('0001000f-0000-0000-0000-000000000037', '00010001-0000-0000-0000-000000000001', 'Avvikelser', 2.5, 2, 'st', 'GREEN', '2026-01', '2026-01-28')
ON CONFLICT DO NOTHING;
INSERT INTO kpis (id, org_id, name, value, target, unit, status, period, measured_at)
VALUES ('0001000f-0000-0000-0000-000000000038', '00010001-0000-0000-0000-000000000001', 'Omsättning', 239277.1, 291666.6666666667, 'SEK', 'YELLOW', '2026-02', '2026-02-28')
ON CONFLICT DO NOTHING;
INSERT INTO kpis (id, org_id, name, value, target, unit, status, period, measured_at)
VALUES ('0001000f-0000-0000-0000-000000000039', '00010001-0000-0000-0000-000000000001', 'Antal deals', 49.3, 40, 'st', 'GREEN', '2026-02', '2026-02-28')
ON CONFLICT DO NOTHING;
INSERT INTO kpis (id, org_id, name, value, target, unit, status, period, measured_at)
VALUES ('0001000f-0000-0000-0000-00000000003a', '00010001-0000-0000-0000-000000000001', 'Kundnöjdhet', 100.3, 85, '%', 'GREEN', '2026-02', '2026-02-28')
ON CONFLICT DO NOTHING;
INSERT INTO kpis (id, org_id, name, value, target, unit, status, period, measured_at)
VALUES ('0001000f-0000-0000-0000-00000000003b', '00010001-0000-0000-0000-000000000001', 'Ledtid', 5.6, 5, 'dagar', 'GREEN', '2026-02', '2026-02-28')
ON CONFLICT DO NOTHING;
INSERT INTO kpis (id, org_id, name, value, target, unit, status, period, measured_at)
VALUES ('0001000f-0000-0000-0000-00000000003c', '00010001-0000-0000-0000-000000000001', 'Avvikelser', 2.5, 2, 'st', 'GREEN', '2026-02', '2026-02-28')
ON CONFLICT DO NOTHING;

INSERT INTO goals (id, org_id, title, current_value, target_value, unit, status, start_date, end_date, owner_id, created_by)
VALUES ('00010011-0000-0000-0000-000000000001', '00010001-0000-0000-0000-000000000001', 'Öka omsättning med 15%', 417554.0, 525000.0, 'SEK', 'ACTIVE'::goal_status, '2025-03-01', '2026-02-28', '00010002-0000-0000-0000-000000000006', '00010002-0000-0000-0000-000000000001')
ON CONFLICT DO NOTHING;
INSERT INTO goals (id, org_id, title, current_value, target_value, unit, status, start_date, end_date, owner_id, created_by)
VALUES ('00010011-0000-0000-0000-000000000002', '00010001-0000-0000-0000-000000000001', 'Minska avvikelser till <3/månad', 2.0, 3, 'st', 'ON_TRACK'::goal_status, '2025-03-01', '2026-02-28', '00010002-0000-0000-0000-000000000001', '00010002-0000-0000-0000-000000000001')
ON CONFLICT DO NOTHING;
INSERT INTO goals (id, org_id, title, current_value, target_value, unit, status, start_date, end_date, owner_id, created_by)
VALUES ('00010011-0000-0000-0000-000000000003', '00010001-0000-0000-0000-000000000001', 'Kundnöjdhet > 90%', 66.3, 90, '%', 'ON_TRACK'::goal_status, '2025-03-01', '2026-02-28', '00010002-0000-0000-0000-000000000008', '00010002-0000-0000-0000-000000000001')
ON CONFLICT DO NOTHING;


-- ============================================================
-- ORG 2: Lindqvists Bilverkstad
-- ============================================================

INSERT INTO organizations (id, name, slug, domain, reporting_currency, settings)
VALUES ('00020001-0000-0000-0000-000000000001', 'Lindqvists Bilverkstad', 'lindqvists-bilverkstad', 'lindqvistsbil.se', 'SEK', '{}'::JSONB)
ON CONFLICT (slug) DO NOTHING;

INSERT INTO users (id, org_id, email, full_name, role, title)
VALUES ('00020002-0000-0000-0000-000000000001', '00020001-0000-0000-0000-000000000001', 'bengt.lindqvist@lindqvistsbil.se', 'Bengt Lindqvist', 'ADMIN'::user_role, 'Verkstadschef')
ON CONFLICT (org_id, email) DO NOTHING;
INSERT INTO users (id, org_id, email, full_name, role, title)
VALUES ('00020002-0000-0000-0000-000000000002', '00020001-0000-0000-0000-000000000001', 'par.carlsson@lindqvistsbil.se', 'Pär Carlsson', 'SALES'::user_role, 'Försäljare')
ON CONFLICT (org_id, email) DO NOTHING;
INSERT INTO users (id, org_id, email, full_name, role, title)
VALUES ('00020002-0000-0000-0000-000000000003', '00020001-0000-0000-0000-000000000001', 'gunnar.eriksson@lindqvistsbil.se', 'Gunnar Eriksson', 'OPS'::user_role, 'Chefsmekaniker')
ON CONFLICT (org_id, email) DO NOTHING;
INSERT INTO users (id, org_id, email, full_name, role, title)
VALUES ('00020002-0000-0000-0000-000000000004', '00020001-0000-0000-0000-000000000001', 'thomas.nilsson@lindqvistsbil.se', 'Thomas Nilsson', 'OPS'::user_role, 'Mekaniker')
ON CONFLICT (org_id, email) DO NOTHING;
INSERT INTO users (id, org_id, email, full_name, role, title)
VALUES ('00020002-0000-0000-0000-000000000005', '00020001-0000-0000-0000-000000000001', 'henrik.bergman@lindqvistsbil.se', 'Henrik Bergman', 'OPS'::user_role, 'Mekaniker')
ON CONFLICT (org_id, email) DO NOTHING;
INSERT INTO users (id, org_id, email, full_name, role, title)
VALUES ('00020002-0000-0000-0000-000000000006', '00020001-0000-0000-0000-000000000001', 'sven.holm@lindqvistsbil.se', 'Sven Holm', 'OPS'::user_role, 'Mekaniker')
ON CONFLICT (org_id, email) DO NOTHING;
INSERT INTO users (id, org_id, email, full_name, role, title)
VALUES ('00020002-0000-0000-0000-000000000007', '00020001-0000-0000-0000-000000000001', 'eva.persson@lindqvistsbil.se', 'Eva Persson', 'OPS'::user_role, 'Mekaniker')
ON CONFLICT (org_id, email) DO NOTHING;
INSERT INTO users (id, org_id, email, full_name, role, title)
VALUES ('00020002-0000-0000-0000-000000000008', '00020001-0000-0000-0000-000000000001', 'annika.larsson@lindqvistsbil.se', 'Annika Larsson', 'FINANCE'::user_role, 'Administratör')
ON CONFLICT (org_id, email) DO NOTHING;
INSERT INTO users (id, org_id, email, full_name, role, title)
VALUES ('00020002-0000-0000-0000-000000000009', '00020001-0000-0000-0000-000000000001', 'rickard.gustafsson@lindqvistsbil.se', 'Rickard Gustafsson', 'OPS'::user_role, 'Mekaniker')
ON CONFLICT (org_id, email) DO NOTHING;
INSERT INTO users (id, org_id, email, full_name, role, title)
VALUES ('00020002-0000-0000-0000-00000000000a', '00020001-0000-0000-0000-000000000001', 'magnus.olsson@lindqvistsbil.se', 'Magnus Olsson', 'OPS'::user_role, 'Mekaniker')
ON CONFLICT (org_id, email) DO NOTHING;
INSERT INTO users (id, org_id, email, full_name, role, title)
VALUES ('00020002-0000-0000-0000-00000000000b', '00020001-0000-0000-0000-000000000001', 'lena.strand@lindqvistsbil.se', 'Lena Strand', 'OPS'::user_role, 'Receptionist')
ON CONFLICT (org_id, email) DO NOTHING;
INSERT INTO users (id, org_id, email, full_name, role, title)
VALUES ('00020002-0000-0000-0000-00000000000c', '00020001-0000-0000-0000-000000000001', 'tobias.bjork@lindqvistsbil.se', 'Tobias Björk', 'OPS'::user_role, 'Mekaniker')
ON CONFLICT (org_id, email) DO NOTHING;

INSERT INTO companies (id, org_id, name, industry, country, created_by)
VALUES ('00020003-0000-0000-0000-000000000001', '00020001-0000-0000-0000-000000000001', 'Autodistribution AB', 'Reservdelshandel', 'SE', '00020002-0000-0000-0000-000000000001')
ON CONFLICT DO NOTHING;
INSERT INTO companies (id, org_id, name, industry, country, created_by)
VALUES ('00020003-0000-0000-0000-000000000002', '00020001-0000-0000-0000-000000000001', 'Bosch Service AB', 'Diagnosutrustning', 'SE', '00020002-0000-0000-0000-000000000001')
ON CONFLICT DO NOTHING;
INSERT INTO companies (id, org_id, name, industry, country, created_by)
VALUES ('00020003-0000-0000-0000-000000000003', '00020001-0000-0000-0000-000000000001', 'Delphi Technologies SE', 'Elektronikkomponenter', 'SE', '00020002-0000-0000-0000-000000000001')
ON CONFLICT DO NOTHING;
INSERT INTO companies (id, org_id, name, industry, country, created_by)
VALUES ('00020003-0000-0000-0000-000000000004', '00020001-0000-0000-0000-000000000001', 'Meca Sverige AB', 'Reservdelar', 'SE', '00020002-0000-0000-0000-000000000001')
ON CONFLICT DO NOTHING;
INSERT INTO companies (id, org_id, name, industry, country, created_by)
VALUES ('00020003-0000-0000-0000-000000000005', '00020001-0000-0000-0000-000000000001', 'InterCars Sverige AB', 'Reservdelar', 'SE', '00020002-0000-0000-0000-000000000001')
ON CONFLICT DO NOTHING;
INSERT INTO companies (id, org_id, name, industry, country, city, created_by)
VALUES ('00020003-0000-0000-0000-000000000006', '00020001-0000-0000-0000-000000000001', 'Ek Partner AB', 'Automotive service', 'SE', 'Göteborg', '00020002-0000-0000-0000-000000000001')
ON CONFLICT DO NOTHING;
INSERT INTO companies (id, org_id, name, industry, country, city, created_by)
VALUES ('00020003-0000-0000-0000-000000000007', '00020001-0000-0000-0000-000000000001', 'Björn Bygg AB', 'Automotive service', 'SE', 'Göteborg', '00020002-0000-0000-0000-000000000001')
ON CONFLICT DO NOTHING;
INSERT INTO companies (id, org_id, name, industry, country, city, created_by)
VALUES ('00020003-0000-0000-0000-000000000008', '00020001-0000-0000-0000-000000000001', 'Lindgren Projekt AB', 'Automotive service', 'SE', 'Göteborg', '00020002-0000-0000-0000-000000000001')
ON CONFLICT DO NOTHING;
INSERT INTO companies (id, org_id, name, industry, country, city, created_by)
VALUES ('00020003-0000-0000-0000-000000000009', '00020001-0000-0000-0000-000000000001', 'Nilsson Service AB', 'Automotive service', 'SE', 'Göteborg', '00020002-0000-0000-0000-000000000001')
ON CONFLICT DO NOTHING;
INSERT INTO companies (id, org_id, name, industry, country, city, created_by)
VALUES ('00020003-0000-0000-0000-00000000000a', '00020001-0000-0000-0000-000000000001', 'Lindgren Bygg AB', 'Automotive service', 'SE', 'Göteborg', '00020002-0000-0000-0000-000000000001')
ON CONFLICT DO NOTHING;
INSERT INTO companies (id, org_id, name, industry, country, city, created_by)
VALUES ('00020003-0000-0000-0000-00000000000b', '00020001-0000-0000-0000-000000000001', 'Berg Lösningar AB', 'Automotive service', 'SE', 'Göteborg', '00020002-0000-0000-0000-000000000001')
ON CONFLICT DO NOTHING;
INSERT INTO companies (id, org_id, name, industry, country, city, created_by)
VALUES ('00020003-0000-0000-0000-00000000000c', '00020001-0000-0000-0000-000000000001', 'Holm Bygg AB', 'Automotive service', 'SE', 'Göteborg', '00020002-0000-0000-0000-000000000001')
ON CONFLICT DO NOTHING;
INSERT INTO companies (id, org_id, name, industry, country, city, created_by)
VALUES ('00020003-0000-0000-0000-00000000000d', '00020001-0000-0000-0000-000000000001', 'Persson Fastigheter AB', 'Automotive service', 'SE', 'Göteborg', '00020002-0000-0000-0000-000000000001')
ON CONFLICT DO NOTHING;
INSERT INTO companies (id, org_id, name, industry, country, city, created_by)
VALUES ('00020003-0000-0000-0000-00000000000e', '00020001-0000-0000-0000-000000000001', 'Nilsson Lösningar AB', 'Automotive service', 'SE', 'Göteborg', '00020002-0000-0000-0000-000000000001')
ON CONFLICT DO NOTHING;
INSERT INTO companies (id, org_id, name, industry, country, city, created_by)
VALUES ('00020003-0000-0000-0000-00000000000f', '00020001-0000-0000-0000-000000000001', 'Berg Bygg AB', 'Automotive service', 'SE', 'Göteborg', '00020002-0000-0000-0000-000000000001')
ON CONFLICT DO NOTHING;
INSERT INTO companies (id, org_id, name, industry, country, city, created_by)
VALUES ('00020003-0000-0000-0000-000000000010', '00020001-0000-0000-0000-000000000001', 'Karlsson Handel AB', 'Automotive service', 'SE', 'Göteborg', '00020002-0000-0000-0000-000000000001')
ON CONFLICT DO NOTHING;
INSERT INTO companies (id, org_id, name, industry, country, city, created_by)
VALUES ('00020003-0000-0000-0000-000000000011', '00020001-0000-0000-0000-000000000001', 'Persson Partner AB', 'Automotive service', 'SE', 'Göteborg', '00020002-0000-0000-0000-000000000001')
ON CONFLICT DO NOTHING;
INSERT INTO companies (id, org_id, name, industry, country, city, created_by)
VALUES ('00020003-0000-0000-0000-000000000012', '00020001-0000-0000-0000-000000000001', 'Berg Service AB', 'Automotive service', 'SE', 'Göteborg', '00020002-0000-0000-0000-000000000001')
ON CONFLICT DO NOTHING;
INSERT INTO companies (id, org_id, name, industry, country, city, created_by)
VALUES ('00020003-0000-0000-0000-000000000013', '00020001-0000-0000-0000-000000000001', 'Holm Invest AB', 'Automotive service', 'SE', 'Göteborg', '00020002-0000-0000-0000-000000000001')
ON CONFLICT DO NOTHING;
INSERT INTO companies (id, org_id, name, industry, country, city, created_by)
VALUES ('00020003-0000-0000-0000-000000000014', '00020001-0000-0000-0000-000000000001', 'Holm Bygg AB', 'Automotive service', 'SE', 'Göteborg', '00020002-0000-0000-0000-000000000001')
ON CONFLICT DO NOTHING;
INSERT INTO companies (id, org_id, name, industry, country, city, created_by)
VALUES ('00020003-0000-0000-0000-000000000015', '00020001-0000-0000-0000-000000000001', 'Berg Partner AB', 'Automotive service', 'SE', 'Göteborg', '00020002-0000-0000-0000-000000000001')
ON CONFLICT DO NOTHING;
INSERT INTO companies (id, org_id, name, industry, country, city, created_by)
VALUES ('00020003-0000-0000-0000-000000000016', '00020001-0000-0000-0000-000000000001', 'Ek Fastigheter AB', 'Automotive service', 'SE', 'Göteborg', '00020002-0000-0000-0000-000000000001')
ON CONFLICT DO NOTHING;
INSERT INTO companies (id, org_id, name, industry, country, city, created_by)
VALUES ('00020003-0000-0000-0000-000000000017', '00020001-0000-0000-0000-000000000001', 'Björn Handel AB', 'Automotive service', 'SE', 'Göteborg', '00020002-0000-0000-0000-000000000001')
ON CONFLICT DO NOTHING;
INSERT INTO companies (id, org_id, name, industry, country, city, created_by)
VALUES ('00020003-0000-0000-0000-000000000018', '00020001-0000-0000-0000-000000000001', 'Berg Projekt AB', 'Automotive service', 'SE', 'Göteborg', '00020002-0000-0000-0000-000000000001')
ON CONFLICT DO NOTHING;
INSERT INTO companies (id, org_id, name, industry, country, city, created_by)
VALUES ('00020003-0000-0000-0000-000000000019', '00020001-0000-0000-0000-000000000001', 'Lindgren Service AB', 'Automotive service', 'SE', 'Göteborg', '00020002-0000-0000-0000-000000000001')
ON CONFLICT DO NOTHING;
INSERT INTO companies (id, org_id, name, industry, country, city, created_by)
VALUES ('00020003-0000-0000-0000-00000000001a', '00020001-0000-0000-0000-000000000001', 'Karlsson Service AB', 'Automotive service', 'SE', 'Göteborg', '00020002-0000-0000-0000-000000000001')
ON CONFLICT DO NOTHING;
INSERT INTO companies (id, org_id, name, industry, country, city, created_by)
VALUES ('00020003-0000-0000-0000-00000000001b', '00020001-0000-0000-0000-000000000001', 'Björn Fastigheter AB', 'Automotive service', 'SE', 'Göteborg', '00020002-0000-0000-0000-000000000001')
ON CONFLICT DO NOTHING;
INSERT INTO companies (id, org_id, name, industry, country, city, created_by)
VALUES ('00020003-0000-0000-0000-00000000001c', '00020001-0000-0000-0000-000000000001', 'Holm Lösningar AB', 'Automotive service', 'SE', 'Göteborg', '00020002-0000-0000-0000-000000000001')
ON CONFLICT DO NOTHING;
INSERT INTO companies (id, org_id, name, industry, country, city, created_by)
VALUES ('00020003-0000-0000-0000-00000000001d', '00020001-0000-0000-0000-000000000001', 'Lindgren Bygg AB', 'Automotive service', 'SE', 'Göteborg', '00020002-0000-0000-0000-000000000001')
ON CONFLICT DO NOTHING;
INSERT INTO companies (id, org_id, name, industry, country, city, created_by)
VALUES ('00020003-0000-0000-0000-00000000001e', '00020001-0000-0000-0000-000000000001', 'Berg Bygg AB', 'Automotive service', 'SE', 'Göteborg', '00020002-0000-0000-0000-000000000001')
ON CONFLICT DO NOTHING;
INSERT INTO companies (id, org_id, name, industry, country, city, created_by)
VALUES ('00020003-0000-0000-0000-00000000001f', '00020001-0000-0000-0000-000000000001', 'Lindgren Fastigheter AB', 'Automotive service', 'SE', 'Göteborg', '00020002-0000-0000-0000-000000000001')
ON CONFLICT DO NOTHING;
INSERT INTO companies (id, org_id, name, industry, country, city, created_by)
VALUES ('00020003-0000-0000-0000-000000000020', '00020001-0000-0000-0000-000000000001', 'Nilsson Service AB', 'Automotive service', 'SE', 'Göteborg', '00020002-0000-0000-0000-000000000001')
ON CONFLICT DO NOTHING;
INSERT INTO companies (id, org_id, name, industry, country, city, created_by)
VALUES ('00020003-0000-0000-0000-000000000021', '00020001-0000-0000-0000-000000000001', 'Lindgren Invest AB', 'Automotive service', 'SE', 'Göteborg', '00020002-0000-0000-0000-000000000001')
ON CONFLICT DO NOTHING;
INSERT INTO companies (id, org_id, name, industry, country, city, created_by)
VALUES ('00020003-0000-0000-0000-000000000022', '00020001-0000-0000-0000-000000000001', 'Lindgren Bygg AB', 'Automotive service', 'SE', 'Göteborg', '00020002-0000-0000-0000-000000000001')
ON CONFLICT DO NOTHING;
INSERT INTO companies (id, org_id, name, industry, country, city, created_by)
VALUES ('00020003-0000-0000-0000-000000000023', '00020001-0000-0000-0000-000000000001', 'Lindgren Handel AB', 'Automotive service', 'SE', 'Göteborg', '00020002-0000-0000-0000-000000000001')
ON CONFLICT DO NOTHING;

INSERT INTO contacts (id, org_id, company_id, first_name, last_name, email, created_by)
VALUES ('00020004-0000-0000-0000-000000000001', '00020001-0000-0000-0000-000000000001', '00020003-0000-0000-0000-00000000000a', 'Kristina', 'Larsson', 'kristina.larsson@example.com', '00020002-0000-0000-0000-000000000001')
ON CONFLICT DO NOTHING;
INSERT INTO contacts (id, org_id, company_id, first_name, last_name, email, created_by)
VALUES ('00020004-0000-0000-0000-000000000002', '00020001-0000-0000-0000-000000000001', '00020003-0000-0000-0000-000000000012', 'Magnus', 'Svensson', 'magnus.svensson@example.com', '00020002-0000-0000-0000-000000000001')
ON CONFLICT DO NOTHING;
INSERT INTO contacts (id, org_id, company_id, first_name, last_name, email, created_by)
VALUES ('00020004-0000-0000-0000-000000000003', '00020001-0000-0000-0000-000000000001', '00020003-0000-0000-0000-000000000023', 'Eva', 'Nilsson', 'eva.nilsson@example.com', '00020002-0000-0000-0000-000000000001')
ON CONFLICT DO NOTHING;
INSERT INTO contacts (id, org_id, company_id, first_name, last_name, email, created_by)
VALUES ('00020004-0000-0000-0000-000000000004', '00020001-0000-0000-0000-000000000001', '00020003-0000-0000-0000-00000000000c', 'Monica', 'Strand', 'monica.strand@example.com', '00020002-0000-0000-0000-000000000001')
ON CONFLICT DO NOTHING;
INSERT INTO contacts (id, org_id, company_id, first_name, last_name, email, created_by)
VALUES ('00020004-0000-0000-0000-000000000005', '00020001-0000-0000-0000-000000000001', '00020003-0000-0000-0000-000000000002', 'Lena', 'Holm', 'lena.holm@example.com', '00020002-0000-0000-0000-000000000001')
ON CONFLICT DO NOTHING;
INSERT INTO contacts (id, org_id, company_id, first_name, last_name, email, created_by)
VALUES ('00020004-0000-0000-0000-000000000006', '00020001-0000-0000-0000-000000000001', '00020003-0000-0000-0000-000000000017', 'Eva', 'Svensson', 'eva.svensson@example.com', '00020002-0000-0000-0000-000000000001')
ON CONFLICT DO NOTHING;
INSERT INTO contacts (id, org_id, company_id, first_name, last_name, email, created_by)
VALUES ('00020004-0000-0000-0000-000000000007', '00020001-0000-0000-0000-000000000001', '00020003-0000-0000-0000-000000000015', 'Kristina', 'Berg', 'kristina.berg@example.com', '00020002-0000-0000-0000-000000000001')
ON CONFLICT DO NOTHING;
INSERT INTO contacts (id, org_id, company_id, first_name, last_name, email, created_by)
VALUES ('00020004-0000-0000-0000-000000000008', '00020001-0000-0000-0000-000000000001', '00020003-0000-0000-0000-000000000011', 'Anna', 'Nilsson', 'anna.nilsson@example.com', '00020002-0000-0000-0000-000000000001')
ON CONFLICT DO NOTHING;
INSERT INTO contacts (id, org_id, company_id, first_name, last_name, email, created_by)
VALUES ('00020004-0000-0000-0000-000000000009', '00020001-0000-0000-0000-000000000001', '00020003-0000-0000-0000-00000000001b', 'Maria', 'Nilsson', 'maria.nilsson@example.com', '00020002-0000-0000-0000-000000000001')
ON CONFLICT DO NOTHING;
INSERT INTO contacts (id, org_id, company_id, first_name, last_name, email, created_by)
VALUES ('00020004-0000-0000-0000-00000000000a', '00020001-0000-0000-0000-000000000001', '00020003-0000-0000-0000-000000000005', 'Anders', 'Johansson', 'anders.johansson@example.com', '00020002-0000-0000-0000-000000000001')
ON CONFLICT DO NOTHING;
INSERT INTO contacts (id, org_id, company_id, first_name, last_name, email, created_by)
VALUES ('00020004-0000-0000-0000-00000000000b', '00020001-0000-0000-0000-000000000001', '00020003-0000-0000-0000-000000000018', 'Mikael', 'Andersson', 'mikael.andersson@example.com', '00020002-0000-0000-0000-000000000001')
ON CONFLICT DO NOTHING;
INSERT INTO contacts (id, org_id, company_id, first_name, last_name, email, created_by)
VALUES ('00020004-0000-0000-0000-00000000000c', '00020001-0000-0000-0000-000000000001', '00020003-0000-0000-0000-000000000007', 'Anders', 'Berg', 'anders.berg@example.com', '00020002-0000-0000-0000-000000000001')
ON CONFLICT DO NOTHING;
INSERT INTO contacts (id, org_id, company_id, first_name, last_name, email, created_by)
VALUES ('00020004-0000-0000-0000-00000000000d', '00020001-0000-0000-0000-000000000001', '00020003-0000-0000-0000-00000000000f', 'Erik', 'Lindqvist', 'erik.lindqvist@example.com', '00020002-0000-0000-0000-000000000001')
ON CONFLICT DO NOTHING;
INSERT INTO contacts (id, org_id, company_id, first_name, last_name, email, created_by)
VALUES ('00020004-0000-0000-0000-00000000000e', '00020001-0000-0000-0000-000000000001', '00020003-0000-0000-0000-000000000022', 'Magnus', 'Svensson', 'magnus.svensson@example.com', '00020002-0000-0000-0000-000000000001')
ON CONFLICT DO NOTHING;
INSERT INTO contacts (id, org_id, company_id, first_name, last_name, email, created_by)
VALUES ('00020004-0000-0000-0000-00000000000f', '00020001-0000-0000-0000-000000000001', '00020003-0000-0000-0000-000000000002', 'Linda', 'Andersson', 'linda.andersson@example.com', '00020002-0000-0000-0000-000000000001')
ON CONFLICT DO NOTHING;
INSERT INTO contacts (id, org_id, company_id, first_name, last_name, email, created_by)
VALUES ('00020004-0000-0000-0000-000000000010', '00020001-0000-0000-0000-000000000001', '00020003-0000-0000-0000-00000000001a', 'Maria', 'Andersson', 'maria.andersson@example.com', '00020002-0000-0000-0000-000000000001')
ON CONFLICT DO NOTHING;
INSERT INTO contacts (id, org_id, company_id, first_name, last_name, email, created_by)
VALUES ('00020004-0000-0000-0000-000000000011', '00020001-0000-0000-0000-000000000001', '00020003-0000-0000-0000-000000000007', 'Johan', 'Holm', 'johan.holm@example.com', '00020002-0000-0000-0000-000000000001')
ON CONFLICT DO NOTHING;
INSERT INTO contacts (id, org_id, company_id, first_name, last_name, email, created_by)
VALUES ('00020004-0000-0000-0000-000000000012', '00020001-0000-0000-0000-000000000001', '00020003-0000-0000-0000-00000000001d', 'Mikael', 'Björk', 'mikael.björk@example.com', '00020002-0000-0000-0000-000000000001')
ON CONFLICT DO NOTHING;
INSERT INTO contacts (id, org_id, company_id, first_name, last_name, email, created_by)
VALUES ('00020004-0000-0000-0000-000000000013', '00020001-0000-0000-0000-000000000001', '00020003-0000-0000-0000-000000000006', 'Sara', 'Nyman', 'sara.nyman@example.com', '00020002-0000-0000-0000-000000000001')
ON CONFLICT DO NOTHING;
INSERT INTO contacts (id, org_id, company_id, first_name, last_name, email, created_by)
VALUES ('00020004-0000-0000-0000-000000000014', '00020001-0000-0000-0000-000000000001', '00020003-0000-0000-0000-00000000000a', 'Emma', 'Berg', 'emma.berg@example.com', '00020002-0000-0000-0000-000000000001')
ON CONFLICT DO NOTHING;
INSERT INTO contacts (id, org_id, company_id, first_name, last_name, email, created_by)
VALUES ('00020004-0000-0000-0000-000000000015', '00020001-0000-0000-0000-000000000001', '00020003-0000-0000-0000-000000000012', 'Sara', 'Nilsson', 'sara.nilsson@example.com', '00020002-0000-0000-0000-000000000001')
ON CONFLICT DO NOTHING;
INSERT INTO contacts (id, org_id, company_id, first_name, last_name, email, created_by)
VALUES ('00020004-0000-0000-0000-000000000016', '00020001-0000-0000-0000-000000000001', '00020003-0000-0000-0000-000000000015', 'Magnus', 'Holm', 'magnus.holm@example.com', '00020002-0000-0000-0000-000000000001')
ON CONFLICT DO NOTHING;
INSERT INTO contacts (id, org_id, company_id, first_name, last_name, email, created_by)
VALUES ('00020004-0000-0000-0000-000000000017', '00020001-0000-0000-0000-000000000001', '00020003-0000-0000-0000-000000000022', 'Lars', 'Berg', 'lars.berg@example.com', '00020002-0000-0000-0000-000000000001')
ON CONFLICT DO NOTHING;
INSERT INTO contacts (id, org_id, company_id, first_name, last_name, email, created_by)
VALUES ('00020004-0000-0000-0000-000000000018', '00020001-0000-0000-0000-000000000001', '00020003-0000-0000-0000-000000000021', 'Linda', 'Andersson', 'linda.andersson@example.com', '00020002-0000-0000-0000-000000000001')
ON CONFLICT DO NOTHING;
INSERT INTO contacts (id, org_id, company_id, first_name, last_name, email, created_by)
VALUES ('00020004-0000-0000-0000-000000000019', '00020001-0000-0000-0000-000000000001', '00020003-0000-0000-0000-000000000007', 'Magnus', 'Persson', 'magnus.persson@example.com', '00020002-0000-0000-0000-000000000001')
ON CONFLICT DO NOTHING;
INSERT INTO contacts (id, org_id, company_id, first_name, last_name, email, created_by)
VALUES ('00020004-0000-0000-0000-00000000001a', '00020001-0000-0000-0000-000000000001', '00020003-0000-0000-0000-00000000000e', 'Marcus', 'Johansson', 'marcus.johansson@example.com', '00020002-0000-0000-0000-000000000001')
ON CONFLICT DO NOTHING;
INSERT INTO contacts (id, org_id, company_id, first_name, last_name, email, created_by)
VALUES ('00020004-0000-0000-0000-00000000001b', '00020001-0000-0000-0000-000000000001', '00020003-0000-0000-0000-00000000000f', 'Johan', 'Andersson', 'johan.andersson@example.com', '00020002-0000-0000-0000-000000000001')
ON CONFLICT DO NOTHING;
INSERT INTO contacts (id, org_id, company_id, first_name, last_name, email, created_by)
VALUES ('00020004-0000-0000-0000-00000000001c', '00020001-0000-0000-0000-000000000001', '00020003-0000-0000-0000-00000000001e', 'Johan', 'Larsson', 'johan.larsson@example.com', '00020002-0000-0000-0000-000000000001')
ON CONFLICT DO NOTHING;
INSERT INTO contacts (id, org_id, company_id, first_name, last_name, email, created_by)
VALUES ('00020004-0000-0000-0000-00000000001d', '00020001-0000-0000-0000-000000000001', '00020003-0000-0000-0000-000000000007', 'Lars', 'Persson', 'lars.persson@example.com', '00020002-0000-0000-0000-000000000001')
ON CONFLICT DO NOTHING;
INSERT INTO contacts (id, org_id, company_id, first_name, last_name, email, created_by)
VALUES ('00020004-0000-0000-0000-00000000001e', '00020001-0000-0000-0000-000000000001', '00020003-0000-0000-0000-000000000015', 'Emma', 'Persson', 'emma.persson@example.com', '00020002-0000-0000-0000-000000000001')
ON CONFLICT DO NOTHING;
INSERT INTO contacts (id, org_id, company_id, first_name, last_name, email, created_by)
VALUES ('00020004-0000-0000-0000-00000000001f', '00020001-0000-0000-0000-000000000001', '00020003-0000-0000-0000-000000000018', 'Daniel', 'Karlsson', 'daniel.karlsson@example.com', '00020002-0000-0000-0000-000000000001')
ON CONFLICT DO NOTHING;
INSERT INTO contacts (id, org_id, company_id, first_name, last_name, email, created_by)
VALUES ('00020004-0000-0000-0000-000000000020', '00020001-0000-0000-0000-000000000001', '00020003-0000-0000-0000-00000000001f', 'Eva', 'Holm', 'eva.holm@example.com', '00020002-0000-0000-0000-000000000001')
ON CONFLICT DO NOTHING;
INSERT INTO contacts (id, org_id, company_id, first_name, last_name, email, created_by)
VALUES ('00020004-0000-0000-0000-000000000021', '00020001-0000-0000-0000-000000000001', '00020003-0000-0000-0000-000000000006', 'Sara', 'Johansson', 'sara.johansson@example.com', '00020002-0000-0000-0000-000000000001')
ON CONFLICT DO NOTHING;
INSERT INTO contacts (id, org_id, company_id, first_name, last_name, email, created_by)
VALUES ('00020004-0000-0000-0000-000000000022', '00020001-0000-0000-0000-000000000001', '00020003-0000-0000-0000-000000000007', 'Sara', 'Persson', 'sara.persson@example.com', '00020002-0000-0000-0000-000000000001')
ON CONFLICT DO NOTHING;
INSERT INTO contacts (id, org_id, company_id, first_name, last_name, email, created_by)
VALUES ('00020004-0000-0000-0000-000000000023', '00020001-0000-0000-0000-000000000001', '00020003-0000-0000-0000-000000000018', 'Niklas', 'Björk', 'niklas.björk@example.com', '00020002-0000-0000-0000-000000000001')
ON CONFLICT DO NOTHING;

INSERT INTO deals (id, org_id, company_id, contact_id, title, status, amount, currency, exchange_rate, reporting_amount, probability, expected_close, closed_at, assigned_to, created_by)
VALUES ('00020006-0000-0000-0000-000000000001', '00020001-0000-0000-0000-000000000001', '00020003-0000-0000-0000-000000000008', '00020004-0000-0000-0000-00000000001b', 'Serviceavtal Volvo V90 – fam. Karlsson #1', 'LOST'::deal_status, 290911.82, 'SEK', 1.0, 290911.82, 10, '2026-02-06', '2025-12-26', '00020002-0000-0000-0000-000000000006', '00020002-0000-0000-0000-000000000001')
ON CONFLICT DO NOTHING;
INSERT INTO deals (id, org_id, company_id, contact_id, title, status, amount, currency, exchange_rate, reporting_amount, probability, expected_close, closed_at, assigned_to, created_by)
VALUES ('00020006-0000-0000-0000-000000000002', '00020001-0000-0000-0000-000000000001', '00020003-0000-0000-0000-000000000014', '00020004-0000-0000-0000-000000000017', 'Bytarbyte – Toyota Corolla #2', 'LOST'::deal_status, 410804.67, 'SEK', 1.0, 410804.67, 10, '2025-08-21', '2025-03-27', '00020002-0000-0000-0000-000000000002', '00020002-0000-0000-0000-000000000001')
ON CONFLICT DO NOTHING;
INSERT INTO deals (id, org_id, company_id, contact_id, title, status, amount, currency, exchange_rate, reporting_amount, probability, expected_close, closed_at, assigned_to, created_by)
VALUES ('00020006-0000-0000-0000-000000000003', '00020001-0000-0000-0000-000000000001', '00020003-0000-0000-0000-000000000007', '00020004-0000-0000-0000-000000000017', 'Karossreparation BMW 3-serie #3', 'NEGOTIATION'::deal_status, 136434.68, 'SEK', 1.0, 136434.68, 50, '2026-01-25', NULL, '00020002-0000-0000-0000-000000000009', '00020002-0000-0000-0000-000000000001')
ON CONFLICT DO NOTHING;
INSERT INTO deals (id, org_id, company_id, contact_id, title, status, amount, currency, exchange_rate, reporting_amount, probability, expected_close, closed_at, assigned_to, created_by)
VALUES ('00020006-0000-0000-0000-000000000004', '00020001-0000-0000-0000-000000000001', '00020003-0000-0000-0000-00000000001c', '00020004-0000-0000-0000-000000000002', 'AC-service och påfyllning #4', 'DEMO'::deal_status, 370232.94, 'SEK', 1.0, 370232.94, 56, '2026-01-16', NULL, '00020002-0000-0000-0000-00000000000a', '00020002-0000-0000-0000-000000000001')
ON CONFLICT DO NOTHING;
INSERT INTO deals (id, org_id, company_id, contact_id, title, status, amount, currency, exchange_rate, reporting_amount, probability, expected_close, closed_at, assigned_to, created_by)
VALUES ('00020006-0000-0000-0000-000000000005', '00020001-0000-0000-0000-000000000001', '00020003-0000-0000-0000-000000000014', '00020004-0000-0000-0000-000000000016', 'Bromsrenovering Audi A4 #5', 'WON'::deal_status, 88058.92, 'SEK', 1.0, 88058.92, 90, '2026-01-13', '2025-07-18', '00020002-0000-0000-0000-000000000006', '00020002-0000-0000-0000-000000000001')
ON CONFLICT DO NOTHING;
INSERT INTO deals (id, org_id, company_id, contact_id, title, status, amount, currency, exchange_rate, reporting_amount, probability, expected_close, closed_at, assigned_to, created_by)
VALUES ('00020006-0000-0000-0000-000000000006', '00020001-0000-0000-0000-000000000001', '00020003-0000-0000-0000-000000000005', '00020004-0000-0000-0000-00000000000a', 'Däckbyte + lagring vinter #6', 'NEW'::deal_status, 411485.66, 'SEK', 1.0, 411485.66, 56, '2026-02-12', NULL, '00020002-0000-0000-0000-00000000000c', '00020002-0000-0000-0000-000000000001')
ON CONFLICT DO NOTHING;
INSERT INTO deals (id, org_id, company_id, contact_id, title, status, amount, currency, exchange_rate, reporting_amount, probability, expected_close, closed_at, assigned_to, created_by)
VALUES ('00020006-0000-0000-0000-000000000007', '00020001-0000-0000-0000-000000000001', '00020003-0000-0000-0000-000000000019', '00020004-0000-0000-0000-00000000001b', 'Rekonditionering Skoda Octavia #7', 'WON'::deal_status, 112214.49, 'SEK', 1.0, 112214.49, 90, '2025-12-24', '2025-11-27', '00020002-0000-0000-0000-000000000008', '00020002-0000-0000-0000-000000000001')
ON CONFLICT DO NOTHING;
INSERT INTO deals (id, org_id, company_id, contact_id, title, status, amount, currency, exchange_rate, reporting_amount, probability, expected_close, closed_at, assigned_to, created_by)
VALUES ('00020006-0000-0000-0000-000000000008', '00020001-0000-0000-0000-000000000001', '00020003-0000-0000-0000-000000000006', '00020004-0000-0000-0000-000000000004', 'Motorgenomgång Saab 9-3 #8', 'DEMO'::deal_status, 219251.19, 'SEK', 1.0, 219251.19, 66, '2026-02-28', NULL, '00020002-0000-0000-0000-000000000003', '00020002-0000-0000-0000-000000000001')
ON CONFLICT DO NOTHING;
INSERT INTO deals (id, org_id, company_id, contact_id, title, status, amount, currency, exchange_rate, reporting_amount, probability, expected_close, closed_at, assigned_to, created_by)
VALUES ('00020006-0000-0000-0000-000000000009', '00020001-0000-0000-0000-000000000001', '00020003-0000-0000-0000-000000000020', '00020004-0000-0000-0000-00000000001d', 'Kalibrering ADAS-sensorer Tesla #9', 'QUALIFIED'::deal_status, 336141.81, 'SEK', 1.0, 336141.81, 37, '2026-01-29', NULL, '00020002-0000-0000-0000-000000000007', '00020002-0000-0000-0000-000000000001')
ON CONFLICT DO NOTHING;
INSERT INTO deals (id, org_id, company_id, contact_id, title, status, amount, currency, exchange_rate, reporting_amount, probability, expected_close, closed_at, assigned_to, created_by)
VALUES ('00020006-0000-0000-0000-00000000000a', '00020001-0000-0000-0000-000000000001', '00020003-0000-0000-0000-000000000008', '00020004-0000-0000-0000-000000000013', 'Garantireparation VW Passat #10', 'DEMO'::deal_status, 367285.82, 'SEK', 1.0, 367285.82, 27, '2025-12-12', NULL, '00020002-0000-0000-0000-00000000000b', '00020002-0000-0000-0000-000000000001')
ON CONFLICT DO NOTHING;
INSERT INTO deals (id, org_id, company_id, contact_id, title, status, amount, currency, exchange_rate, reporting_amount, probability, expected_close, closed_at, assigned_to, created_by)
VALUES ('00020006-0000-0000-0000-00000000000b', '00020001-0000-0000-0000-000000000001', '00020003-0000-0000-0000-00000000000f', '00020004-0000-0000-0000-00000000001a', 'Oljebyte + filterbyte flotta #11', 'WON'::deal_status, 279590.04, 'SEK', 1.0, 279590.04, 90, '2025-08-16', '2025-08-05', '00020002-0000-0000-0000-00000000000a', '00020002-0000-0000-0000-000000000001')
ON CONFLICT DO NOTHING;
INSERT INTO deals (id, org_id, company_id, contact_id, title, status, amount, currency, exchange_rate, reporting_amount, probability, expected_close, closed_at, assigned_to, created_by)
VALUES ('00020006-0000-0000-0000-00000000000c', '00020001-0000-0000-0000-000000000001', '00020003-0000-0000-0000-000000000011', '00020004-0000-0000-0000-000000000013', 'Kamremsbyte Volkswagen Golf #12', 'NEW'::deal_status, 155547.36, 'SEK', 1.0, 155547.36, 80, '2025-08-26', NULL, '00020002-0000-0000-0000-000000000006', '00020002-0000-0000-0000-000000000001')
ON CONFLICT DO NOTHING;
INSERT INTO deals (id, org_id, company_id, contact_id, title, status, amount, currency, exchange_rate, reporting_amount, probability, expected_close, closed_at, assigned_to, created_by)
VALUES ('00020006-0000-0000-0000-00000000000d', '00020001-0000-0000-0000-000000000001', '00020003-0000-0000-0000-000000000019', '00020004-0000-0000-0000-000000000023', 'Serviceavtal Volvo V90 – fam. Karlsson #13', 'NEW'::deal_status, 268225.13, 'SEK', 1.0, 268225.13, 47, '2025-08-03', NULL, '00020002-0000-0000-0000-00000000000c', '00020002-0000-0000-0000-000000000001')
ON CONFLICT DO NOTHING;
INSERT INTO deals (id, org_id, company_id, contact_id, title, status, amount, currency, exchange_rate, reporting_amount, probability, expected_close, closed_at, assigned_to, created_by)
VALUES ('00020006-0000-0000-0000-00000000000e', '00020001-0000-0000-0000-000000000001', '00020003-0000-0000-0000-000000000002', '00020004-0000-0000-0000-00000000001e', 'Bytarbyte – Toyota Corolla #14', 'QUALIFIED'::deal_status, 104644.42, 'SEK', 1.0, 104644.42, 75, '2025-10-31', NULL, '00020002-0000-0000-0000-000000000002', '00020002-0000-0000-0000-000000000001')
ON CONFLICT DO NOTHING;
INSERT INTO deals (id, org_id, company_id, contact_id, title, status, amount, currency, exchange_rate, reporting_amount, probability, expected_close, closed_at, assigned_to, created_by)
VALUES ('00020006-0000-0000-0000-00000000000f', '00020001-0000-0000-0000-000000000001', '00020003-0000-0000-0000-00000000001b', '00020004-0000-0000-0000-000000000013', 'Karossreparation BMW 3-serie #15', 'LOST'::deal_status, 298368.91, 'SEK', 1.0, 298368.91, 10, '2026-02-08', '2025-12-19', '00020002-0000-0000-0000-000000000002', '00020002-0000-0000-0000-000000000001')
ON CONFLICT DO NOTHING;
INSERT INTO deals (id, org_id, company_id, contact_id, title, status, amount, currency, exchange_rate, reporting_amount, probability, expected_close, closed_at, assigned_to, created_by)
VALUES ('00020006-0000-0000-0000-000000000010', '00020001-0000-0000-0000-000000000001', '00020003-0000-0000-0000-000000000018', '00020004-0000-0000-0000-000000000006', 'AC-service och påfyllning #16', 'OFFER'::deal_status, 448538.34, 'SEK', 1.0, 448538.34, 30, '2026-02-09', NULL, '00020002-0000-0000-0000-000000000007', '00020002-0000-0000-0000-000000000001')
ON CONFLICT DO NOTHING;
INSERT INTO deals (id, org_id, company_id, contact_id, title, status, amount, currency, exchange_rate, reporting_amount, probability, expected_close, closed_at, assigned_to, created_by)
VALUES ('00020006-0000-0000-0000-000000000011', '00020001-0000-0000-0000-000000000001', '00020003-0000-0000-0000-000000000022', '00020004-0000-0000-0000-000000000006', 'Bromsrenovering Audi A4 #17', 'LOST'::deal_status, 170506.34, 'SEK', 1.0, 170506.34, 10, '2026-02-16', '2025-12-27', '00020002-0000-0000-0000-000000000007', '00020002-0000-0000-0000-000000000001')
ON CONFLICT DO NOTHING;
INSERT INTO deals (id, org_id, company_id, contact_id, title, status, amount, currency, exchange_rate, reporting_amount, probability, expected_close, closed_at, assigned_to, created_by)
VALUES ('00020006-0000-0000-0000-000000000012', '00020001-0000-0000-0000-000000000001', '00020003-0000-0000-0000-00000000000b', '00020004-0000-0000-0000-000000000005', 'Däckbyte + lagring vinter #18', 'LOST'::deal_status, 363771.09, 'SEK', 1.0, 363771.09, 10, '2025-09-15', '2025-06-22', '00020002-0000-0000-0000-000000000009', '00020002-0000-0000-0000-000000000001')
ON CONFLICT DO NOTHING;
INSERT INTO deals (id, org_id, company_id, contact_id, title, status, amount, currency, exchange_rate, reporting_amount, probability, expected_close, closed_at, assigned_to, created_by)
VALUES ('00020006-0000-0000-0000-000000000013', '00020001-0000-0000-0000-000000000001', '00020003-0000-0000-0000-000000000017', '00020004-0000-0000-0000-00000000000a', 'Rekonditionering Skoda Octavia #19', 'WON'::deal_status, 281001.85, 'SEK', 1.0, 281001.85, 90, '2025-12-03', '2025-06-08', '00020002-0000-0000-0000-000000000004', '00020002-0000-0000-0000-000000000001')
ON CONFLICT DO NOTHING;
INSERT INTO deals (id, org_id, company_id, contact_id, title, status, amount, currency, exchange_rate, reporting_amount, probability, expected_close, closed_at, assigned_to, created_by)
VALUES ('00020006-0000-0000-0000-000000000014', '00020001-0000-0000-0000-000000000001', '00020003-0000-0000-0000-000000000005', '00020004-0000-0000-0000-00000000000c', 'Motorgenomgång Saab 9-3 #20', 'NEW'::deal_status, 175372.39, 'SEK', 1.0, 175372.39, 31, '2026-01-12', NULL, '00020002-0000-0000-0000-00000000000b', '00020002-0000-0000-0000-000000000001')
ON CONFLICT DO NOTHING;
INSERT INTO deals (id, org_id, company_id, contact_id, title, status, amount, currency, exchange_rate, reporting_amount, probability, expected_close, closed_at, assigned_to, created_by)
VALUES ('00020006-0000-0000-0000-000000000015', '00020001-0000-0000-0000-000000000001', '00020003-0000-0000-0000-000000000015', '00020004-0000-0000-0000-000000000015', 'Kalibrering ADAS-sensorer Tesla #21', 'OFFER'::deal_status, 367094.55, 'SEK', 1.0, 367094.55, 68, '2026-02-17', NULL, '00020002-0000-0000-0000-000000000003', '00020002-0000-0000-0000-000000000001')
ON CONFLICT DO NOTHING;
INSERT INTO deals (id, org_id, company_id, contact_id, title, status, amount, currency, exchange_rate, reporting_amount, probability, expected_close, closed_at, assigned_to, created_by)
VALUES ('00020006-0000-0000-0000-000000000016', '00020001-0000-0000-0000-000000000001', '00020003-0000-0000-0000-000000000012', '00020004-0000-0000-0000-000000000004', 'Garantireparation VW Passat #22', 'OFFER'::deal_status, 257277.34, 'SEK', 1.0, 257277.34, 60, '2026-02-22', NULL, '00020002-0000-0000-0000-000000000006', '00020002-0000-0000-0000-000000000001')
ON CONFLICT DO NOTHING;
INSERT INTO deals (id, org_id, company_id, contact_id, title, status, amount, currency, exchange_rate, reporting_amount, probability, expected_close, closed_at, assigned_to, created_by)
VALUES ('00020006-0000-0000-0000-000000000017', '00020001-0000-0000-0000-000000000001', '00020003-0000-0000-0000-000000000018', '00020004-0000-0000-0000-000000000013', 'Oljebyte + filterbyte flotta #23', 'NEGOTIATION'::deal_status, 196310.71, 'SEK', 1.0, 196310.71, 48, '2025-04-18', NULL, '00020002-0000-0000-0000-000000000002', '00020002-0000-0000-0000-000000000001')
ON CONFLICT DO NOTHING;
INSERT INTO deals (id, org_id, company_id, contact_id, title, status, amount, currency, exchange_rate, reporting_amount, probability, expected_close, closed_at, assigned_to, created_by)
VALUES ('00020006-0000-0000-0000-000000000018', '00020001-0000-0000-0000-000000000001', '00020003-0000-0000-0000-00000000001e', '00020004-0000-0000-0000-000000000003', 'Kamremsbyte Volkswagen Golf #24', 'WON'::deal_status, 313464.76, 'SEK', 1.0, 313464.76, 90, '2026-01-03', '2025-11-15', '00020002-0000-0000-0000-000000000008', '00020002-0000-0000-0000-000000000001')
ON CONFLICT DO NOTHING;
INSERT INTO deals (id, org_id, company_id, contact_id, title, status, amount, currency, exchange_rate, reporting_amount, probability, expected_close, closed_at, assigned_to, created_by)
VALUES ('00020006-0000-0000-0000-000000000019', '00020001-0000-0000-0000-000000000001', '00020003-0000-0000-0000-00000000000a', '00020004-0000-0000-0000-000000000004', 'Serviceavtal Volvo V90 – fam. Karlsson #25', 'LOST'::deal_status, 200587.22, 'SEK', 1.0, 200587.22, 10, '2026-01-02', '2025-10-30', '00020002-0000-0000-0000-000000000008', '00020002-0000-0000-0000-000000000001')
ON CONFLICT DO NOTHING;
INSERT INTO deals (id, org_id, company_id, contact_id, title, status, amount, currency, exchange_rate, reporting_amount, probability, expected_close, closed_at, assigned_to, created_by)
VALUES ('00020006-0000-0000-0000-00000000001a', '00020001-0000-0000-0000-000000000001', '00020003-0000-0000-0000-00000000000c', '00020004-0000-0000-0000-000000000003', 'Bytarbyte – Toyota Corolla #26', 'NEW'::deal_status, 454763.69, 'SEK', 1.0, 454763.69, 25, '2026-02-04', NULL, '00020002-0000-0000-0000-000000000004', '00020002-0000-0000-0000-000000000001')
ON CONFLICT DO NOTHING;
INSERT INTO deals (id, org_id, company_id, contact_id, title, status, amount, currency, exchange_rate, reporting_amount, probability, expected_close, closed_at, assigned_to, created_by)
VALUES ('00020006-0000-0000-0000-00000000001b', '00020001-0000-0000-0000-000000000001', '00020003-0000-0000-0000-00000000000b', '00020004-0000-0000-0000-000000000018', 'Karossreparation BMW 3-serie #27', 'WON'::deal_status, 458071.55, 'SEK', 1.0, 458071.55, 90, '2026-01-29', '2025-11-24', '00020002-0000-0000-0000-000000000006', '00020002-0000-0000-0000-000000000001')
ON CONFLICT DO NOTHING;
INSERT INTO deals (id, org_id, company_id, contact_id, title, status, amount, currency, exchange_rate, reporting_amount, probability, expected_close, closed_at, assigned_to, created_by)
VALUES ('00020006-0000-0000-0000-00000000001c', '00020001-0000-0000-0000-000000000001', '00020003-0000-0000-0000-000000000016', '00020004-0000-0000-0000-000000000005', 'AC-service och påfyllning #28', 'DEMO'::deal_status, 234142.08, 'SEK', 1.0, 234142.08, 41, '2026-02-12', NULL, '00020002-0000-0000-0000-000000000006', '00020002-0000-0000-0000-000000000001')
ON CONFLICT DO NOTHING;
INSERT INTO deals (id, org_id, company_id, contact_id, title, status, amount, currency, exchange_rate, reporting_amount, probability, expected_close, closed_at, assigned_to, created_by)
VALUES ('00020006-0000-0000-0000-00000000001d', '00020001-0000-0000-0000-000000000001', '00020003-0000-0000-0000-00000000000a', '00020004-0000-0000-0000-000000000016', 'Bromsrenovering Audi A4 #29', 'NEW'::deal_status, 186210.37, 'SEK', 1.0, 186210.37, 66, '2026-02-19', NULL, '00020002-0000-0000-0000-000000000002', '00020002-0000-0000-0000-000000000001')
ON CONFLICT DO NOTHING;
INSERT INTO deals (id, org_id, company_id, contact_id, title, status, amount, currency, exchange_rate, reporting_amount, probability, expected_close, closed_at, assigned_to, created_by)
VALUES ('00020006-0000-0000-0000-00000000001e', '00020001-0000-0000-0000-000000000001', '00020003-0000-0000-0000-00000000001a', '00020004-0000-0000-0000-000000000009', 'Däckbyte + lagring vinter #30', 'NEGOTIATION'::deal_status, 429517.87, 'SEK', 1.0, 429517.87, 39, '2026-02-21', NULL, '00020002-0000-0000-0000-00000000000a', '00020002-0000-0000-0000-000000000001')
ON CONFLICT DO NOTHING;
INSERT INTO deals (id, org_id, company_id, contact_id, title, status, amount, currency, exchange_rate, reporting_amount, probability, expected_close, closed_at, assigned_to, created_by)
VALUES ('00020006-0000-0000-0000-00000000001f', '00020001-0000-0000-0000-000000000001', '00020003-0000-0000-0000-000000000016', '00020004-0000-0000-0000-000000000009', 'Rekonditionering Skoda Octavia #31', 'WON'::deal_status, 195993.03, 'SEK', 1.0, 195993.03, 90, '2026-02-20', '2025-09-09', '00020002-0000-0000-0000-00000000000b', '00020002-0000-0000-0000-000000000001')
ON CONFLICT DO NOTHING;
INSERT INTO deals (id, org_id, company_id, contact_id, title, status, amount, currency, exchange_rate, reporting_amount, probability, expected_close, closed_at, assigned_to, created_by)
VALUES ('00020006-0000-0000-0000-000000000020', '00020001-0000-0000-0000-000000000001', '00020003-0000-0000-0000-000000000018', '00020004-0000-0000-0000-000000000002', 'Motorgenomgång Saab 9-3 #32', 'WON'::deal_status, 325394.16, 'SEK', 1.0, 325394.16, 90, '2026-02-10', '2025-10-03', '00020002-0000-0000-0000-000000000006', '00020002-0000-0000-0000-000000000001')
ON CONFLICT DO NOTHING;
INSERT INTO deals (id, org_id, company_id, contact_id, title, status, amount, currency, exchange_rate, reporting_amount, probability, expected_close, closed_at, assigned_to, created_by)
VALUES ('00020006-0000-0000-0000-000000000021', '00020001-0000-0000-0000-000000000001', '00020003-0000-0000-0000-00000000000f', '00020004-0000-0000-0000-000000000009', 'Kalibrering ADAS-sensorer Tesla #33', 'DEMO'::deal_status, 442757.43, 'SEK', 1.0, 442757.43, 41, '2025-11-28', NULL, '00020002-0000-0000-0000-000000000003', '00020002-0000-0000-0000-000000000001')
ON CONFLICT DO NOTHING;
INSERT INTO deals (id, org_id, company_id, contact_id, title, status, amount, currency, exchange_rate, reporting_amount, probability, expected_close, closed_at, assigned_to, created_by)
VALUES ('00020006-0000-0000-0000-000000000022', '00020001-0000-0000-0000-000000000001', '00020003-0000-0000-0000-000000000023', '00020004-0000-0000-0000-000000000022', 'Garantireparation VW Passat #34', 'NEW'::deal_status, 401703.23, 'SEK', 1.0, 401703.23, 26, '2026-02-21', NULL, '00020002-0000-0000-0000-000000000001', '00020002-0000-0000-0000-000000000001')
ON CONFLICT DO NOTHING;
INSERT INTO deals (id, org_id, company_id, contact_id, title, status, amount, currency, exchange_rate, reporting_amount, probability, expected_close, closed_at, assigned_to, created_by)
VALUES ('00020006-0000-0000-0000-000000000023', '00020001-0000-0000-0000-000000000001', '00020003-0000-0000-0000-000000000019', '00020004-0000-0000-0000-00000000000a', 'Oljebyte + filterbyte flotta #35', 'WON'::deal_status, 413997.22, 'SEK', 1.0, 413997.22, 90, '2026-01-19', '2026-01-11', '00020002-0000-0000-0000-000000000003', '00020002-0000-0000-0000-000000000001')
ON CONFLICT DO NOTHING;
INSERT INTO deals (id, org_id, company_id, contact_id, title, status, amount, currency, exchange_rate, reporting_amount, probability, expected_close, closed_at, assigned_to, created_by)
VALUES ('00020006-0000-0000-0000-000000000024', '00020001-0000-0000-0000-000000000001', '00020003-0000-0000-0000-000000000010', '00020004-0000-0000-0000-00000000001d', 'Kamremsbyte Volkswagen Golf #36', 'QUALIFIED'::deal_status, 354301.15, 'SEK', 1.0, 354301.15, 22, '2025-12-29', NULL, '00020002-0000-0000-0000-00000000000a', '00020002-0000-0000-0000-000000000001')
ON CONFLICT DO NOTHING;
INSERT INTO deals (id, org_id, company_id, contact_id, title, status, amount, currency, exchange_rate, reporting_amount, probability, expected_close, closed_at, assigned_to, created_by)
VALUES ('00020006-0000-0000-0000-000000000025', '00020001-0000-0000-0000-000000000001', '00020003-0000-0000-0000-00000000001f', '00020004-0000-0000-0000-00000000000d', 'Serviceavtal Volvo V90 – fam. Karlsson #37', 'DEMO'::deal_status, 166924.21, 'SEK', 1.0, 166924.21, 35, '2026-02-22', NULL, '00020002-0000-0000-0000-000000000006', '00020002-0000-0000-0000-000000000001')
ON CONFLICT DO NOTHING;
INSERT INTO deals (id, org_id, company_id, contact_id, title, status, amount, currency, exchange_rate, reporting_amount, probability, expected_close, closed_at, assigned_to, created_by)
VALUES ('00020006-0000-0000-0000-000000000026', '00020001-0000-0000-0000-000000000001', '00020003-0000-0000-0000-000000000019', '00020004-0000-0000-0000-000000000021', 'Bytarbyte – Toyota Corolla #38', 'WON'::deal_status, 254492.3, 'SEK', 1.0, 254492.3, 90, '2026-02-07', '2025-07-23', '00020002-0000-0000-0000-000000000009', '00020002-0000-0000-0000-000000000001')
ON CONFLICT DO NOTHING;
INSERT INTO deals (id, org_id, company_id, contact_id, title, status, amount, currency, exchange_rate, reporting_amount, probability, expected_close, closed_at, assigned_to, created_by)
VALUES ('00020006-0000-0000-0000-000000000027', '00020001-0000-0000-0000-000000000001', '00020003-0000-0000-0000-000000000011', '00020004-0000-0000-0000-000000000004', 'Karossreparation BMW 3-serie #39', 'OFFER'::deal_status, 391112.02, 'SEK', 1.0, 391112.02, 71, '2026-01-12', NULL, '00020002-0000-0000-0000-00000000000b', '00020002-0000-0000-0000-000000000001')
ON CONFLICT DO NOTHING;
INSERT INTO deals (id, org_id, company_id, contact_id, title, status, amount, currency, exchange_rate, reporting_amount, probability, expected_close, closed_at, assigned_to, created_by)
VALUES ('00020006-0000-0000-0000-000000000028', '00020001-0000-0000-0000-000000000001', '00020003-0000-0000-0000-000000000013', '00020004-0000-0000-0000-000000000006', 'AC-service och påfyllning #40', 'OFFER'::deal_status, 290207.98, 'SEK', 1.0, 290207.98, 26, '2026-02-28', NULL, '00020002-0000-0000-0000-000000000003', '00020002-0000-0000-0000-000000000001')
ON CONFLICT DO NOTHING;
INSERT INTO deals (id, org_id, company_id, contact_id, title, status, amount, currency, exchange_rate, reporting_amount, probability, expected_close, closed_at, assigned_to, created_by)
VALUES ('00020006-0000-0000-0000-000000000029', '00020001-0000-0000-0000-000000000001', '00020003-0000-0000-0000-00000000000f', '00020004-0000-0000-0000-00000000001d', 'Bromsrenovering Audi A4 #41', 'DEMO'::deal_status, 425117.77, 'SEK', 1.0, 425117.77, 29, '2025-11-02', NULL, '00020002-0000-0000-0000-000000000006', '00020002-0000-0000-0000-000000000001')
ON CONFLICT DO NOTHING;
INSERT INTO deals (id, org_id, company_id, contact_id, title, status, amount, currency, exchange_rate, reporting_amount, probability, expected_close, closed_at, assigned_to, created_by)
VALUES ('00020006-0000-0000-0000-00000000002a', '00020001-0000-0000-0000-000000000001', '00020003-0000-0000-0000-000000000019', '00020004-0000-0000-0000-000000000006', 'Däckbyte + lagring vinter #42', 'NEW'::deal_status, 97406.5, 'SEK', 1.0, 97406.5, 52, '2025-11-07', NULL, '00020002-0000-0000-0000-000000000006', '00020002-0000-0000-0000-000000000001')
ON CONFLICT DO NOTHING;
INSERT INTO deals (id, org_id, company_id, contact_id, title, status, amount, currency, exchange_rate, reporting_amount, probability, expected_close, closed_at, assigned_to, created_by)
VALUES ('00020006-0000-0000-0000-00000000002b', '00020001-0000-0000-0000-000000000001', '00020003-0000-0000-0000-00000000000a', '00020004-0000-0000-0000-000000000009', 'Rekonditionering Skoda Octavia #43', 'QUALIFIED'::deal_status, 199494.18, 'SEK', 1.0, 199494.18, 26, '2026-02-17', NULL, '00020002-0000-0000-0000-000000000001', '00020002-0000-0000-0000-000000000001')
ON CONFLICT DO NOTHING;
INSERT INTO deals (id, org_id, company_id, contact_id, title, status, amount, currency, exchange_rate, reporting_amount, probability, expected_close, closed_at, assigned_to, created_by)
VALUES ('00020006-0000-0000-0000-00000000002c', '00020001-0000-0000-0000-000000000001', '00020003-0000-0000-0000-00000000001d', '00020004-0000-0000-0000-000000000001', 'Motorgenomgång Saab 9-3 #44', 'DEMO'::deal_status, 344643.07, 'SEK', 1.0, 344643.07, 28, '2026-02-28', NULL, '00020002-0000-0000-0000-000000000002', '00020002-0000-0000-0000-000000000001')
ON CONFLICT DO NOTHING;
INSERT INTO deals (id, org_id, company_id, contact_id, title, status, amount, currency, exchange_rate, reporting_amount, probability, expected_close, closed_at, assigned_to, created_by)
VALUES ('00020006-0000-0000-0000-00000000002d', '00020001-0000-0000-0000-000000000001', '00020003-0000-0000-0000-000000000022', '00020004-0000-0000-0000-00000000001c', 'Kalibrering ADAS-sensorer Tesla #45', 'NEW'::deal_status, 159867.21, 'SEK', 1.0, 159867.21, 29, '2026-02-21', NULL, '00020002-0000-0000-0000-000000000002', '00020002-0000-0000-0000-000000000001')
ON CONFLICT DO NOTHING;
INSERT INTO deals (id, org_id, company_id, contact_id, title, status, amount, currency, exchange_rate, reporting_amount, probability, expected_close, closed_at, assigned_to, created_by)
VALUES ('00020006-0000-0000-0000-00000000002e', '00020001-0000-0000-0000-000000000001', '00020003-0000-0000-0000-000000000010', '00020004-0000-0000-0000-00000000001b', 'Garantireparation VW Passat #46', 'LOST'::deal_status, 168323.16, 'SEK', 1.0, 168323.16, 10, '2025-05-26', '2025-05-02', '00020002-0000-0000-0000-00000000000b', '00020002-0000-0000-0000-000000000001')
ON CONFLICT DO NOTHING;
INSERT INTO deals (id, org_id, company_id, contact_id, title, status, amount, currency, exchange_rate, reporting_amount, probability, expected_close, closed_at, assigned_to, created_by)
VALUES ('00020006-0000-0000-0000-00000000002f', '00020001-0000-0000-0000-000000000001', '00020003-0000-0000-0000-000000000023', '00020004-0000-0000-0000-000000000002', 'Oljebyte + filterbyte flotta #47', 'LOST'::deal_status, 101079.67, 'SEK', 1.0, 101079.67, 10, '2026-01-26', '2025-11-11', '00020002-0000-0000-0000-00000000000b', '00020002-0000-0000-0000-000000000001')
ON CONFLICT DO NOTHING;
INSERT INTO deals (id, org_id, company_id, contact_id, title, status, amount, currency, exchange_rate, reporting_amount, probability, expected_close, closed_at, assigned_to, created_by)
VALUES ('00020006-0000-0000-0000-000000000030', '00020001-0000-0000-0000-000000000001', '00020003-0000-0000-0000-000000000017', '00020004-0000-0000-0000-000000000010', 'Kamremsbyte Volkswagen Golf #48', 'NEGOTIATION'::deal_status, 353286.28, 'SEK', 1.0, 353286.28, 38, '2025-10-06', NULL, '00020002-0000-0000-0000-00000000000a', '00020002-0000-0000-0000-000000000001')
ON CONFLICT DO NOTHING;
INSERT INTO deals (id, org_id, company_id, contact_id, title, status, amount, currency, exchange_rate, reporting_amount, probability, expected_close, closed_at, assigned_to, created_by)
VALUES ('00020006-0000-0000-0000-000000000031', '00020001-0000-0000-0000-000000000001', '00020003-0000-0000-0000-000000000005', '00020004-0000-0000-0000-000000000022', 'Serviceavtal Volvo V90 – fam. Karlsson #49', 'OFFER'::deal_status, 332450.5, 'SEK', 1.0, 332450.5, 25, '2026-01-09', NULL, '00020002-0000-0000-0000-000000000009', '00020002-0000-0000-0000-000000000001')
ON CONFLICT DO NOTHING;
INSERT INTO deals (id, org_id, company_id, contact_id, title, status, amount, currency, exchange_rate, reporting_amount, probability, expected_close, closed_at, assigned_to, created_by)
VALUES ('00020006-0000-0000-0000-000000000032', '00020001-0000-0000-0000-000000000001', '00020003-0000-0000-0000-000000000019', '00020004-0000-0000-0000-000000000018', 'Bytarbyte – Toyota Corolla #50', 'NEGOTIATION'::deal_status, 227097.59, 'SEK', 1.0, 227097.59, 50, '2026-02-11', NULL, '00020002-0000-0000-0000-000000000005', '00020002-0000-0000-0000-000000000001')
ON CONFLICT DO NOTHING;
INSERT INTO deals (id, org_id, company_id, contact_id, title, status, amount, currency, exchange_rate, reporting_amount, probability, expected_close, closed_at, assigned_to, created_by)
VALUES ('00020006-0000-0000-0000-000000000033', '00020001-0000-0000-0000-000000000001', '00020003-0000-0000-0000-000000000010', '00020004-0000-0000-0000-000000000007', 'Karossreparation BMW 3-serie #51', 'WON'::deal_status, 214266.88, 'SEK', 1.0, 214266.88, 90, '2025-09-27', '2025-04-04', '00020002-0000-0000-0000-00000000000a', '00020002-0000-0000-0000-000000000001')
ON CONFLICT DO NOTHING;
INSERT INTO deals (id, org_id, company_id, contact_id, title, status, amount, currency, exchange_rate, reporting_amount, probability, expected_close, closed_at, assigned_to, created_by)
VALUES ('00020006-0000-0000-0000-000000000034', '00020001-0000-0000-0000-000000000001', '00020003-0000-0000-0000-000000000016', '00020004-0000-0000-0000-00000000000c', 'AC-service och påfyllning #52', 'WON'::deal_status, 128234.46, 'SEK', 1.0, 128234.46, 90, '2026-01-14', '2025-08-28', '00020002-0000-0000-0000-00000000000b', '00020002-0000-0000-0000-000000000001')
ON CONFLICT DO NOTHING;
INSERT INTO deals (id, org_id, company_id, contact_id, title, status, amount, currency, exchange_rate, reporting_amount, probability, expected_close, closed_at, assigned_to, created_by)
VALUES ('00020006-0000-0000-0000-000000000035', '00020001-0000-0000-0000-000000000001', '00020003-0000-0000-0000-00000000001e', '00020004-0000-0000-0000-000000000003', 'Bromsrenovering Audi A4 #53', 'OFFER'::deal_status, 319898.4, 'SEK', 1.0, 319898.4, 71, '2025-06-10', NULL, '00020002-0000-0000-0000-000000000005', '00020002-0000-0000-0000-000000000001')
ON CONFLICT DO NOTHING;
INSERT INTO deals (id, org_id, company_id, contact_id, title, status, amount, currency, exchange_rate, reporting_amount, probability, expected_close, closed_at, assigned_to, created_by)
VALUES ('00020006-0000-0000-0000-000000000036', '00020001-0000-0000-0000-000000000001', '00020003-0000-0000-0000-000000000014', '00020004-0000-0000-0000-000000000021', 'Däckbyte + lagring vinter #54', 'QUALIFIED'::deal_status, 381195.85, 'SEK', 1.0, 381195.85, 76, '2025-08-30', NULL, '00020002-0000-0000-0000-000000000007', '00020002-0000-0000-0000-000000000001')
ON CONFLICT DO NOTHING;
INSERT INTO deals (id, org_id, company_id, contact_id, title, status, amount, currency, exchange_rate, reporting_amount, probability, expected_close, closed_at, assigned_to, created_by)
VALUES ('00020006-0000-0000-0000-000000000037', '00020001-0000-0000-0000-000000000001', '00020003-0000-0000-0000-000000000013', '00020004-0000-0000-0000-000000000017', 'Rekonditionering Skoda Octavia #55', 'LOST'::deal_status, 174351.45, 'SEK', 1.0, 174351.45, 10, '2026-02-07', '2026-01-26', '00020002-0000-0000-0000-000000000001', '00020002-0000-0000-0000-000000000001')
ON CONFLICT DO NOTHING;

INSERT INTO tasks (id, org_id, title, status, priority, due_date, completed_at, deal_id, assigned_to, created_by)
VALUES ('00020007-0000-0000-0000-000000000001', '00020001-0000-0000-0000-000000000001', 'Förbered kvartalsrapport #1', 'REVIEW'::task_status, 3, '2025-05-03', NULL, '00020006-0000-0000-0000-00000000001c', '00020002-0000-0000-0000-000000000007', '00020002-0000-0000-0000-000000000001')
ON CONFLICT DO NOTHING;
INSERT INTO tasks (id, org_id, title, status, priority, due_date, completed_at, deal_id, assigned_to, created_by)
VALUES ('00020007-0000-0000-0000-000000000002', '00020001-0000-0000-0000-000000000001', 'Kundmöte bokas #2', 'DONE'::task_status, 4, '2025-08-21', '2025-08-21', '00020006-0000-0000-0000-000000000020', '00020002-0000-0000-0000-00000000000c', '00020002-0000-0000-0000-000000000001')
ON CONFLICT DO NOTHING;
INSERT INTO tasks (id, org_id, title, status, priority, due_date, completed_at, deal_id, assigned_to, created_by)
VALUES ('00020007-0000-0000-0000-000000000003', '00020001-0000-0000-0000-000000000001', 'Kontrollera lager #3', 'DONE'::task_status, 3, '2025-11-21', '2025-11-21', NULL, '00020002-0000-0000-0000-000000000002', '00020002-0000-0000-0000-000000000001')
ON CONFLICT DO NOTHING;
INSERT INTO tasks (id, org_id, title, status, priority, due_date, completed_at, deal_id, assigned_to, created_by)
VALUES ('00020007-0000-0000-0000-000000000004', '00020001-0000-0000-0000-000000000001', 'Uppdatera rutinbeskrivning #4', 'DONE'::task_status, 1, '2025-10-07', '2025-10-07', '00020006-0000-0000-0000-000000000035', '00020002-0000-0000-0000-000000000003', '00020002-0000-0000-0000-000000000001')
ON CONFLICT DO NOTHING;
INSERT INTO tasks (id, org_id, title, status, priority, due_date, completed_at, deal_id, assigned_to, created_by)
VALUES ('00020007-0000-0000-0000-000000000005', '00020001-0000-0000-0000-000000000001', 'Följ upp offert #5', 'BLOCKED'::task_status, 3, '2025-08-12', NULL, NULL, '00020002-0000-0000-0000-000000000006', '00020002-0000-0000-0000-000000000001')
ON CONFLICT DO NOTHING;
INSERT INTO tasks (id, org_id, title, status, priority, due_date, completed_at, deal_id, assigned_to, created_by)
VALUES ('00020007-0000-0000-0000-000000000006', '00020001-0000-0000-0000-000000000001', 'Skicka faktura #6', 'REVIEW'::task_status, 3, '2025-10-15', NULL, '00020006-0000-0000-0000-00000000001c', '00020002-0000-0000-0000-000000000003', '00020002-0000-0000-0000-000000000001')
ON CONFLICT DO NOTHING;
INSERT INTO tasks (id, org_id, title, status, priority, due_date, completed_at, deal_id, assigned_to, created_by)
VALUES ('00020007-0000-0000-0000-000000000007', '00020001-0000-0000-0000-000000000001', 'Boka service #7', 'DONE'::task_status, 3, '2025-10-15', '2025-10-15', NULL, '00020002-0000-0000-0000-000000000006', '00020002-0000-0000-0000-000000000001')
ON CONFLICT DO NOTHING;
INSERT INTO tasks (id, org_id, title, status, priority, due_date, completed_at, deal_id, assigned_to, created_by)
VALUES ('00020007-0000-0000-0000-000000000008', '00020001-0000-0000-0000-000000000001', 'Genomför riskbedömning #8', 'BLOCKED'::task_status, 4, '2025-07-19', NULL, '00020006-0000-0000-0000-000000000033', '00020002-0000-0000-0000-000000000001', '00020002-0000-0000-0000-000000000001')
ON CONFLICT DO NOTHING;
INSERT INTO tasks (id, org_id, title, status, priority, due_date, completed_at, deal_id, assigned_to, created_by)
VALUES ('00020007-0000-0000-0000-000000000009', '00020001-0000-0000-0000-000000000001', 'Planera personalsamtal #9', 'TODO'::task_status, 4, '2025-09-03', NULL, '00020006-0000-0000-0000-000000000030', '00020002-0000-0000-0000-00000000000b', '00020002-0000-0000-0000-000000000001')
ON CONFLICT DO NOTHING;
INSERT INTO tasks (id, org_id, title, status, priority, due_date, completed_at, deal_id, assigned_to, created_by)
VALUES ('00020007-0000-0000-0000-00000000000a', '00020001-0000-0000-0000-000000000001', 'Uppdatera process-dokumentation #10', 'IN_PROGRESS'::task_status, 1, '2025-05-13', NULL, '00020006-0000-0000-0000-00000000002c', '00020002-0000-0000-0000-000000000008', '00020002-0000-0000-0000-000000000001')
ON CONFLICT DO NOTHING;
INSERT INTO tasks (id, org_id, title, status, priority, due_date, completed_at, deal_id, assigned_to, created_by)
VALUES ('00020007-0000-0000-0000-00000000000b', '00020001-0000-0000-0000-000000000001', 'Genomför internrevision #11', 'TODO'::task_status, 2, '2025-04-04', NULL, NULL, '00020002-0000-0000-0000-00000000000b', '00020002-0000-0000-0000-000000000001')
ON CONFLICT DO NOTHING;
INSERT INTO tasks (id, org_id, title, status, priority, due_date, completed_at, deal_id, assigned_to, created_by)
VALUES ('00020007-0000-0000-0000-00000000000c', '00020001-0000-0000-0000-000000000001', 'Följ upp NC #12', 'REVIEW'::task_status, 3, '2025-09-13', NULL, '00020006-0000-0000-0000-000000000003', '00020002-0000-0000-0000-00000000000a', '00020002-0000-0000-0000-000000000001')
ON CONFLICT DO NOTHING;
INSERT INTO tasks (id, org_id, title, status, priority, due_date, completed_at, deal_id, assigned_to, created_by)
VALUES ('00020007-0000-0000-0000-00000000000d', '00020001-0000-0000-0000-000000000001', 'Upprätta handlingsplan #13', 'IN_PROGRESS'::task_status, 4, '2025-09-06', NULL, NULL, '00020002-0000-0000-0000-000000000002', '00020002-0000-0000-0000-000000000001')
ON CONFLICT DO NOTHING;
INSERT INTO tasks (id, org_id, title, status, priority, due_date, completed_at, deal_id, assigned_to, created_by)
VALUES ('00020007-0000-0000-0000-00000000000e', '00020001-0000-0000-0000-000000000001', 'Kontakta leverantör #14', 'BLOCKED'::task_status, 2, '2025-11-27', NULL, NULL, '00020002-0000-0000-0000-000000000006', '00020002-0000-0000-0000-000000000001')
ON CONFLICT DO NOTHING;
INSERT INTO tasks (id, org_id, title, status, priority, due_date, completed_at, deal_id, assigned_to, created_by)
VALUES ('00020007-0000-0000-0000-00000000000f', '00020001-0000-0000-0000-000000000001', 'Planera veckoschema #15', 'REVIEW'::task_status, 2, '2025-04-28', NULL, NULL, '00020002-0000-0000-0000-000000000003', '00020002-0000-0000-0000-000000000001')
ON CONFLICT DO NOTHING;
INSERT INTO tasks (id, org_id, title, status, priority, due_date, completed_at, deal_id, assigned_to, created_by)
VALUES ('00020007-0000-0000-0000-000000000010', '00020001-0000-0000-0000-000000000001', 'Granska avtal #16', 'DONE'::task_status, 5, '2025-09-15', '2025-09-15', '00020006-0000-0000-0000-000000000008', '00020002-0000-0000-0000-000000000005', '00020002-0000-0000-0000-000000000001')
ON CONFLICT DO NOTHING;
INSERT INTO tasks (id, org_id, title, status, priority, due_date, completed_at, deal_id, assigned_to, created_by)
VALUES ('00020007-0000-0000-0000-000000000011', '00020001-0000-0000-0000-000000000001', 'Uppdatera KPI-tavla #17', 'REVIEW'::task_status, 4, '2025-06-18', NULL, '00020006-0000-0000-0000-000000000013', '00020002-0000-0000-0000-00000000000c', '00020002-0000-0000-0000-000000000001')
ON CONFLICT DO NOTHING;
INSERT INTO tasks (id, org_id, title, status, priority, due_date, completed_at, deal_id, assigned_to, created_by)
VALUES ('00020007-0000-0000-0000-000000000012', '00020001-0000-0000-0000-000000000001', 'Genomför kompetensbedömning #18', 'DONE'::task_status, 2, '2025-05-02', '2025-05-02', NULL, '00020002-0000-0000-0000-000000000002', '00020002-0000-0000-0000-000000000001')
ON CONFLICT DO NOTHING;
INSERT INTO tasks (id, org_id, title, status, priority, due_date, completed_at, deal_id, assigned_to, created_by)
VALUES ('00020007-0000-0000-0000-000000000013', '00020001-0000-0000-0000-000000000001', 'Boka utbildning #19', 'DONE'::task_status, 2, '2025-10-14', '2025-10-14', '00020006-0000-0000-0000-000000000034', '00020002-0000-0000-0000-00000000000b', '00020002-0000-0000-0000-000000000001')
ON CONFLICT DO NOTHING;
INSERT INTO tasks (id, org_id, title, status, priority, due_date, completed_at, deal_id, assigned_to, created_by)
VALUES ('00020007-0000-0000-0000-000000000014', '00020001-0000-0000-0000-000000000001', 'Skicka kundenkät #20', 'REVIEW'::task_status, 3, '2026-02-27', NULL, NULL, '00020002-0000-0000-0000-000000000009', '00020002-0000-0000-0000-000000000001')
ON CONFLICT DO NOTHING;
INSERT INTO tasks (id, org_id, title, status, priority, due_date, completed_at, deal_id, assigned_to, created_by)
VALUES ('00020007-0000-0000-0000-000000000015', '00020001-0000-0000-0000-000000000001', 'Uppdatera riskregister #21', 'REVIEW'::task_status, 3, '2025-05-20', NULL, '00020006-0000-0000-0000-00000000002d', '00020002-0000-0000-0000-00000000000b', '00020002-0000-0000-0000-000000000001')
ON CONFLICT DO NOTHING;
INSERT INTO tasks (id, org_id, title, status, priority, due_date, completed_at, deal_id, assigned_to, created_by)
VALUES ('00020007-0000-0000-0000-000000000016', '00020001-0000-0000-0000-000000000001', 'Genomför brandövning #22', 'IN_PROGRESS'::task_status, 3, '2025-11-16', NULL, NULL, '00020002-0000-0000-0000-000000000004', '00020002-0000-0000-0000-000000000001')
ON CONFLICT DO NOTHING;
INSERT INTO tasks (id, org_id, title, status, priority, due_date, completed_at, deal_id, assigned_to, created_by)
VALUES ('00020007-0000-0000-0000-000000000017', '00020001-0000-0000-0000-000000000001', 'Kalibrering instrument #23', 'IN_PROGRESS'::task_status, 2, '2025-11-08', NULL, NULL, '00020002-0000-0000-0000-000000000009', '00020002-0000-0000-0000-000000000001')
ON CONFLICT DO NOTHING;
INSERT INTO tasks (id, org_id, title, status, priority, due_date, completed_at, deal_id, assigned_to, created_by)
VALUES ('00020007-0000-0000-0000-000000000018', '00020001-0000-0000-0000-000000000001', 'Följ upp certifiering #24', 'BLOCKED'::task_status, 3, '2025-10-26', NULL, '00020006-0000-0000-0000-000000000024', '00020002-0000-0000-0000-000000000003', '00020002-0000-0000-0000-000000000001')
ON CONFLICT DO NOTHING;
INSERT INTO tasks (id, org_id, title, status, priority, due_date, completed_at, deal_id, assigned_to, created_by)
VALUES ('00020007-0000-0000-0000-000000000019', '00020001-0000-0000-0000-000000000001', 'Förbered kvartalsrapport #25', 'BLOCKED'::task_status, 1, '2025-04-03', NULL, NULL, '00020002-0000-0000-0000-00000000000c', '00020002-0000-0000-0000-000000000001')
ON CONFLICT DO NOTHING;

INSERT INTO invoices (id, org_id, invoice_number, company_id, amount, currency, exchange_rate, reporting_amount, tax_amount, status, issued_at, due_at, paid_at, created_by)
VALUES ('00020008-0000-0000-0000-000000000001', '00020001-0000-0000-0000-000000000001', 'INV-02-2025-03', '00020003-0000-0000-0000-000000000005', 754214.53, 'SEK', 1.0, 754214.53, 188553.63, 'OVERDUE', '2025-03-05', '2025-03-30', NULL, '00020002-0000-0000-0000-000000000001')
ON CONFLICT (org_id, invoice_number) DO NOTHING;
INSERT INTO invoices (id, org_id, invoice_number, company_id, amount, currency, exchange_rate, reporting_amount, tax_amount, status, issued_at, due_at, paid_at, created_by)
VALUES ('00020008-0000-0000-0000-000000000002', '00020001-0000-0000-0000-000000000001', 'INV-02-2025-04', '00020003-0000-0000-0000-00000000001d', 516797.38, 'SEK', 1.0, 516797.38, 129199.35, 'PAID', '2025-04-05', '2025-04-30', '2025-04-28', '00020002-0000-0000-0000-000000000001')
ON CONFLICT (org_id, invoice_number) DO NOTHING;
INSERT INTO invoices (id, org_id, invoice_number, company_id, amount, currency, exchange_rate, reporting_amount, tax_amount, status, issued_at, due_at, paid_at, created_by)
VALUES ('00020008-0000-0000-0000-000000000003', '00020001-0000-0000-0000-000000000001', 'INV-02-2025-05', '00020003-0000-0000-0000-00000000000c', 652999.95, 'SEK', 1.0, 652999.95, 163249.99, 'PAID', '2025-05-05', '2025-05-30', '2025-05-28', '00020002-0000-0000-0000-000000000001')
ON CONFLICT (org_id, invoice_number) DO NOTHING;
INSERT INTO invoices (id, org_id, invoice_number, company_id, amount, currency, exchange_rate, reporting_amount, tax_amount, status, issued_at, due_at, paid_at, created_by)
VALUES ('00020008-0000-0000-0000-000000000004', '00020001-0000-0000-0000-000000000001', 'INV-02-2025-06', '00020003-0000-0000-0000-000000000021', 773779.32, 'SEK', 1.0, 773779.32, 193444.83, 'OVERDUE', '2025-06-05', '2025-06-30', NULL, '00020002-0000-0000-0000-000000000001')
ON CONFLICT (org_id, invoice_number) DO NOTHING;
INSERT INTO invoices (id, org_id, invoice_number, company_id, amount, currency, exchange_rate, reporting_amount, tax_amount, status, issued_at, due_at, paid_at, created_by)
VALUES ('00020008-0000-0000-0000-000000000005', '00020001-0000-0000-0000-000000000001', 'INV-02-2025-07', '00020003-0000-0000-0000-000000000022', 830951.58, 'SEK', 1.0, 830951.58, 207737.89, 'PAID', '2025-07-05', '2025-07-30', '2025-07-28', '00020002-0000-0000-0000-000000000001')
ON CONFLICT (org_id, invoice_number) DO NOTHING;
INSERT INTO invoices (id, org_id, invoice_number, company_id, amount, currency, exchange_rate, reporting_amount, tax_amount, status, issued_at, due_at, paid_at, created_by)
VALUES ('00020008-0000-0000-0000-000000000006', '00020001-0000-0000-0000-000000000001', 'INV-02-2025-08', '00020003-0000-0000-0000-000000000015', 527872.85, 'SEK', 1.0, 527872.85, 131968.21, 'PAID', '2025-08-05', '2025-08-30', '2025-08-28', '00020002-0000-0000-0000-000000000001')
ON CONFLICT (org_id, invoice_number) DO NOTHING;
INSERT INTO invoices (id, org_id, invoice_number, company_id, amount, currency, exchange_rate, reporting_amount, tax_amount, status, issued_at, due_at, paid_at, created_by)
VALUES ('00020008-0000-0000-0000-000000000007', '00020001-0000-0000-0000-000000000001', 'INV-02-2025-09', '00020003-0000-0000-0000-000000000022', 840561.8, 'SEK', 1.0, 840561.8, 210140.45, 'SENT', '2025-09-05', '2025-09-30', NULL, '00020002-0000-0000-0000-000000000001')
ON CONFLICT (org_id, invoice_number) DO NOTHING;
INSERT INTO invoices (id, org_id, invoice_number, company_id, amount, currency, exchange_rate, reporting_amount, tax_amount, status, issued_at, due_at, paid_at, created_by)
VALUES ('00020008-0000-0000-0000-000000000008', '00020001-0000-0000-0000-000000000001', 'INV-02-2025-10', '00020003-0000-0000-0000-00000000000d', 824637.03, 'SEK', 1.0, 824637.03, 206159.26, 'SENT', '2025-10-05', '2025-10-30', NULL, '00020002-0000-0000-0000-000000000001')
ON CONFLICT (org_id, invoice_number) DO NOTHING;
INSERT INTO invoices (id, org_id, invoice_number, company_id, amount, currency, exchange_rate, reporting_amount, tax_amount, status, issued_at, due_at, paid_at, created_by)
VALUES ('00020008-0000-0000-0000-000000000009', '00020001-0000-0000-0000-000000000001', 'INV-02-2025-11', '00020003-0000-0000-0000-000000000014', 720689.5, 'SEK', 1.0, 720689.5, 180172.38, 'PAID', '2025-11-05', '2025-11-30', '2025-11-28', '00020002-0000-0000-0000-000000000001')
ON CONFLICT (org_id, invoice_number) DO NOTHING;
INSERT INTO invoices (id, org_id, invoice_number, company_id, amount, currency, exchange_rate, reporting_amount, tax_amount, status, issued_at, due_at, paid_at, created_by)
VALUES ('00020008-0000-0000-0000-00000000000a', '00020001-0000-0000-0000-000000000001', 'INV-02-2025-12', '00020003-0000-0000-0000-00000000000a', 712437.98, 'SEK', 1.0, 712437.98, 178109.49, 'PAID', '2025-12-05', '2025-12-30', '2025-12-28', '00020002-0000-0000-0000-000000000001')
ON CONFLICT (org_id, invoice_number) DO NOTHING;
INSERT INTO invoices (id, org_id, invoice_number, company_id, amount, currency, exchange_rate, reporting_amount, tax_amount, status, issued_at, due_at, paid_at, created_by)
VALUES ('00020008-0000-0000-0000-00000000000b', '00020001-0000-0000-0000-000000000001', 'INV-02-2026-01', '00020003-0000-0000-0000-000000000002', 535146.92, 'SEK', 1.0, 535146.92, 133786.73, 'PAID', '2026-01-05', '2026-01-30', '2026-01-28', '00020002-0000-0000-0000-000000000001')
ON CONFLICT (org_id, invoice_number) DO NOTHING;
INSERT INTO invoices (id, org_id, invoice_number, company_id, amount, currency, exchange_rate, reporting_amount, tax_amount, status, issued_at, due_at, paid_at, created_by)
VALUES ('00020008-0000-0000-0000-00000000000c', '00020001-0000-0000-0000-000000000001', 'INV-02-2026-02', '00020003-0000-0000-0000-00000000001b', 499155.81, 'SEK', 1.0, 499155.81, 124788.95, 'PAID', '2026-02-05', '2026-02-28', '2026-02-28', '00020002-0000-0000-0000-000000000001')
ON CONFLICT (org_id, invoice_number) DO NOTHING;

INSERT INTO transactions (id, org_id, account_code, account_name, credit, currency, exchange_rate, reporting_credit, description, invoice_id, booked_at, created_by)
VALUES ('00020009-0000-0000-0000-000000000001', '00020001-0000-0000-0000-000000000001', '3000', 'Försäljningsintäkter', 690288.35, 'SEK', 1.0, 690288.35, 'Månadsomsättning 2025-03', '00020008-0000-0000-0000-000000000008', '2025-03-15', '00020002-0000-0000-0000-000000000001')
ON CONFLICT DO NOTHING;
INSERT INTO transactions (id, org_id, account_code, account_name, debit, currency, exchange_rate, reporting_debit, description, booked_at, created_by)
VALUES ('00020009-0000-0000-0000-000000000002', '00020001-0000-0000-0000-000000000001', '4000', 'Råvaror och förnödenheter', 241600.92, 'SEK', 1.0, 241600.92, 'Leverantörskostnader 2025-03', '2025-03-10', '00020002-0000-0000-0000-000000000001')
ON CONFLICT DO NOTHING;
INSERT INTO transactions (id, org_id, account_code, account_name, debit, currency, exchange_rate, reporting_debit, description, booked_at, created_by)
VALUES ('00020009-0000-0000-0000-000000000003', '00020001-0000-0000-0000-000000000001', '7010', 'Löner tjänstemän', 360000, 'SEK', 1.0, 360000, 'Löner 2025-03', '2025-03-25', '00020002-0000-0000-0000-000000000001')
ON CONFLICT DO NOTHING;
INSERT INTO transactions (id, org_id, account_code, account_name, credit, currency, exchange_rate, reporting_credit, description, invoice_id, booked_at, created_by)
VALUES ('00020009-0000-0000-0000-000000000004', '00020001-0000-0000-0000-000000000001', '3000', 'Försäljningsintäkter', 744466.04, 'SEK', 1.0, 744466.04, 'Månadsomsättning 2025-04', '00020008-0000-0000-0000-00000000000b', '2025-04-15', '00020002-0000-0000-0000-000000000001')
ON CONFLICT DO NOTHING;
INSERT INTO transactions (id, org_id, account_code, account_name, debit, currency, exchange_rate, reporting_debit, description, booked_at, created_by)
VALUES ('00020009-0000-0000-0000-000000000005', '00020001-0000-0000-0000-000000000001', '4000', 'Råvaror och förnödenheter', 260563.11, 'SEK', 1.0, 260563.11, 'Leverantörskostnader 2025-04', '2025-04-10', '00020002-0000-0000-0000-000000000001')
ON CONFLICT DO NOTHING;
INSERT INTO transactions (id, org_id, account_code, account_name, debit, currency, exchange_rate, reporting_debit, description, booked_at, created_by)
VALUES ('00020009-0000-0000-0000-000000000006', '00020001-0000-0000-0000-000000000001', '7010', 'Löner tjänstemän', 360000, 'SEK', 1.0, 360000, 'Löner 2025-04', '2025-04-25', '00020002-0000-0000-0000-000000000001')
ON CONFLICT DO NOTHING;
INSERT INTO transactions (id, org_id, account_code, account_name, credit, currency, exchange_rate, reporting_credit, description, invoice_id, booked_at, created_by)
VALUES ('00020009-0000-0000-0000-000000000007', '00020001-0000-0000-0000-000000000001', '3000', 'Försäljningsintäkter', 757996.7, 'SEK', 1.0, 757996.7, 'Månadsomsättning 2025-05', '00020008-0000-0000-0000-000000000004', '2025-05-15', '00020002-0000-0000-0000-000000000001')
ON CONFLICT DO NOTHING;
INSERT INTO transactions (id, org_id, account_code, account_name, debit, currency, exchange_rate, reporting_debit, description, booked_at, created_by)
VALUES ('00020009-0000-0000-0000-000000000008', '00020001-0000-0000-0000-000000000001', '4000', 'Råvaror och förnödenheter', 265298.84, 'SEK', 1.0, 265298.84, 'Leverantörskostnader 2025-05', '2025-05-10', '00020002-0000-0000-0000-000000000001')
ON CONFLICT DO NOTHING;
INSERT INTO transactions (id, org_id, account_code, account_name, debit, currency, exchange_rate, reporting_debit, description, booked_at, created_by)
VALUES ('00020009-0000-0000-0000-000000000009', '00020001-0000-0000-0000-000000000001', '7010', 'Löner tjänstemän', 360000, 'SEK', 1.0, 360000, 'Löner 2025-05', '2025-05-25', '00020002-0000-0000-0000-000000000001')
ON CONFLICT DO NOTHING;
INSERT INTO transactions (id, org_id, account_code, account_name, credit, currency, exchange_rate, reporting_credit, description, invoice_id, booked_at, created_by)
VALUES ('00020009-0000-0000-0000-00000000000a', '00020001-0000-0000-0000-000000000001', '3000', 'Försäljningsintäkter', 727604.3, 'SEK', 1.0, 727604.3, 'Månadsomsättning 2025-06', '00020008-0000-0000-0000-000000000005', '2025-06-15', '00020002-0000-0000-0000-000000000001')
ON CONFLICT DO NOTHING;
INSERT INTO transactions (id, org_id, account_code, account_name, debit, currency, exchange_rate, reporting_debit, description, booked_at, created_by)
VALUES ('00020009-0000-0000-0000-00000000000b', '00020001-0000-0000-0000-000000000001', '4000', 'Råvaror och förnödenheter', 254661.51, 'SEK', 1.0, 254661.51, 'Leverantörskostnader 2025-06', '2025-06-10', '00020002-0000-0000-0000-000000000001')
ON CONFLICT DO NOTHING;
INSERT INTO transactions (id, org_id, account_code, account_name, debit, currency, exchange_rate, reporting_debit, description, booked_at, created_by)
VALUES ('00020009-0000-0000-0000-00000000000c', '00020001-0000-0000-0000-000000000001', '7010', 'Löner tjänstemän', 360000, 'SEK', 1.0, 360000, 'Löner 2025-06', '2025-06-25', '00020002-0000-0000-0000-000000000001')
ON CONFLICT DO NOTHING;
INSERT INTO transactions (id, org_id, account_code, account_name, credit, currency, exchange_rate, reporting_credit, description, invoice_id, booked_at, created_by)
VALUES ('00020009-0000-0000-0000-00000000000d', '00020001-0000-0000-0000-000000000001', '3000', 'Försäljningsintäkter', 657375.49, 'SEK', 1.0, 657375.49, 'Månadsomsättning 2025-07', '00020008-0000-0000-0000-000000000003', '2025-07-15', '00020002-0000-0000-0000-000000000001')
ON CONFLICT DO NOTHING;
INSERT INTO transactions (id, org_id, account_code, account_name, debit, currency, exchange_rate, reporting_debit, description, booked_at, created_by)
VALUES ('00020009-0000-0000-0000-00000000000e', '00020001-0000-0000-0000-000000000001', '4000', 'Råvaror och förnödenheter', 230081.42, 'SEK', 1.0, 230081.42, 'Leverantörskostnader 2025-07', '2025-07-10', '00020002-0000-0000-0000-000000000001')
ON CONFLICT DO NOTHING;
INSERT INTO transactions (id, org_id, account_code, account_name, debit, currency, exchange_rate, reporting_debit, description, booked_at, created_by)
VALUES ('00020009-0000-0000-0000-00000000000f', '00020001-0000-0000-0000-000000000001', '7010', 'Löner tjänstemän', 360000, 'SEK', 1.0, 360000, 'Löner 2025-07', '2025-07-25', '00020002-0000-0000-0000-000000000001')
ON CONFLICT DO NOTHING;
INSERT INTO transactions (id, org_id, account_code, account_name, credit, currency, exchange_rate, reporting_credit, description, invoice_id, booked_at, created_by)
VALUES ('00020009-0000-0000-0000-000000000010', '00020001-0000-0000-0000-000000000001', '3000', 'Försäljningsintäkter', 654587.77, 'SEK', 1.0, 654587.77, 'Månadsomsättning 2025-08', '00020008-0000-0000-0000-000000000008', '2025-08-15', '00020002-0000-0000-0000-000000000001')
ON CONFLICT DO NOTHING;
INSERT INTO transactions (id, org_id, account_code, account_name, debit, currency, exchange_rate, reporting_debit, description, booked_at, created_by)
VALUES ('00020009-0000-0000-0000-000000000011', '00020001-0000-0000-0000-000000000001', '4000', 'Råvaror och förnödenheter', 229105.72, 'SEK', 1.0, 229105.72, 'Leverantörskostnader 2025-08', '2025-08-10', '00020002-0000-0000-0000-000000000001')
ON CONFLICT DO NOTHING;
INSERT INTO transactions (id, org_id, account_code, account_name, debit, currency, exchange_rate, reporting_debit, description, booked_at, created_by)
VALUES ('00020009-0000-0000-0000-000000000012', '00020001-0000-0000-0000-000000000001', '7010', 'Löner tjänstemän', 360000, 'SEK', 1.0, 360000, 'Löner 2025-08', '2025-08-25', '00020002-0000-0000-0000-000000000001')
ON CONFLICT DO NOTHING;
INSERT INTO transactions (id, org_id, account_code, account_name, credit, currency, exchange_rate, reporting_credit, description, invoice_id, booked_at, created_by)
VALUES ('00020009-0000-0000-0000-000000000013', '00020001-0000-0000-0000-000000000001', '3000', 'Försäljningsintäkter', 607471.27, 'SEK', 1.0, 607471.27, 'Månadsomsättning 2025-09', '00020008-0000-0000-0000-000000000006', '2025-09-15', '00020002-0000-0000-0000-000000000001')
ON CONFLICT DO NOTHING;
INSERT INTO transactions (id, org_id, account_code, account_name, debit, currency, exchange_rate, reporting_debit, description, booked_at, created_by)
VALUES ('00020009-0000-0000-0000-000000000014', '00020001-0000-0000-0000-000000000001', '4000', 'Råvaror och förnödenheter', 212614.94, 'SEK', 1.0, 212614.94, 'Leverantörskostnader 2025-09', '2025-09-10', '00020002-0000-0000-0000-000000000001')
ON CONFLICT DO NOTHING;
INSERT INTO transactions (id, org_id, account_code, account_name, debit, currency, exchange_rate, reporting_debit, description, booked_at, created_by)
VALUES ('00020009-0000-0000-0000-000000000015', '00020001-0000-0000-0000-000000000001', '7010', 'Löner tjänstemän', 360000, 'SEK', 1.0, 360000, 'Löner 2025-09', '2025-09-25', '00020002-0000-0000-0000-000000000001')
ON CONFLICT DO NOTHING;
INSERT INTO transactions (id, org_id, account_code, account_name, credit, currency, exchange_rate, reporting_credit, description, invoice_id, booked_at, created_by)
VALUES ('00020009-0000-0000-0000-000000000016', '00020001-0000-0000-0000-000000000001', '3000', 'Försäljningsintäkter', 738963.68, 'SEK', 1.0, 738963.68, 'Månadsomsättning 2025-10', '00020008-0000-0000-0000-00000000000c', '2025-10-15', '00020002-0000-0000-0000-000000000001')
ON CONFLICT DO NOTHING;
INSERT INTO transactions (id, org_id, account_code, account_name, debit, currency, exchange_rate, reporting_debit, description, booked_at, created_by)
VALUES ('00020009-0000-0000-0000-000000000017', '00020001-0000-0000-0000-000000000001', '4000', 'Råvaror och förnödenheter', 258637.29, 'SEK', 1.0, 258637.29, 'Leverantörskostnader 2025-10', '2025-10-10', '00020002-0000-0000-0000-000000000001')
ON CONFLICT DO NOTHING;
INSERT INTO transactions (id, org_id, account_code, account_name, debit, currency, exchange_rate, reporting_debit, description, booked_at, created_by)
VALUES ('00020009-0000-0000-0000-000000000018', '00020001-0000-0000-0000-000000000001', '7010', 'Löner tjänstemän', 360000, 'SEK', 1.0, 360000, 'Löner 2025-10', '2025-10-25', '00020002-0000-0000-0000-000000000001')
ON CONFLICT DO NOTHING;
INSERT INTO transactions (id, org_id, account_code, account_name, credit, currency, exchange_rate, reporting_credit, description, invoice_id, booked_at, created_by)
VALUES ('00020009-0000-0000-0000-000000000019', '00020001-0000-0000-0000-000000000001', '3000', 'Försäljningsintäkter', 764271.34, 'SEK', 1.0, 764271.34, 'Månadsomsättning 2025-11', '00020008-0000-0000-0000-000000000007', '2025-11-15', '00020002-0000-0000-0000-000000000001')
ON CONFLICT DO NOTHING;
INSERT INTO transactions (id, org_id, account_code, account_name, debit, currency, exchange_rate, reporting_debit, description, booked_at, created_by)
VALUES ('00020009-0000-0000-0000-00000000001a', '00020001-0000-0000-0000-000000000001', '4000', 'Råvaror och förnödenheter', 267494.97, 'SEK', 1.0, 267494.97, 'Leverantörskostnader 2025-11', '2025-11-10', '00020002-0000-0000-0000-000000000001')
ON CONFLICT DO NOTHING;
INSERT INTO transactions (id, org_id, account_code, account_name, debit, currency, exchange_rate, reporting_debit, description, booked_at, created_by)
VALUES ('00020009-0000-0000-0000-00000000001b', '00020001-0000-0000-0000-000000000001', '7010', 'Löner tjänstemän', 360000, 'SEK', 1.0, 360000, 'Löner 2025-11', '2025-11-25', '00020002-0000-0000-0000-000000000001')
ON CONFLICT DO NOTHING;
INSERT INTO transactions (id, org_id, account_code, account_name, credit, currency, exchange_rate, reporting_credit, description, invoice_id, booked_at, created_by)
VALUES ('00020009-0000-0000-0000-00000000001c', '00020001-0000-0000-0000-000000000001', '3000', 'Försäljningsintäkter', 592819.9, 'SEK', 1.0, 592819.9, 'Månadsomsättning 2025-12', '00020008-0000-0000-0000-000000000009', '2025-12-15', '00020002-0000-0000-0000-000000000001')
ON CONFLICT DO NOTHING;
INSERT INTO transactions (id, org_id, account_code, account_name, debit, currency, exchange_rate, reporting_debit, description, booked_at, created_by)
VALUES ('00020009-0000-0000-0000-00000000001d', '00020001-0000-0000-0000-000000000001', '4000', 'Råvaror och förnödenheter', 207486.96, 'SEK', 1.0, 207486.96, 'Leverantörskostnader 2025-12', '2025-12-10', '00020002-0000-0000-0000-000000000001')
ON CONFLICT DO NOTHING;
INSERT INTO transactions (id, org_id, account_code, account_name, debit, currency, exchange_rate, reporting_debit, description, booked_at, created_by)
VALUES ('00020009-0000-0000-0000-00000000001e', '00020001-0000-0000-0000-000000000001', '7010', 'Löner tjänstemän', 360000, 'SEK', 1.0, 360000, 'Löner 2025-12', '2025-12-25', '00020002-0000-0000-0000-000000000001')
ON CONFLICT DO NOTHING;
INSERT INTO transactions (id, org_id, account_code, account_name, credit, currency, exchange_rate, reporting_credit, description, invoice_id, booked_at, created_by)
VALUES ('00020009-0000-0000-0000-00000000001f', '00020001-0000-0000-0000-000000000001', '3000', 'Försäljningsintäkter', 678996.91, 'SEK', 1.0, 678996.91, 'Månadsomsättning 2026-01', '00020008-0000-0000-0000-000000000004', '2026-01-15', '00020002-0000-0000-0000-000000000001')
ON CONFLICT DO NOTHING;
INSERT INTO transactions (id, org_id, account_code, account_name, debit, currency, exchange_rate, reporting_debit, description, booked_at, created_by)
VALUES ('00020009-0000-0000-0000-000000000020', '00020001-0000-0000-0000-000000000001', '4000', 'Råvaror och förnödenheter', 237648.92, 'SEK', 1.0, 237648.92, 'Leverantörskostnader 2026-01', '2026-01-10', '00020002-0000-0000-0000-000000000001')
ON CONFLICT DO NOTHING;
INSERT INTO transactions (id, org_id, account_code, account_name, debit, currency, exchange_rate, reporting_debit, description, booked_at, created_by)
VALUES ('00020009-0000-0000-0000-000000000021', '00020001-0000-0000-0000-000000000001', '7010', 'Löner tjänstemän', 360000, 'SEK', 1.0, 360000, 'Löner 2026-01', '2026-01-25', '00020002-0000-0000-0000-000000000001')
ON CONFLICT DO NOTHING;
INSERT INTO transactions (id, org_id, account_code, account_name, credit, currency, exchange_rate, reporting_credit, description, invoice_id, booked_at, created_by)
VALUES ('00020009-0000-0000-0000-000000000022', '00020001-0000-0000-0000-000000000001', '3000', 'Försäljningsintäkter', 659961.18, 'SEK', 1.0, 659961.18, 'Månadsomsättning 2026-02', '00020008-0000-0000-0000-000000000008', '2026-02-15', '00020002-0000-0000-0000-000000000001')
ON CONFLICT DO NOTHING;
INSERT INTO transactions (id, org_id, account_code, account_name, debit, currency, exchange_rate, reporting_debit, description, booked_at, created_by)
VALUES ('00020009-0000-0000-0000-000000000023', '00020001-0000-0000-0000-000000000001', '4000', 'Råvaror och förnödenheter', 230986.41, 'SEK', 1.0, 230986.41, 'Leverantörskostnader 2026-02', '2026-02-10', '00020002-0000-0000-0000-000000000001')
ON CONFLICT DO NOTHING;
INSERT INTO transactions (id, org_id, account_code, account_name, debit, currency, exchange_rate, reporting_debit, description, booked_at, created_by)
VALUES ('00020009-0000-0000-0000-000000000024', '00020001-0000-0000-0000-000000000001', '7010', 'Löner tjänstemän', 360000, 'SEK', 1.0, 360000, 'Löner 2026-02', '2026-02-25', '00020002-0000-0000-0000-000000000001')
ON CONFLICT DO NOTHING;

INSERT INTO processes (id, org_id, code, name, owner_id, is_active, avg_duration_min)
VALUES ('0002000b-0000-0000-0000-000000000001', '00020001-0000-0000-0000-000000000001', 'P-001', 'Inbokning arbetsorder', '00020002-0000-0000-0000-000000000004', TRUE, 33)
ON CONFLICT (org_id, code) DO NOTHING;
INSERT INTO process_executions (id, org_id, process_id, status, started_at, completed_at, duration_min, executed_by)
VALUES ('0002000c-0000-0000-0000-000000000001', '00020001-0000-0000-0000-000000000001', '0002000b-0000-0000-0000-000000000001', 'COMPLETED'::process_execution_status, '2025-03-26', '2025-03-26', 84, '00020002-0000-0000-0000-000000000007')
ON CONFLICT DO NOTHING;
INSERT INTO process_executions (id, org_id, process_id, status, started_at, completed_at, duration_min, executed_by)
VALUES ('0002000c-0000-0000-0000-000000000002', '00020001-0000-0000-0000-000000000001', '0002000b-0000-0000-0000-000000000001', 'FAILED'::process_execution_status, '2025-07-06', '2025-07-06', 50, '00020002-0000-0000-0000-000000000006')
ON CONFLICT DO NOTHING;
INSERT INTO process_executions (id, org_id, process_id, status, started_at, completed_at, duration_min, executed_by)
VALUES ('0002000c-0000-0000-0000-000000000003', '00020001-0000-0000-0000-000000000001', '0002000b-0000-0000-0000-000000000001', 'RUNNING'::process_execution_status, '2025-06-06', NULL, 50, '00020002-0000-0000-0000-000000000008')
ON CONFLICT DO NOTHING;
INSERT INTO processes (id, org_id, code, name, owner_id, is_active, avg_duration_min)
VALUES ('0002000b-0000-0000-0000-000000000002', '00020001-0000-0000-0000-000000000001', 'P-002', 'Diagnos och felsökning', '00020002-0000-0000-0000-000000000009', TRUE, 74)
ON CONFLICT (org_id, code) DO NOTHING;
INSERT INTO process_executions (id, org_id, process_id, status, started_at, completed_at, duration_min, executed_by)
VALUES ('0002000c-0000-0000-0000-000000000005', '00020001-0000-0000-0000-000000000001', '0002000b-0000-0000-0000-000000000002', 'FAILED'::process_execution_status, '2025-08-05', '2025-08-05', 137, '00020002-0000-0000-0000-000000000001')
ON CONFLICT DO NOTHING;
INSERT INTO process_executions (id, org_id, process_id, status, started_at, completed_at, duration_min, executed_by)
VALUES ('0002000c-0000-0000-0000-000000000006', '00020001-0000-0000-0000-000000000001', '0002000b-0000-0000-0000-000000000002', 'COMPLETED'::process_execution_status, '2025-09-18', '2025-09-18', 139, '00020002-0000-0000-0000-000000000008')
ON CONFLICT DO NOTHING;
INSERT INTO process_executions (id, org_id, process_id, status, started_at, completed_at, duration_min, executed_by)
VALUES ('0002000c-0000-0000-0000-000000000007', '00020001-0000-0000-0000-000000000001', '0002000b-0000-0000-0000-000000000002', 'COMPLETED'::process_execution_status, '2025-06-19', '2025-06-19', 159, '00020002-0000-0000-0000-000000000006')
ON CONFLICT DO NOTHING;
INSERT INTO processes (id, org_id, code, name, owner_id, is_active, avg_duration_min)
VALUES ('0002000b-0000-0000-0000-000000000003', '00020001-0000-0000-0000-000000000001', 'P-003', 'Reservdelsbeställning', '00020002-0000-0000-0000-000000000001', TRUE, 21)
ON CONFLICT (org_id, code) DO NOTHING;
INSERT INTO process_executions (id, org_id, process_id, status, started_at, completed_at, duration_min, executed_by)
VALUES ('0002000c-0000-0000-0000-000000000009', '00020001-0000-0000-0000-000000000001', '0002000b-0000-0000-0000-000000000003', 'RUNNING'::process_execution_status, '2025-11-09', NULL, 162, '00020002-0000-0000-0000-00000000000b')
ON CONFLICT DO NOTHING;
INSERT INTO process_executions (id, org_id, process_id, status, started_at, completed_at, duration_min, executed_by)
VALUES ('0002000c-0000-0000-0000-00000000000a', '00020001-0000-0000-0000-000000000001', '0002000b-0000-0000-0000-000000000003', 'FAILED'::process_execution_status, '2025-07-25', '2025-07-25', 147, '00020002-0000-0000-0000-000000000001')
ON CONFLICT DO NOTHING;
INSERT INTO process_executions (id, org_id, process_id, status, started_at, completed_at, duration_min, executed_by)
VALUES ('0002000c-0000-0000-0000-00000000000b', '00020001-0000-0000-0000-000000000001', '0002000b-0000-0000-0000-000000000003', 'COMPLETED'::process_execution_status, '2025-10-07', '2025-10-07', 44, '00020002-0000-0000-0000-000000000005')
ON CONFLICT DO NOTHING;
INSERT INTO processes (id, org_id, code, name, owner_id, is_active, avg_duration_min)
VALUES ('0002000b-0000-0000-0000-000000000004', '00020001-0000-0000-0000-000000000001', 'P-004', 'Kvalitetskontroll efter service', '00020002-0000-0000-0000-00000000000c', TRUE, 61)
ON CONFLICT (org_id, code) DO NOTHING;
INSERT INTO process_executions (id, org_id, process_id, status, started_at, completed_at, duration_min, executed_by)
VALUES ('0002000c-0000-0000-0000-00000000000d', '00020001-0000-0000-0000-000000000001', '0002000b-0000-0000-0000-000000000004', 'FAILED'::process_execution_status, '2025-09-04', '2025-09-04', 21, '00020002-0000-0000-0000-000000000007')
ON CONFLICT DO NOTHING;
INSERT INTO process_executions (id, org_id, process_id, status, started_at, completed_at, duration_min, executed_by)
VALUES ('0002000c-0000-0000-0000-00000000000e', '00020001-0000-0000-0000-000000000001', '0002000b-0000-0000-0000-000000000004', 'COMPLETED'::process_execution_status, '2025-12-17', '2025-12-17', 153, '00020002-0000-0000-0000-000000000004')
ON CONFLICT DO NOTHING;
INSERT INTO process_executions (id, org_id, process_id, status, started_at, completed_at, duration_min, executed_by)
VALUES ('0002000c-0000-0000-0000-00000000000f', '00020001-0000-0000-0000-000000000001', '0002000b-0000-0000-0000-000000000004', 'RUNNING'::process_execution_status, '2025-12-09', NULL, 83, '00020002-0000-0000-0000-000000000002')
ON CONFLICT DO NOTHING;
INSERT INTO processes (id, org_id, code, name, owner_id, is_active, avg_duration_min)
VALUES ('0002000b-0000-0000-0000-000000000005', '00020001-0000-0000-0000-000000000001', 'P-005', 'Kalibrering av mätdon', '00020002-0000-0000-0000-000000000007', TRUE, 79)
ON CONFLICT (org_id, code) DO NOTHING;
INSERT INTO process_executions (id, org_id, process_id, status, started_at, completed_at, duration_min, executed_by)
VALUES ('0002000c-0000-0000-0000-000000000011', '00020001-0000-0000-0000-000000000001', '0002000b-0000-0000-0000-000000000005', 'FAILED'::process_execution_status, '2025-12-07', '2025-12-07', 81, '00020002-0000-0000-0000-00000000000a')
ON CONFLICT DO NOTHING;
INSERT INTO process_executions (id, org_id, process_id, status, started_at, completed_at, duration_min, executed_by)
VALUES ('0002000c-0000-0000-0000-000000000012', '00020001-0000-0000-0000-000000000001', '0002000b-0000-0000-0000-000000000005', 'COMPLETED'::process_execution_status, '2025-05-05', '2025-05-05', 34, '00020002-0000-0000-0000-000000000007')
ON CONFLICT DO NOTHING;
INSERT INTO process_executions (id, org_id, process_id, status, started_at, completed_at, duration_min, executed_by)
VALUES ('0002000c-0000-0000-0000-000000000013', '00020001-0000-0000-0000-000000000001', '0002000b-0000-0000-0000-000000000005', 'RUNNING'::process_execution_status, '2025-08-21', NULL, 152, '00020002-0000-0000-0000-000000000006')
ON CONFLICT DO NOTHING;
INSERT INTO processes (id, org_id, code, name, owner_id, is_active, avg_duration_min)
VALUES ('0002000b-0000-0000-0000-000000000006', '00020001-0000-0000-0000-000000000001', 'P-006', 'Kundkommunikation klar bil', '00020002-0000-0000-0000-000000000003', TRUE, 40)
ON CONFLICT (org_id, code) DO NOTHING;
INSERT INTO process_executions (id, org_id, process_id, status, started_at, completed_at, duration_min, executed_by)
VALUES ('0002000c-0000-0000-0000-000000000015', '00020001-0000-0000-0000-000000000001', '0002000b-0000-0000-0000-000000000006', 'FAILED'::process_execution_status, '2025-11-12', '2025-11-12', 20, '00020002-0000-0000-0000-000000000001')
ON CONFLICT DO NOTHING;
INSERT INTO process_executions (id, org_id, process_id, status, started_at, completed_at, duration_min, executed_by)
VALUES ('0002000c-0000-0000-0000-000000000016', '00020001-0000-0000-0000-000000000001', '0002000b-0000-0000-0000-000000000006', 'COMPLETED'::process_execution_status, '2025-05-10', '2025-05-10', 95, '00020002-0000-0000-0000-000000000008')
ON CONFLICT DO NOTHING;
INSERT INTO process_executions (id, org_id, process_id, status, started_at, completed_at, duration_min, executed_by)
VALUES ('0002000c-0000-0000-0000-000000000017', '00020001-0000-0000-0000-000000000001', '0002000b-0000-0000-0000-000000000006', 'FAILED'::process_execution_status, '2025-05-16', '2025-05-16', 165, '00020002-0000-0000-0000-000000000009')
ON CONFLICT DO NOTHING;
INSERT INTO processes (id, org_id, code, name, owner_id, is_active, avg_duration_min)
VALUES ('0002000b-0000-0000-0000-000000000007', '00020001-0000-0000-0000-000000000001', 'P-007', 'Reklamationshantering', '00020002-0000-0000-0000-000000000003', TRUE, 56)
ON CONFLICT (org_id, code) DO NOTHING;
INSERT INTO process_executions (id, org_id, process_id, status, started_at, completed_at, duration_min, executed_by)
VALUES ('0002000c-0000-0000-0000-000000000019', '00020001-0000-0000-0000-000000000001', '0002000b-0000-0000-0000-000000000007', 'RUNNING'::process_execution_status, '2025-05-23', NULL, 110, '00020002-0000-0000-0000-00000000000a')
ON CONFLICT DO NOTHING;
INSERT INTO process_executions (id, org_id, process_id, status, started_at, completed_at, duration_min, executed_by)
VALUES ('0002000c-0000-0000-0000-00000000001a', '00020001-0000-0000-0000-000000000001', '0002000b-0000-0000-0000-000000000007', 'RUNNING'::process_execution_status, '2025-12-29', NULL, 96, '00020002-0000-0000-0000-000000000009')
ON CONFLICT DO NOTHING;
INSERT INTO process_executions (id, org_id, process_id, status, started_at, completed_at, duration_min, executed_by)
VALUES ('0002000c-0000-0000-0000-00000000001b', '00020001-0000-0000-0000-000000000001', '0002000b-0000-0000-0000-000000000007', 'FAILED'::process_execution_status, '2026-02-26', '2026-02-26', 154, '00020002-0000-0000-0000-000000000005')
ON CONFLICT DO NOTHING;
INSERT INTO processes (id, org_id, code, name, owner_id, is_active, avg_duration_min)
VALUES ('0002000b-0000-0000-0000-000000000008', '00020001-0000-0000-0000-000000000001', 'P-008', 'Kassa och fakturering', '00020002-0000-0000-0000-000000000008', TRUE, 119)
ON CONFLICT (org_id, code) DO NOTHING;
INSERT INTO process_executions (id, org_id, process_id, status, started_at, completed_at, duration_min, executed_by)
VALUES ('0002000c-0000-0000-0000-00000000001d', '00020001-0000-0000-0000-000000000001', '0002000b-0000-0000-0000-000000000008', 'COMPLETED'::process_execution_status, '2025-09-05', '2025-09-05', 94, '00020002-0000-0000-0000-00000000000b')
ON CONFLICT DO NOTHING;
INSERT INTO process_executions (id, org_id, process_id, status, started_at, completed_at, duration_min, executed_by)
VALUES ('0002000c-0000-0000-0000-00000000001e', '00020001-0000-0000-0000-000000000001', '0002000b-0000-0000-0000-000000000008', 'COMPLETED'::process_execution_status, '2025-09-30', '2025-09-30', 159, '00020002-0000-0000-0000-000000000005')
ON CONFLICT DO NOTHING;
INSERT INTO process_executions (id, org_id, process_id, status, started_at, completed_at, duration_min, executed_by)
VALUES ('0002000c-0000-0000-0000-00000000001f', '00020001-0000-0000-0000-000000000001', '0002000b-0000-0000-0000-000000000008', 'COMPLETED'::process_execution_status, '2025-12-31', '2025-12-31', 131, '00020002-0000-0000-0000-000000000005')
ON CONFLICT DO NOTHING;
INSERT INTO processes (id, org_id, code, name, owner_id, is_active, avg_duration_min)
VALUES ('0002000b-0000-0000-0000-000000000009', '00020001-0000-0000-0000-000000000001', 'P-009', 'Lagerhantering reservdelar', '00020002-0000-0000-0000-00000000000b', TRUE, 115)
ON CONFLICT (org_id, code) DO NOTHING;
INSERT INTO process_executions (id, org_id, process_id, status, started_at, completed_at, duration_min, executed_by)
VALUES ('0002000c-0000-0000-0000-000000000021', '00020001-0000-0000-0000-000000000001', '0002000b-0000-0000-0000-000000000009', 'COMPLETED'::process_execution_status, '2025-03-27', '2025-03-27', 159, '00020002-0000-0000-0000-000000000008')
ON CONFLICT DO NOTHING;
INSERT INTO process_executions (id, org_id, process_id, status, started_at, completed_at, duration_min, executed_by)
VALUES ('0002000c-0000-0000-0000-000000000022', '00020001-0000-0000-0000-000000000001', '0002000b-0000-0000-0000-000000000009', 'COMPLETED'::process_execution_status, '2025-11-24', '2025-11-24', 171, '00020002-0000-0000-0000-00000000000c')
ON CONFLICT DO NOTHING;
INSERT INTO process_executions (id, org_id, process_id, status, started_at, completed_at, duration_min, executed_by)
VALUES ('0002000c-0000-0000-0000-000000000023', '00020001-0000-0000-0000-000000000001', '0002000b-0000-0000-0000-000000000009', 'FAILED'::process_execution_status, '2025-05-15', '2025-05-15', 72, '00020002-0000-0000-0000-000000000001')
ON CONFLICT DO NOTHING;
INSERT INTO processes (id, org_id, code, name, owner_id, is_active, avg_duration_min)
VALUES ('0002000b-0000-0000-0000-00000000000a', '00020001-0000-0000-0000-000000000001', 'P-010', 'Daglig checklistiga', '00020002-0000-0000-0000-00000000000a', TRUE, 104)
ON CONFLICT (org_id, code) DO NOTHING;
INSERT INTO process_executions (id, org_id, process_id, status, started_at, completed_at, duration_min, executed_by)
VALUES ('0002000c-0000-0000-0000-000000000025', '00020001-0000-0000-0000-000000000001', '0002000b-0000-0000-0000-00000000000a', 'COMPLETED'::process_execution_status, '2025-06-06', '2025-06-06', 14, '00020002-0000-0000-0000-000000000008')
ON CONFLICT DO NOTHING;
INSERT INTO process_executions (id, org_id, process_id, status, started_at, completed_at, duration_min, executed_by)
VALUES ('0002000c-0000-0000-0000-000000000026', '00020001-0000-0000-0000-000000000001', '0002000b-0000-0000-0000-00000000000a', 'RUNNING'::process_execution_status, '2025-10-01', NULL, 48, '00020002-0000-0000-0000-000000000007')
ON CONFLICT DO NOTHING;
INSERT INTO process_executions (id, org_id, process_id, status, started_at, completed_at, duration_min, executed_by)
VALUES ('0002000c-0000-0000-0000-000000000027', '00020001-0000-0000-0000-000000000001', '0002000b-0000-0000-0000-00000000000a', 'COMPLETED'::process_execution_status, '2025-09-27', '2025-09-27', 138, '00020002-0000-0000-0000-00000000000a')
ON CONFLICT DO NOTHING;

INSERT INTO non_conformances (id, org_id, code, title, severity, status, process_id, reported_by, assigned_to, detected_at, closed_at)
VALUES ('0002000d-0000-0000-0000-000000000001', '00020001-0000-0000-0000-000000000001', 'NC-001', 'Kalibreringsinstrument ej godkänt', 'MAJOR'::nc_severity, 'ANALYZING'::nc_status, '0002000b-0000-0000-0000-000000000003', '00020002-0000-0000-0000-000000000009', '00020002-0000-0000-0000-000000000004', '2025-04-01', NULL)
ON CONFLICT (org_id, code) DO NOTHING;
INSERT INTO non_conformances (id, org_id, code, title, severity, status, process_id, reported_by, assigned_to, detected_at, closed_at)
VALUES ('0002000d-0000-0000-0000-000000000002', '00020001-0000-0000-0000-000000000001', 'NC-002', 'Kundreklamation – oljeläcka efter service', 'CRITICAL'::nc_severity, 'ACTION_PLANNED'::nc_status, '0002000b-0000-0000-0000-000000000008', '00020002-0000-0000-0000-000000000009', '00020002-0000-0000-0000-000000000007', '2025-08-14', NULL)
ON CONFLICT (org_id, code) DO NOTHING;
INSERT INTO non_conformances (id, org_id, code, title, severity, status, process_id, reported_by, assigned_to, detected_at, closed_at)
VALUES ('0002000d-0000-0000-0000-000000000003', '00020001-0000-0000-0000-000000000001', 'NC-003', 'Reservdel beställd fel modell', 'MINOR'::nc_severity, 'OPEN'::nc_status, '0002000b-0000-0000-0000-000000000008', '00020002-0000-0000-0000-000000000009', '00020002-0000-0000-0000-000000000006', '2025-05-28', NULL)
ON CONFLICT (org_id, code) DO NOTHING;
INSERT INTO non_conformances (id, org_id, code, title, severity, status, process_id, reported_by, assigned_to, detected_at, closed_at)
VALUES ('0002000d-0000-0000-0000-000000000004', '00020001-0000-0000-0000-000000000001', 'NC-004', 'Arbetsorder saknar kundsignatur', 'OBSERVATION'::nc_severity, 'ACTION_PLANNED'::nc_status, '0002000b-0000-0000-0000-000000000005', '00020002-0000-0000-0000-00000000000a', '00020002-0000-0000-0000-000000000008', '2025-08-29', NULL)
ON CONFLICT (org_id, code) DO NOTHING;
INSERT INTO non_conformances (id, org_id, code, title, severity, status, process_id, reported_by, assigned_to, detected_at, closed_at)
VALUES ('0002000d-0000-0000-0000-000000000005', '00020001-0000-0000-0000-000000000001', 'NC-005', 'Försenad kalibrering bromsmätare', 'MINOR'::nc_severity, 'CLOSED'::nc_status, '0002000b-0000-0000-0000-000000000009', '00020002-0000-0000-0000-000000000005', '00020002-0000-0000-0000-000000000004', '2025-07-05', '2025-09-14')
ON CONFLICT (org_id, code) DO NOTHING;
INSERT INTO non_conformances (id, org_id, code, title, severity, status, process_id, reported_by, assigned_to, detected_at, closed_at)
VALUES ('0002000d-0000-0000-0000-000000000006', '00020001-0000-0000-0000-000000000001', 'NC-006', 'Kassaavvikelse 450 SEK', 'MINOR'::nc_severity, 'OPEN'::nc_status, '0002000b-0000-0000-0000-000000000004', '00020002-0000-0000-0000-00000000000c', '00020002-0000-0000-0000-00000000000c', '2025-07-26', NULL)
ON CONFLICT (org_id, code) DO NOTHING;

INSERT INTO risks (id, org_id, code, title, category, probability, impact, risk_level, mitigation, owner_id, process_id, review_date)
VALUES ('0002000e-0000-0000-0000-000000000001', '00020001-0000-0000-0000-000000000001', 'R-001', 'Kalibreringsstatus utgångna instrument', 'TECHNICAL'::risk_category, 3, 4, 'HIGH'::risk_level, 'Halvårlig kalibrering av samtliga mätdon', '00020002-0000-0000-0000-000000000008', '0002000b-0000-0000-0000-000000000006', '2025-11-01')
ON CONFLICT (org_id, code) DO NOTHING;
INSERT INTO risks (id, org_id, code, title, category, probability, impact, risk_level, mitigation, owner_id, process_id, review_date)
VALUES ('0002000e-0000-0000-0000-000000000002', '00020001-0000-0000-0000-000000000001', 'R-002', 'Kundreklamation – ryktesrisk', 'OPERATIONAL'::risk_category, 3, 3, 'MEDIUM'::risk_level, 'Snabb reklamationsprocess max 48h', '00020002-0000-0000-0000-000000000006', '0002000b-0000-0000-0000-000000000009', '2025-07-19')
ON CONFLICT (org_id, code) DO NOTHING;
INSERT INTO risks (id, org_id, code, title, category, probability, impact, risk_level, mitigation, owner_id, process_id, review_date)
VALUES ('0002000e-0000-0000-0000-000000000003', '00020001-0000-0000-0000-000000000001', 'R-003', 'Nyckelpersonsrisk – Gunnar Eriksson', 'OPERATIONAL'::risk_category, 2, 5, 'HIGH'::risk_level, 'Kompetensspridning via intern mentorskap', '00020002-0000-0000-0000-000000000005', '0002000b-0000-0000-0000-000000000002', '2025-12-19')
ON CONFLICT (org_id, code) DO NOTHING;

INSERT INTO kpis (id, org_id, name, value, target, unit, status, period, measured_at)
VALUES ('0002000f-0000-0000-0000-000000000001', '00020001-0000-0000-0000-000000000001', 'Omsättning', 725540.7, 666666.6666666666, 'SEK', 'GREEN', '2025-03', '2025-03-28')
ON CONFLICT DO NOTHING;
INSERT INTO kpis (id, org_id, name, value, target, unit, status, period, measured_at)
VALUES ('0002000f-0000-0000-0000-000000000002', '00020001-0000-0000-0000-000000000001', 'Antal deals', 37.6, 40, 'st', 'GREEN', '2025-03', '2025-03-28')
ON CONFLICT DO NOTHING;
INSERT INTO kpis (id, org_id, name, value, target, unit, status, period, measured_at)
VALUES ('0002000f-0000-0000-0000-000000000003', '00020001-0000-0000-0000-000000000001', 'Kundnöjdhet', 105.4, 85, '%', 'GREEN', '2025-03', '2025-03-28')
ON CONFLICT DO NOTHING;
INSERT INTO kpis (id, org_id, name, value, target, unit, status, period, measured_at)
VALUES ('0002000f-0000-0000-0000-000000000004', '00020001-0000-0000-0000-000000000001', 'Ledtid', 5.8, 5, 'dagar', 'GREEN', '2025-03', '2025-03-28')
ON CONFLICT DO NOTHING;
INSERT INTO kpis (id, org_id, name, value, target, unit, status, period, measured_at)
VALUES ('0002000f-0000-0000-0000-000000000005', '00020001-0000-0000-0000-000000000001', 'Avvikelser', 2.5, 2, 'st', 'GREEN', '2025-03', '2025-03-28')
ON CONFLICT DO NOTHING;
INSERT INTO kpis (id, org_id, name, value, target, unit, status, period, measured_at)
VALUES ('0002000f-0000-0000-0000-000000000006', '00020001-0000-0000-0000-000000000001', 'Omsättning', 768205.3, 666666.6666666666, 'SEK', 'GREEN', '2025-04', '2025-04-28')
ON CONFLICT DO NOTHING;
INSERT INTO kpis (id, org_id, name, value, target, unit, status, period, measured_at)
VALUES ('0002000f-0000-0000-0000-000000000007', '00020001-0000-0000-0000-000000000001', 'Antal deals', 35.8, 40, 'st', 'YELLOW', '2025-04', '2025-04-28')
ON CONFLICT DO NOTHING;
INSERT INTO kpis (id, org_id, name, value, target, unit, status, period, measured_at)
VALUES ('0002000f-0000-0000-0000-000000000008', '00020001-0000-0000-0000-000000000001', 'Kundnöjdhet', 76.0, 85, '%', 'YELLOW', '2025-04', '2025-04-28')
ON CONFLICT DO NOTHING;
INSERT INTO kpis (id, org_id, name, value, target, unit, status, period, measured_at)
VALUES ('0002000f-0000-0000-0000-000000000009', '00020001-0000-0000-0000-000000000001', 'Ledtid', 5.5, 5, 'dagar', 'GREEN', '2025-04', '2025-04-28')
ON CONFLICT DO NOTHING;
INSERT INTO kpis (id, org_id, name, value, target, unit, status, period, measured_at)
VALUES ('0002000f-0000-0000-0000-00000000000a', '00020001-0000-0000-0000-000000000001', 'Avvikelser', 1.8, 2, 'st', 'GREEN', '2025-04', '2025-04-28')
ON CONFLICT DO NOTHING;
INSERT INTO kpis (id, org_id, name, value, target, unit, status, period, measured_at)
VALUES ('0002000f-0000-0000-0000-00000000000b', '00020001-0000-0000-0000-000000000001', 'Omsättning', 647458.7, 666666.6666666666, 'SEK', 'GREEN', '2025-05', '2025-05-28')
ON CONFLICT DO NOTHING;
INSERT INTO kpis (id, org_id, name, value, target, unit, status, period, measured_at)
VALUES ('0002000f-0000-0000-0000-00000000000c', '00020001-0000-0000-0000-000000000001', 'Antal deals', 35.1, 40, 'st', 'YELLOW', '2025-05', '2025-05-28')
ON CONFLICT DO NOTHING;
INSERT INTO kpis (id, org_id, name, value, target, unit, status, period, measured_at)
VALUES ('0002000f-0000-0000-0000-00000000000d', '00020001-0000-0000-0000-000000000001', 'Kundnöjdhet', 84.1, 85, '%', 'GREEN', '2025-05', '2025-05-28')
ON CONFLICT DO NOTHING;
INSERT INTO kpis (id, org_id, name, value, target, unit, status, period, measured_at)
VALUES ('0002000f-0000-0000-0000-00000000000e', '00020001-0000-0000-0000-000000000001', 'Ledtid', 4.3, 5, 'dagar', 'YELLOW', '2025-05', '2025-05-28')
ON CONFLICT DO NOTHING;
INSERT INTO kpis (id, org_id, name, value, target, unit, status, period, measured_at)
VALUES ('0002000f-0000-0000-0000-00000000000f', '00020001-0000-0000-0000-000000000001', 'Avvikelser', 2.0, 2, 'st', 'GREEN', '2025-05', '2025-05-28')
ON CONFLICT DO NOTHING;
INSERT INTO kpis (id, org_id, name, value, target, unit, status, period, measured_at)
VALUES ('0002000f-0000-0000-0000-000000000010', '00020001-0000-0000-0000-000000000001', 'Omsättning', 811008.0, 666666.6666666666, 'SEK', 'GREEN', '2025-06', '2025-06-28')
ON CONFLICT DO NOTHING;
INSERT INTO kpis (id, org_id, name, value, target, unit, status, period, measured_at)
VALUES ('0002000f-0000-0000-0000-000000000011', '00020001-0000-0000-0000-000000000001', 'Antal deals', 43.9, 40, 'st', 'GREEN', '2025-06', '2025-06-28')
ON CONFLICT DO NOTHING;
INSERT INTO kpis (id, org_id, name, value, target, unit, status, period, measured_at)
VALUES ('0002000f-0000-0000-0000-000000000012', '00020001-0000-0000-0000-000000000001', 'Kundnöjdhet', 69.6, 85, '%', 'YELLOW', '2025-06', '2025-06-28')
ON CONFLICT DO NOTHING;
INSERT INTO kpis (id, org_id, name, value, target, unit, status, period, measured_at)
VALUES ('0002000f-0000-0000-0000-000000000013', '00020001-0000-0000-0000-000000000001', 'Ledtid', 5.3, 5, 'dagar', 'GREEN', '2025-06', '2025-06-28')
ON CONFLICT DO NOTHING;
INSERT INTO kpis (id, org_id, name, value, target, unit, status, period, measured_at)
VALUES ('0002000f-0000-0000-0000-000000000014', '00020001-0000-0000-0000-000000000001', 'Avvikelser', 2.1, 2, 'st', 'GREEN', '2025-06', '2025-06-28')
ON CONFLICT DO NOTHING;
INSERT INTO kpis (id, org_id, name, value, target, unit, status, period, measured_at)
VALUES ('0002000f-0000-0000-0000-000000000015', '00020001-0000-0000-0000-000000000001', 'Omsättning', 580819.3, 666666.6666666666, 'SEK', 'YELLOW', '2025-07', '2025-07-28')
ON CONFLICT DO NOTHING;
INSERT INTO kpis (id, org_id, name, value, target, unit, status, period, measured_at)
VALUES ('0002000f-0000-0000-0000-000000000016', '00020001-0000-0000-0000-000000000001', 'Antal deals', 43.4, 40, 'st', 'GREEN', '2025-07', '2025-07-28')
ON CONFLICT DO NOTHING;
INSERT INTO kpis (id, org_id, name, value, target, unit, status, period, measured_at)
VALUES ('0002000f-0000-0000-0000-000000000017', '00020001-0000-0000-0000-000000000001', 'Kundnöjdhet', 86.3, 85, '%', 'GREEN', '2025-07', '2025-07-28')
ON CONFLICT DO NOTHING;
INSERT INTO kpis (id, org_id, name, value, target, unit, status, period, measured_at)
VALUES ('0002000f-0000-0000-0000-000000000018', '00020001-0000-0000-0000-000000000001', 'Ledtid', 5.3, 5, 'dagar', 'GREEN', '2025-07', '2025-07-28')
ON CONFLICT DO NOTHING;
INSERT INTO kpis (id, org_id, name, value, target, unit, status, period, measured_at)
VALUES ('0002000f-0000-0000-0000-000000000019', '00020001-0000-0000-0000-000000000001', 'Avvikelser', 1.6, 2, 'st', 'YELLOW', '2025-07', '2025-07-28')
ON CONFLICT DO NOTHING;
INSERT INTO kpis (id, org_id, name, value, target, unit, status, period, measured_at)
VALUES ('0002000f-0000-0000-0000-00000000001a', '00020001-0000-0000-0000-000000000001', 'Omsättning', 637767.1, 666666.6666666666, 'SEK', 'GREEN', '2025-08', '2025-08-28')
ON CONFLICT DO NOTHING;
INSERT INTO kpis (id, org_id, name, value, target, unit, status, period, measured_at)
VALUES ('0002000f-0000-0000-0000-00000000001b', '00020001-0000-0000-0000-000000000001', 'Antal deals', 44.3, 40, 'st', 'GREEN', '2025-08', '2025-08-28')
ON CONFLICT DO NOTHING;
INSERT INTO kpis (id, org_id, name, value, target, unit, status, period, measured_at)
VALUES ('0002000f-0000-0000-0000-00000000001c', '00020001-0000-0000-0000-000000000001', 'Kundnöjdhet', 68.0, 85, '%', 'YELLOW', '2025-08', '2025-08-28')
ON CONFLICT DO NOTHING;
INSERT INTO kpis (id, org_id, name, value, target, unit, status, period, measured_at)
VALUES ('0002000f-0000-0000-0000-00000000001d', '00020001-0000-0000-0000-000000000001', 'Ledtid', 5.7, 5, 'dagar', 'GREEN', '2025-08', '2025-08-28')
ON CONFLICT DO NOTHING;
INSERT INTO kpis (id, org_id, name, value, target, unit, status, period, measured_at)
VALUES ('0002000f-0000-0000-0000-00000000001e', '00020001-0000-0000-0000-000000000001', 'Avvikelser', 1.5, 2, 'st', 'YELLOW', '2025-08', '2025-08-28')
ON CONFLICT DO NOTHING;
INSERT INTO kpis (id, org_id, name, value, target, unit, status, period, measured_at)
VALUES ('0002000f-0000-0000-0000-00000000001f', '00020001-0000-0000-0000-000000000001', 'Omsättning', 683450.9, 666666.6666666666, 'SEK', 'GREEN', '2025-09', '2025-09-28')
ON CONFLICT DO NOTHING;
INSERT INTO kpis (id, org_id, name, value, target, unit, status, period, measured_at)
VALUES ('0002000f-0000-0000-0000-000000000020', '00020001-0000-0000-0000-000000000001', 'Antal deals', 48.6, 40, 'st', 'GREEN', '2025-09', '2025-09-28')
ON CONFLICT DO NOTHING;
INSERT INTO kpis (id, org_id, name, value, target, unit, status, period, measured_at)
VALUES ('0002000f-0000-0000-0000-000000000021', '00020001-0000-0000-0000-000000000001', 'Kundnöjdhet', 81.0, 85, '%', 'GREEN', '2025-09', '2025-09-28')
ON CONFLICT DO NOTHING;
INSERT INTO kpis (id, org_id, name, value, target, unit, status, period, measured_at)
VALUES ('0002000f-0000-0000-0000-000000000022', '00020001-0000-0000-0000-000000000001', 'Ledtid', 6.1, 5, 'dagar', 'GREEN', '2025-09', '2025-09-28')
ON CONFLICT DO NOTHING;
INSERT INTO kpis (id, org_id, name, value, target, unit, status, period, measured_at)
VALUES ('0002000f-0000-0000-0000-000000000023', '00020001-0000-0000-0000-000000000001', 'Avvikelser', 2.4, 2, 'st', 'GREEN', '2025-09', '2025-09-28')
ON CONFLICT DO NOTHING;
INSERT INTO kpis (id, org_id, name, value, target, unit, status, period, measured_at)
VALUES ('0002000f-0000-0000-0000-000000000024', '00020001-0000-0000-0000-000000000001', 'Omsättning', 659149.5, 666666.6666666666, 'SEK', 'GREEN', '2025-10', '2025-10-28')
ON CONFLICT DO NOTHING;
INSERT INTO kpis (id, org_id, name, value, target, unit, status, period, measured_at)
VALUES ('0002000f-0000-0000-0000-000000000025', '00020001-0000-0000-0000-000000000001', 'Antal deals', 34.0, 40, 'st', 'YELLOW', '2025-10', '2025-10-28')
ON CONFLICT DO NOTHING;
INSERT INTO kpis (id, org_id, name, value, target, unit, status, period, measured_at)
VALUES ('0002000f-0000-0000-0000-000000000026', '00020001-0000-0000-0000-000000000001', 'Kundnöjdhet', 104.7, 85, '%', 'GREEN', '2025-10', '2025-10-28')
ON CONFLICT DO NOTHING;
INSERT INTO kpis (id, org_id, name, value, target, unit, status, period, measured_at)
VALUES ('0002000f-0000-0000-0000-000000000027', '00020001-0000-0000-0000-000000000001', 'Ledtid', 4.6, 5, 'dagar', 'GREEN', '2025-10', '2025-10-28')
ON CONFLICT DO NOTHING;
INSERT INTO kpis (id, org_id, name, value, target, unit, status, period, measured_at)
VALUES ('0002000f-0000-0000-0000-000000000028', '00020001-0000-0000-0000-000000000001', 'Avvikelser', 2.1, 2, 'st', 'GREEN', '2025-10', '2025-10-28')
ON CONFLICT DO NOTHING;
INSERT INTO kpis (id, org_id, name, value, target, unit, status, period, measured_at)
VALUES ('0002000f-0000-0000-0000-000000000029', '00020001-0000-0000-0000-000000000001', 'Omsättning', 802645.7, 666666.6666666666, 'SEK', 'GREEN', '2025-11', '2025-11-28')
ON CONFLICT DO NOTHING;
INSERT INTO kpis (id, org_id, name, value, target, unit, status, period, measured_at)
VALUES ('0002000f-0000-0000-0000-00000000002a', '00020001-0000-0000-0000-000000000001', 'Antal deals', 31.8, 40, 'st', 'YELLOW', '2025-11', '2025-11-28')
ON CONFLICT DO NOTHING;
INSERT INTO kpis (id, org_id, name, value, target, unit, status, period, measured_at)
VALUES ('0002000f-0000-0000-0000-00000000002b', '00020001-0000-0000-0000-000000000001', 'Kundnöjdhet', 88.2, 85, '%', 'GREEN', '2025-11', '2025-11-28')
ON CONFLICT DO NOTHING;
INSERT INTO kpis (id, org_id, name, value, target, unit, status, period, measured_at)
VALUES ('0002000f-0000-0000-0000-00000000002c', '00020001-0000-0000-0000-000000000001', 'Ledtid', 5.1, 5, 'dagar', 'GREEN', '2025-11', '2025-11-28')
ON CONFLICT DO NOTHING;
INSERT INTO kpis (id, org_id, name, value, target, unit, status, period, measured_at)
VALUES ('0002000f-0000-0000-0000-00000000002d', '00020001-0000-0000-0000-000000000001', 'Avvikelser', 2.2, 2, 'st', 'GREEN', '2025-11', '2025-11-28')
ON CONFLICT DO NOTHING;
INSERT INTO kpis (id, org_id, name, value, target, unit, status, period, measured_at)
VALUES ('0002000f-0000-0000-0000-00000000002e', '00020001-0000-0000-0000-000000000001', 'Omsättning', 812223.1, 666666.6666666666, 'SEK', 'GREEN', '2025-12', '2025-12-28')
ON CONFLICT DO NOTHING;
INSERT INTO kpis (id, org_id, name, value, target, unit, status, period, measured_at)
VALUES ('0002000f-0000-0000-0000-00000000002f', '00020001-0000-0000-0000-000000000001', 'Antal deals', 48.3, 40, 'st', 'GREEN', '2025-12', '2025-12-28')
ON CONFLICT DO NOTHING;
INSERT INTO kpis (id, org_id, name, value, target, unit, status, period, measured_at)
VALUES ('0002000f-0000-0000-0000-000000000030', '00020001-0000-0000-0000-000000000001', 'Kundnöjdhet', 71.2, 85, '%', 'YELLOW', '2025-12', '2025-12-28')
ON CONFLICT DO NOTHING;
INSERT INTO kpis (id, org_id, name, value, target, unit, status, period, measured_at)
VALUES ('0002000f-0000-0000-0000-000000000031', '00020001-0000-0000-0000-000000000001', 'Ledtid', 6.0, 5, 'dagar', 'GREEN', '2025-12', '2025-12-28')
ON CONFLICT DO NOTHING;
INSERT INTO kpis (id, org_id, name, value, target, unit, status, period, measured_at)
VALUES ('0002000f-0000-0000-0000-000000000032', '00020001-0000-0000-0000-000000000001', 'Avvikelser', 1.7, 2, 'st', 'YELLOW', '2025-12', '2025-12-28')
ON CONFLICT DO NOTHING;
INSERT INTO kpis (id, org_id, name, value, target, unit, status, period, measured_at)
VALUES ('0002000f-0000-0000-0000-000000000033', '00020001-0000-0000-0000-000000000001', 'Omsättning', 806544.9, 666666.6666666666, 'SEK', 'GREEN', '2026-01', '2026-01-28')
ON CONFLICT DO NOTHING;
INSERT INTO kpis (id, org_id, name, value, target, unit, status, period, measured_at)
VALUES ('0002000f-0000-0000-0000-000000000034', '00020001-0000-0000-0000-000000000001', 'Antal deals', 49.9, 40, 'st', 'GREEN', '2026-01', '2026-01-28')
ON CONFLICT DO NOTHING;
INSERT INTO kpis (id, org_id, name, value, target, unit, status, period, measured_at)
VALUES ('0002000f-0000-0000-0000-000000000035', '00020001-0000-0000-0000-000000000001', 'Kundnöjdhet', 80.6, 85, '%', 'GREEN', '2026-01', '2026-01-28')
ON CONFLICT DO NOTHING;
INSERT INTO kpis (id, org_id, name, value, target, unit, status, period, measured_at)
VALUES ('0002000f-0000-0000-0000-000000000036', '00020001-0000-0000-0000-000000000001', 'Ledtid', 5.0, 5, 'dagar', 'GREEN', '2026-01', '2026-01-28')
ON CONFLICT DO NOTHING;
INSERT INTO kpis (id, org_id, name, value, target, unit, status, period, measured_at)
VALUES ('0002000f-0000-0000-0000-000000000037', '00020001-0000-0000-0000-000000000001', 'Avvikelser', 2.4, 2, 'st', 'GREEN', '2026-01', '2026-01-28')
ON CONFLICT DO NOTHING;
INSERT INTO kpis (id, org_id, name, value, target, unit, status, period, measured_at)
VALUES ('0002000f-0000-0000-0000-000000000038', '00020001-0000-0000-0000-000000000001', 'Omsättning', 820710.5, 666666.6666666666, 'SEK', 'GREEN', '2026-02', '2026-02-28')
ON CONFLICT DO NOTHING;
INSERT INTO kpis (id, org_id, name, value, target, unit, status, period, measured_at)
VALUES ('0002000f-0000-0000-0000-000000000039', '00020001-0000-0000-0000-000000000001', 'Antal deals', 48.5, 40, 'st', 'GREEN', '2026-02', '2026-02-28')
ON CONFLICT DO NOTHING;
INSERT INTO kpis (id, org_id, name, value, target, unit, status, period, measured_at)
VALUES ('0002000f-0000-0000-0000-00000000003a', '00020001-0000-0000-0000-000000000001', 'Kundnöjdhet', 101.0, 85, '%', 'GREEN', '2026-02', '2026-02-28')
ON CONFLICT DO NOTHING;
INSERT INTO kpis (id, org_id, name, value, target, unit, status, period, measured_at)
VALUES ('0002000f-0000-0000-0000-00000000003b', '00020001-0000-0000-0000-000000000001', 'Ledtid', 3.8, 5, 'dagar', 'YELLOW', '2026-02', '2026-02-28')
ON CONFLICT DO NOTHING;
INSERT INTO kpis (id, org_id, name, value, target, unit, status, period, measured_at)
VALUES ('0002000f-0000-0000-0000-00000000003c', '00020001-0000-0000-0000-000000000001', 'Avvikelser', 2.1, 2, 'st', 'GREEN', '2026-02', '2026-02-28')
ON CONFLICT DO NOTHING;

INSERT INTO goals (id, org_id, title, current_value, target_value, unit, status, start_date, end_date, owner_id, created_by)
VALUES ('00020011-0000-0000-0000-000000000001', '00020001-0000-0000-0000-000000000001', 'Öka omsättning med 15%', 650737.0, 1200000.0, 'SEK', 'ON_TRACK'::goal_status, '2025-03-01', '2026-02-28', '00020002-0000-0000-0000-000000000002', '00020002-0000-0000-0000-000000000001')
ON CONFLICT DO NOTHING;
INSERT INTO goals (id, org_id, title, current_value, target_value, unit, status, start_date, end_date, owner_id, created_by)
VALUES ('00020011-0000-0000-0000-000000000002', '00020001-0000-0000-0000-000000000001', 'Minska avvikelser till <3/månad', 2.0, 3, 'st', 'AT_RISK'::goal_status, '2025-03-01', '2026-02-28', '00020002-0000-0000-0000-00000000000b', '00020002-0000-0000-0000-000000000001')
ON CONFLICT DO NOTHING;
INSERT INTO goals (id, org_id, title, current_value, target_value, unit, status, start_date, end_date, owner_id, created_by)
VALUES ('00020011-0000-0000-0000-000000000003', '00020001-0000-0000-0000-000000000001', 'Kundnöjdhet > 90%', 57.1, 90, '%', 'AT_RISK'::goal_status, '2025-03-01', '2026-02-28', '00020002-0000-0000-0000-000000000003', '00020002-0000-0000-0000-000000000001')
ON CONFLICT DO NOTHING;


-- ============================================================
-- ORG 3: Novacode AB
-- ============================================================

INSERT INTO organizations (id, name, slug, domain, reporting_currency, settings)
VALUES ('00030001-0000-0000-0000-000000000001', 'Novacode AB', 'novacode', 'novacode.se', 'EUR', '{}'::JSONB)
ON CONFLICT (slug) DO NOTHING;

INSERT INTO users (id, org_id, email, full_name, role, title)
VALUES ('00030002-0000-0000-0000-000000000001', '00030001-0000-0000-0000-000000000001', 'erik.svensson@novacode.se', 'Erik Svensson', 'ADMIN'::user_role, 'VD')
ON CONFLICT (org_id, email) DO NOTHING;
INSERT INTO users (id, org_id, email, full_name, role, title)
VALUES ('00030002-0000-0000-0000-000000000002', '00030001-0000-0000-0000-000000000001', 'sofia.lindqvist@novacode.se', 'Sofia Lindqvist', 'MANAGER'::user_role, 'CTO')
ON CONFLICT (org_id, email) DO NOTHING;
INSERT INTO users (id, org_id, email, full_name, role, title)
VALUES ('00030002-0000-0000-0000-000000000003', '00030001-0000-0000-0000-000000000001', 'andreas.berg@novacode.se', 'Andreas Berg', 'MANAGER'::user_role, 'VP Sales')
ON CONFLICT (org_id, email) DO NOTHING;
INSERT INTO users (id, org_id, email, full_name, role, title)
VALUES ('00030002-0000-0000-0000-000000000004', '00030001-0000-0000-0000-000000000001', 'camilla.ek@novacode.se', 'Camilla Ek', 'OPS'::user_role, 'Senior Developer')
ON CONFLICT (org_id, email) DO NOTHING;
INSERT INTO users (id, org_id, email, full_name, role, title)
VALUES ('00030002-0000-0000-0000-000000000005', '00030001-0000-0000-0000-000000000001', 'jonas.lund@novacode.se', 'Jonas Lund', 'OPS'::user_role, 'Senior Developer')
ON CONFLICT (org_id, email) DO NOTHING;
INSERT INTO users (id, org_id, email, full_name, role, title)
VALUES ('00030002-0000-0000-0000-000000000006', '00030001-0000-0000-0000-000000000001', 'emma.hog@novacode.se', 'Emma Hög', 'OPS'::user_role, 'Frontend Developer')
ON CONFLICT (org_id, email) DO NOTHING;
INSERT INTO users (id, org_id, email, full_name, role, title)
VALUES ('00030002-0000-0000-0000-000000000007', '00030001-0000-0000-0000-000000000001', 'kristoffer.nyman@novacode.se', 'Kristoffer Nyman', 'OPS'::user_role, 'Backend Developer')
ON CONFLICT (org_id, email) DO NOTHING;
INSERT INTO users (id, org_id, email, full_name, role, title)
VALUES ('00030002-0000-0000-0000-000000000008', '00030001-0000-0000-0000-000000000001', 'malin.tornqvist@novacode.se', 'Malin Törnqvist', 'OPS'::user_role, 'DevOps Engineer')
ON CONFLICT (org_id, email) DO NOTHING;
INSERT INTO users (id, org_id, email, full_name, role, title)
VALUES ('00030002-0000-0000-0000-000000000009', '00030001-0000-0000-0000-000000000001', 'anton.sjogren@novacode.se', 'Anton Sjögren', 'SALES'::user_role, 'Account Executive')
ON CONFLICT (org_id, email) DO NOTHING;
INSERT INTO users (id, org_id, email, full_name, role, title)
VALUES ('00030002-0000-0000-0000-00000000000a', '00030001-0000-0000-0000-000000000001', 'hanna.wallin@novacode.se', 'Hanna Wallin', 'SALES'::user_role, 'Account Executive')
ON CONFLICT (org_id, email) DO NOTHING;
INSERT INTO users (id, org_id, email, full_name, role, title)
VALUES ('00030002-0000-0000-0000-00000000000b', '00030001-0000-0000-0000-000000000001', 'patrik.nordin@novacode.se', 'Patrik Nordin', 'FINANCE'::user_role, 'CFO')
ON CONFLICT (org_id, email) DO NOTHING;
INSERT INTO users (id, org_id, email, full_name, role, title)
VALUES ('00030002-0000-0000-0000-00000000000c', '00030001-0000-0000-0000-000000000001', 'lisa.soderberg@novacode.se', 'Lisa Söderberg', 'OPS'::user_role, 'UX Designer')
ON CONFLICT (org_id, email) DO NOTHING;
INSERT INTO users (id, org_id, email, full_name, role, title)
VALUES ('00030002-0000-0000-0000-00000000000d', '00030001-0000-0000-0000-000000000001', 'daniel.akerman@novacode.se', 'Daniel Åkerman', 'OPS'::user_role, 'Backend Developer')
ON CONFLICT (org_id, email) DO NOTHING;
INSERT INTO users (id, org_id, email, full_name, role, title)
VALUES ('00030002-0000-0000-0000-00000000000e', '00030001-0000-0000-0000-000000000001', 'rebecka.hjort@novacode.se', 'Rebecka Hjort', 'OPS'::user_role, 'QA Engineer')
ON CONFLICT (org_id, email) DO NOTHING;
INSERT INTO users (id, org_id, email, full_name, role, title)
VALUES ('00030002-0000-0000-0000-00000000000f', '00030001-0000-0000-0000-000000000001', 'oscar.blom@novacode.se', 'Oscar Blom', 'OPS'::user_role, 'Developer')
ON CONFLICT (org_id, email) DO NOTHING;

INSERT INTO companies (id, org_id, name, industry, country, created_by)
VALUES ('00030003-0000-0000-0000-000000000001', '00030001-0000-0000-0000-000000000001', 'Amazon Web Services EMEA', 'Cloud infrastructure', 'SE', '00030002-0000-0000-0000-000000000001')
ON CONFLICT DO NOTHING;
INSERT INTO companies (id, org_id, name, industry, country, created_by)
VALUES ('00030003-0000-0000-0000-000000000002', '00030001-0000-0000-0000-000000000001', 'Stripe Inc.', 'Payment processing', 'SE', '00030002-0000-0000-0000-000000000001')
ON CONFLICT DO NOTHING;
INSERT INTO companies (id, org_id, name, industry, country, created_by)
VALUES ('00030003-0000-0000-0000-000000000003', '00030001-0000-0000-0000-000000000001', 'HubSpot Ireland Ltd', 'CRM platform', 'SE', '00030002-0000-0000-0000-000000000001')
ON CONFLICT DO NOTHING;
INSERT INTO companies (id, org_id, name, industry, country, created_by)
VALUES ('00030003-0000-0000-0000-000000000004', '00030001-0000-0000-0000-000000000001', 'GitHub Inc.', 'Source control', 'SE', '00030002-0000-0000-0000-000000000001')
ON CONFLICT DO NOTHING;
INSERT INTO companies (id, org_id, name, industry, country, created_by)
VALUES ('00030003-0000-0000-0000-000000000005', '00030001-0000-0000-0000-000000000001', 'Datadog Inc.', 'Observability', 'SE', '00030002-0000-0000-0000-000000000001')
ON CONFLICT DO NOTHING;
INSERT INTO companies (id, org_id, name, industry, country, city, created_by)
VALUES ('00030003-0000-0000-0000-000000000006', '00030001-0000-0000-0000-000000000001', 'Lindgren Bygg AB', 'SaaS/Tech', 'SE', 'Stockholm', '00030002-0000-0000-0000-000000000001')
ON CONFLICT DO NOTHING;
INSERT INTO companies (id, org_id, name, industry, country, city, created_by)
VALUES ('00030003-0000-0000-0000-000000000007', '00030001-0000-0000-0000-000000000001', 'Björn Invest AB', 'SaaS/Tech', 'SE', 'Stockholm', '00030002-0000-0000-0000-000000000001')
ON CONFLICT DO NOTHING;
INSERT INTO companies (id, org_id, name, industry, country, city, created_by)
VALUES ('00030003-0000-0000-0000-000000000008', '00030001-0000-0000-0000-000000000001', 'Berg Lösningar AB', 'SaaS/Tech', 'SE', 'Stockholm', '00030002-0000-0000-0000-000000000001')
ON CONFLICT DO NOTHING;
INSERT INTO companies (id, org_id, name, industry, country, city, created_by)
VALUES ('00030003-0000-0000-0000-000000000009', '00030001-0000-0000-0000-000000000001', 'Persson Fastigheter AB', 'SaaS/Tech', 'SE', 'Stockholm', '00030002-0000-0000-0000-000000000001')
ON CONFLICT DO NOTHING;
INSERT INTO companies (id, org_id, name, industry, country, city, created_by)
VALUES ('00030003-0000-0000-0000-00000000000a', '00030001-0000-0000-0000-000000000001', 'Björn Lösningar AB', 'SaaS/Tech', 'SE', 'Stockholm', '00030002-0000-0000-0000-000000000001')
ON CONFLICT DO NOTHING;
INSERT INTO companies (id, org_id, name, industry, country, city, created_by)
VALUES ('00030003-0000-0000-0000-00000000000b', '00030001-0000-0000-0000-000000000001', 'Lindgren Invest AB', 'SaaS/Tech', 'SE', 'Stockholm', '00030002-0000-0000-0000-000000000001')
ON CONFLICT DO NOTHING;
INSERT INTO companies (id, org_id, name, industry, country, city, created_by)
VALUES ('00030003-0000-0000-0000-00000000000c', '00030001-0000-0000-0000-000000000001', 'Holm Partner AB', 'SaaS/Tech', 'SE', 'Stockholm', '00030002-0000-0000-0000-000000000001')
ON CONFLICT DO NOTHING;
INSERT INTO companies (id, org_id, name, industry, country, city, created_by)
VALUES ('00030003-0000-0000-0000-00000000000d', '00030001-0000-0000-0000-000000000001', 'Björn Bygg AB', 'SaaS/Tech', 'SE', 'Stockholm', '00030002-0000-0000-0000-000000000001')
ON CONFLICT DO NOTHING;
INSERT INTO companies (id, org_id, name, industry, country, city, created_by)
VALUES ('00030003-0000-0000-0000-00000000000e', '00030001-0000-0000-0000-000000000001', 'Holm Bygg AB', 'SaaS/Tech', 'SE', 'Stockholm', '00030002-0000-0000-0000-000000000001')
ON CONFLICT DO NOTHING;
INSERT INTO companies (id, org_id, name, industry, country, city, created_by)
VALUES ('00030003-0000-0000-0000-00000000000f', '00030001-0000-0000-0000-000000000001', 'Persson Invest AB', 'SaaS/Tech', 'SE', 'Stockholm', '00030002-0000-0000-0000-000000000001')
ON CONFLICT DO NOTHING;
INSERT INTO companies (id, org_id, name, industry, country, city, created_by)
VALUES ('00030003-0000-0000-0000-000000000010', '00030001-0000-0000-0000-000000000001', 'Berg Service AB', 'SaaS/Tech', 'SE', 'Stockholm', '00030002-0000-0000-0000-000000000001')
ON CONFLICT DO NOTHING;
INSERT INTO companies (id, org_id, name, industry, country, city, created_by)
VALUES ('00030003-0000-0000-0000-000000000011', '00030001-0000-0000-0000-000000000001', 'Lindgren Fastigheter AB', 'SaaS/Tech', 'SE', 'Stockholm', '00030002-0000-0000-0000-000000000001')
ON CONFLICT DO NOTHING;
INSERT INTO companies (id, org_id, name, industry, country, city, created_by)
VALUES ('00030003-0000-0000-0000-000000000012', '00030001-0000-0000-0000-000000000001', 'Ek Partner AB', 'SaaS/Tech', 'SE', 'Stockholm', '00030002-0000-0000-0000-000000000001')
ON CONFLICT DO NOTHING;
INSERT INTO companies (id, org_id, name, industry, country, city, created_by)
VALUES ('00030003-0000-0000-0000-000000000013', '00030001-0000-0000-0000-000000000001', 'Lindgren Projekt AB', 'SaaS/Tech', 'SE', 'Stockholm', '00030002-0000-0000-0000-000000000001')
ON CONFLICT DO NOTHING;
INSERT INTO companies (id, org_id, name, industry, country, city, created_by)
VALUES ('00030003-0000-0000-0000-000000000014', '00030001-0000-0000-0000-000000000001', 'Ek Service AB', 'SaaS/Tech', 'SE', 'Stockholm', '00030002-0000-0000-0000-000000000001')
ON CONFLICT DO NOTHING;
INSERT INTO companies (id, org_id, name, industry, country, city, created_by)
VALUES ('00030003-0000-0000-0000-000000000015', '00030001-0000-0000-0000-000000000001', 'Ek Fastigheter AB', 'SaaS/Tech', 'SE', 'Stockholm', '00030002-0000-0000-0000-000000000001')
ON CONFLICT DO NOTHING;
INSERT INTO companies (id, org_id, name, industry, country, city, created_by)
VALUES ('00030003-0000-0000-0000-000000000016', '00030001-0000-0000-0000-000000000001', 'Ek Service AB', 'SaaS/Tech', 'SE', 'Stockholm', '00030002-0000-0000-0000-000000000001')
ON CONFLICT DO NOTHING;
INSERT INTO companies (id, org_id, name, industry, country, city, created_by)
VALUES ('00030003-0000-0000-0000-000000000017', '00030001-0000-0000-0000-000000000001', 'Lindgren Fastigheter AB', 'SaaS/Tech', 'SE', 'Stockholm', '00030002-0000-0000-0000-000000000001')
ON CONFLICT DO NOTHING;
INSERT INTO companies (id, org_id, name, industry, country, city, created_by)
VALUES ('00030003-0000-0000-0000-000000000018', '00030001-0000-0000-0000-000000000001', 'Karlsson Projekt AB', 'SaaS/Tech', 'SE', 'Stockholm', '00030002-0000-0000-0000-000000000001')
ON CONFLICT DO NOTHING;
INSERT INTO companies (id, org_id, name, industry, country, city, created_by)
VALUES ('00030003-0000-0000-0000-000000000019', '00030001-0000-0000-0000-000000000001', 'Ek Invest AB', 'SaaS/Tech', 'SE', 'Stockholm', '00030002-0000-0000-0000-000000000001')
ON CONFLICT DO NOTHING;
INSERT INTO companies (id, org_id, name, industry, country, city, created_by)
VALUES ('00030003-0000-0000-0000-00000000001a', '00030001-0000-0000-0000-000000000001', 'Holm Lösningar AB', 'SaaS/Tech', 'SE', 'Stockholm', '00030002-0000-0000-0000-000000000001')
ON CONFLICT DO NOTHING;
INSERT INTO companies (id, org_id, name, industry, country, city, created_by)
VALUES ('00030003-0000-0000-0000-00000000001b', '00030001-0000-0000-0000-000000000001', 'Karlsson Lösningar AB', 'SaaS/Tech', 'SE', 'Stockholm', '00030002-0000-0000-0000-000000000001')
ON CONFLICT DO NOTHING;
INSERT INTO companies (id, org_id, name, industry, country, city, created_by)
VALUES ('00030003-0000-0000-0000-00000000001c', '00030001-0000-0000-0000-000000000001', 'Björn Handel AB', 'SaaS/Tech', 'SE', 'Stockholm', '00030002-0000-0000-0000-000000000001')
ON CONFLICT DO NOTHING;
INSERT INTO companies (id, org_id, name, industry, country, city, created_by)
VALUES ('00030003-0000-0000-0000-00000000001d', '00030001-0000-0000-0000-000000000001', 'Lindgren Invest AB', 'SaaS/Tech', 'SE', 'Stockholm', '00030002-0000-0000-0000-000000000001')
ON CONFLICT DO NOTHING;
INSERT INTO companies (id, org_id, name, industry, country, city, created_by)
VALUES ('00030003-0000-0000-0000-00000000001e', '00030001-0000-0000-0000-000000000001', 'Berg Invest AB', 'SaaS/Tech', 'SE', 'Stockholm', '00030002-0000-0000-0000-000000000001')
ON CONFLICT DO NOTHING;
INSERT INTO companies (id, org_id, name, industry, country, city, created_by)
VALUES ('00030003-0000-0000-0000-00000000001f', '00030001-0000-0000-0000-000000000001', 'Berg Service AB', 'SaaS/Tech', 'SE', 'Stockholm', '00030002-0000-0000-0000-000000000001')
ON CONFLICT DO NOTHING;
INSERT INTO companies (id, org_id, name, industry, country, city, created_by)
VALUES ('00030003-0000-0000-0000-000000000020', '00030001-0000-0000-0000-000000000001', 'Holm Projekt AB', 'SaaS/Tech', 'SE', 'Stockholm', '00030002-0000-0000-0000-000000000001')
ON CONFLICT DO NOTHING;
INSERT INTO companies (id, org_id, name, industry, country, city, created_by)
VALUES ('00030003-0000-0000-0000-000000000021', '00030001-0000-0000-0000-000000000001', 'Lindgren Handel AB', 'SaaS/Tech', 'SE', 'Stockholm', '00030002-0000-0000-0000-000000000001')
ON CONFLICT DO NOTHING;
INSERT INTO companies (id, org_id, name, industry, country, city, created_by)
VALUES ('00030003-0000-0000-0000-000000000022', '00030001-0000-0000-0000-000000000001', 'Karlsson Projekt AB', 'SaaS/Tech', 'SE', 'Stockholm', '00030002-0000-0000-0000-000000000001')
ON CONFLICT DO NOTHING;
INSERT INTO companies (id, org_id, name, industry, country, city, created_by)
VALUES ('00030003-0000-0000-0000-000000000023', '00030001-0000-0000-0000-000000000001', 'Björn Bygg AB', 'SaaS/Tech', 'SE', 'Stockholm', '00030002-0000-0000-0000-000000000001')
ON CONFLICT DO NOTHING;

INSERT INTO contacts (id, org_id, company_id, first_name, last_name, email, created_by)
VALUES ('00030004-0000-0000-0000-000000000001', '00030001-0000-0000-0000-000000000001', '00030003-0000-0000-0000-000000000004', 'Peter', 'Johansson', 'peter.johansson@example.com', '00030002-0000-0000-0000-000000000001')
ON CONFLICT DO NOTHING;
INSERT INTO contacts (id, org_id, company_id, first_name, last_name, email, created_by)
VALUES ('00030004-0000-0000-0000-000000000002', '00030001-0000-0000-0000-000000000001', '00030003-0000-0000-0000-000000000021', 'Stefan', 'Nyman', 'stefan.nyman@example.com', '00030002-0000-0000-0000-000000000001')
ON CONFLICT DO NOTHING;
INSERT INTO contacts (id, org_id, company_id, first_name, last_name, email, created_by)
VALUES ('00030004-0000-0000-0000-000000000003', '00030001-0000-0000-0000-000000000001', '00030003-0000-0000-0000-000000000023', 'Helena', 'Berg', 'helena.berg@example.com', '00030002-0000-0000-0000-000000000001')
ON CONFLICT DO NOTHING;
INSERT INTO contacts (id, org_id, company_id, first_name, last_name, email, created_by)
VALUES ('00030004-0000-0000-0000-000000000004', '00030001-0000-0000-0000-000000000001', '00030003-0000-0000-0000-000000000015', 'Eva', 'Nilsson', 'eva.nilsson@example.com', '00030002-0000-0000-0000-000000000001')
ON CONFLICT DO NOTHING;
INSERT INTO contacts (id, org_id, company_id, first_name, last_name, email, created_by)
VALUES ('00030004-0000-0000-0000-000000000005', '00030001-0000-0000-0000-000000000001', '00030003-0000-0000-0000-000000000008', 'Anders', 'Andersson', 'anders.andersson@example.com', '00030002-0000-0000-0000-000000000001')
ON CONFLICT DO NOTHING;
INSERT INTO contacts (id, org_id, company_id, first_name, last_name, email, created_by)
VALUES ('00030004-0000-0000-0000-000000000006', '00030001-0000-0000-0000-000000000001', '00030003-0000-0000-0000-000000000020', 'Daniel', 'Eriksson', 'daniel.eriksson@example.com', '00030002-0000-0000-0000-000000000001')
ON CONFLICT DO NOTHING;
INSERT INTO contacts (id, org_id, company_id, first_name, last_name, email, created_by)
VALUES ('00030004-0000-0000-0000-000000000007', '00030001-0000-0000-0000-000000000001', '00030003-0000-0000-0000-000000000021', 'Sara', 'Nyman', 'sara.nyman@example.com', '00030002-0000-0000-0000-000000000001')
ON CONFLICT DO NOTHING;
INSERT INTO contacts (id, org_id, company_id, first_name, last_name, email, created_by)
VALUES ('00030004-0000-0000-0000-000000000008', '00030001-0000-0000-0000-000000000001', '00030003-0000-0000-0000-000000000004', 'Erik', 'Strand', 'erik.strand@example.com', '00030002-0000-0000-0000-000000000001')
ON CONFLICT DO NOTHING;
INSERT INTO contacts (id, org_id, company_id, first_name, last_name, email, created_by)
VALUES ('00030004-0000-0000-0000-000000000009', '00030001-0000-0000-0000-000000000001', '00030003-0000-0000-0000-000000000021', 'Erik', 'Nilsson', 'erik.nilsson@example.com', '00030002-0000-0000-0000-000000000001')
ON CONFLICT DO NOTHING;
INSERT INTO contacts (id, org_id, company_id, first_name, last_name, email, created_by)
VALUES ('00030004-0000-0000-0000-00000000000a', '00030001-0000-0000-0000-000000000001', '00030003-0000-0000-0000-000000000004', 'Johan', 'Andersson', 'johan.andersson@example.com', '00030002-0000-0000-0000-000000000001')
ON CONFLICT DO NOTHING;
INSERT INTO contacts (id, org_id, company_id, first_name, last_name, email, created_by)
VALUES ('00030004-0000-0000-0000-00000000000b', '00030001-0000-0000-0000-000000000001', '00030003-0000-0000-0000-000000000014', 'Stefan', 'Andersson', 'stefan.andersson@example.com', '00030002-0000-0000-0000-000000000001')
ON CONFLICT DO NOTHING;
INSERT INTO contacts (id, org_id, company_id, first_name, last_name, email, created_by)
VALUES ('00030004-0000-0000-0000-00000000000c', '00030001-0000-0000-0000-000000000001', '00030003-0000-0000-0000-00000000001a', 'Niklas', 'Svensson', 'niklas.svensson@example.com', '00030002-0000-0000-0000-000000000001')
ON CONFLICT DO NOTHING;
INSERT INTO contacts (id, org_id, company_id, first_name, last_name, email, created_by)
VALUES ('00030004-0000-0000-0000-00000000000d', '00030001-0000-0000-0000-000000000001', '00030003-0000-0000-0000-000000000001', 'Monica', 'Ekström', 'monica.ekström@example.com', '00030002-0000-0000-0000-000000000001')
ON CONFLICT DO NOTHING;
INSERT INTO contacts (id, org_id, company_id, first_name, last_name, email, created_by)
VALUES ('00030004-0000-0000-0000-00000000000e', '00030001-0000-0000-0000-000000000001', '00030003-0000-0000-0000-000000000005', 'Niklas', 'Eriksson', 'niklas.eriksson@example.com', '00030002-0000-0000-0000-000000000001')
ON CONFLICT DO NOTHING;
INSERT INTO contacts (id, org_id, company_id, first_name, last_name, email, created_by)
VALUES ('00030004-0000-0000-0000-00000000000f', '00030001-0000-0000-0000-000000000001', '00030003-0000-0000-0000-000000000017', 'Maria', 'Persson', 'maria.persson@example.com', '00030002-0000-0000-0000-000000000001')
ON CONFLICT DO NOTHING;
INSERT INTO contacts (id, org_id, company_id, first_name, last_name, email, created_by)
VALUES ('00030004-0000-0000-0000-000000000010', '00030001-0000-0000-0000-000000000001', '00030003-0000-0000-0000-000000000023', 'Marcus', 'Johansson', 'marcus.johansson@example.com', '00030002-0000-0000-0000-000000000001')
ON CONFLICT DO NOTHING;
INSERT INTO contacts (id, org_id, company_id, first_name, last_name, email, created_by)
VALUES ('00030004-0000-0000-0000-000000000011', '00030001-0000-0000-0000-000000000001', '00030003-0000-0000-0000-000000000005', 'Maria', 'Nyman', 'maria.nyman@example.com', '00030002-0000-0000-0000-000000000001')
ON CONFLICT DO NOTHING;
INSERT INTO contacts (id, org_id, company_id, first_name, last_name, email, created_by)
VALUES ('00030004-0000-0000-0000-000000000012', '00030001-0000-0000-0000-000000000001', '00030003-0000-0000-0000-000000000013', 'Mikael', 'Svensson', 'mikael.svensson@example.com', '00030002-0000-0000-0000-000000000001')
ON CONFLICT DO NOTHING;
INSERT INTO contacts (id, org_id, company_id, first_name, last_name, email, created_by)
VALUES ('00030004-0000-0000-0000-000000000013', '00030001-0000-0000-0000-000000000001', '00030003-0000-0000-0000-000000000009', 'Johan', 'Nilsson', 'johan.nilsson@example.com', '00030002-0000-0000-0000-000000000001')
ON CONFLICT DO NOTHING;
INSERT INTO contacts (id, org_id, company_id, first_name, last_name, email, created_by)
VALUES ('00030004-0000-0000-0000-000000000014', '00030001-0000-0000-0000-000000000001', '00030003-0000-0000-0000-00000000001b', 'Tobias', 'Björk', 'tobias.björk@example.com', '00030002-0000-0000-0000-000000000001')
ON CONFLICT DO NOTHING;
INSERT INTO contacts (id, org_id, company_id, first_name, last_name, email, created_by)
VALUES ('00030004-0000-0000-0000-000000000015', '00030001-0000-0000-0000-000000000001', '00030003-0000-0000-0000-000000000019', 'Maja', 'Nyman', 'maja.nyman@example.com', '00030002-0000-0000-0000-000000000001')
ON CONFLICT DO NOTHING;
INSERT INTO contacts (id, org_id, company_id, first_name, last_name, email, created_by)
VALUES ('00030004-0000-0000-0000-000000000016', '00030001-0000-0000-0000-000000000001', '00030003-0000-0000-0000-000000000019', 'Erik', 'Ekström', 'erik.ekström@example.com', '00030002-0000-0000-0000-000000000001')
ON CONFLICT DO NOTHING;
INSERT INTO contacts (id, org_id, company_id, first_name, last_name, email, created_by)
VALUES ('00030004-0000-0000-0000-000000000017', '00030001-0000-0000-0000-000000000001', '00030003-0000-0000-0000-000000000023', 'Lars', 'Johansson', 'lars.johansson@example.com', '00030002-0000-0000-0000-000000000001')
ON CONFLICT DO NOTHING;
INSERT INTO contacts (id, org_id, company_id, first_name, last_name, email, created_by)
VALUES ('00030004-0000-0000-0000-000000000018', '00030001-0000-0000-0000-000000000001', '00030003-0000-0000-0000-000000000017', 'Eva', 'Holm', 'eva.holm@example.com', '00030002-0000-0000-0000-000000000001')
ON CONFLICT DO NOTHING;
INSERT INTO contacts (id, org_id, company_id, first_name, last_name, email, created_by)
VALUES ('00030004-0000-0000-0000-000000000019', '00030001-0000-0000-0000-000000000001', '00030003-0000-0000-0000-000000000023', 'Lena', 'Nilsson', 'lena.nilsson@example.com', '00030002-0000-0000-0000-000000000001')
ON CONFLICT DO NOTHING;
INSERT INTO contacts (id, org_id, company_id, first_name, last_name, email, created_by)
VALUES ('00030004-0000-0000-0000-00000000001a', '00030001-0000-0000-0000-000000000001', '00030003-0000-0000-0000-000000000009', 'Lars', 'Lindqvist', 'lars.lindqvist@example.com', '00030002-0000-0000-0000-000000000001')
ON CONFLICT DO NOTHING;
INSERT INTO contacts (id, org_id, company_id, first_name, last_name, email, created_by)
VALUES ('00030004-0000-0000-0000-00000000001b', '00030001-0000-0000-0000-000000000001', '00030003-0000-0000-0000-000000000001', 'Niklas', 'Eriksson', 'niklas.eriksson@example.com', '00030002-0000-0000-0000-000000000001')
ON CONFLICT DO NOTHING;
INSERT INTO contacts (id, org_id, company_id, first_name, last_name, email, created_by)
VALUES ('00030004-0000-0000-0000-00000000001c', '00030001-0000-0000-0000-000000000001', '00030003-0000-0000-0000-00000000001e', 'Anna', 'Karlsson', 'anna.karlsson@example.com', '00030002-0000-0000-0000-000000000001')
ON CONFLICT DO NOTHING;
INSERT INTO contacts (id, org_id, company_id, first_name, last_name, email, created_by)
VALUES ('00030004-0000-0000-0000-00000000001d', '00030001-0000-0000-0000-000000000001', '00030003-0000-0000-0000-000000000023', 'Daniel', 'Björk', 'daniel.björk@example.com', '00030002-0000-0000-0000-000000000001')
ON CONFLICT DO NOTHING;
INSERT INTO contacts (id, org_id, company_id, first_name, last_name, email, created_by)
VALUES ('00030004-0000-0000-0000-00000000001e', '00030001-0000-0000-0000-000000000001', '00030003-0000-0000-0000-000000000019', 'Johan', 'Lindqvist', 'johan.lindqvist@example.com', '00030002-0000-0000-0000-000000000001')
ON CONFLICT DO NOTHING;
INSERT INTO contacts (id, org_id, company_id, first_name, last_name, email, created_by)
VALUES ('00030004-0000-0000-0000-00000000001f', '00030001-0000-0000-0000-000000000001', '00030003-0000-0000-0000-00000000001e', 'Kristina', 'Eriksson', 'kristina.eriksson@example.com', '00030002-0000-0000-0000-000000000001')
ON CONFLICT DO NOTHING;
INSERT INTO contacts (id, org_id, company_id, first_name, last_name, email, created_by)
VALUES ('00030004-0000-0000-0000-000000000020', '00030001-0000-0000-0000-000000000001', '00030003-0000-0000-0000-000000000012', 'Maja', 'Nilsson', 'maja.nilsson@example.com', '00030002-0000-0000-0000-000000000001')
ON CONFLICT DO NOTHING;
INSERT INTO contacts (id, org_id, company_id, first_name, last_name, email, created_by)
VALUES ('00030004-0000-0000-0000-000000000021', '00030001-0000-0000-0000-000000000001', '00030003-0000-0000-0000-000000000008', 'Helena', 'Nyman', 'helena.nyman@example.com', '00030002-0000-0000-0000-000000000001')
ON CONFLICT DO NOTHING;
INSERT INTO contacts (id, org_id, company_id, first_name, last_name, email, created_by)
VALUES ('00030004-0000-0000-0000-000000000022', '00030001-0000-0000-0000-000000000001', '00030003-0000-0000-0000-00000000001b', 'Maria', 'Strand', 'maria.strand@example.com', '00030002-0000-0000-0000-000000000001')
ON CONFLICT DO NOTHING;
INSERT INTO contacts (id, org_id, company_id, first_name, last_name, email, created_by)
VALUES ('00030004-0000-0000-0000-000000000023', '00030001-0000-0000-0000-000000000001', '00030003-0000-0000-0000-000000000002', 'Magnus', 'Strand', 'magnus.strand@example.com', '00030002-0000-0000-0000-000000000001')
ON CONFLICT DO NOTHING;

INSERT INTO deals (id, org_id, company_id, contact_id, title, status, amount, currency, exchange_rate, reporting_amount, probability, expected_close, closed_at, assigned_to, created_by)
VALUES ('00030006-0000-0000-0000-000000000001', '00030001-0000-0000-0000-000000000001', '00030003-0000-0000-0000-000000000004', '00030004-0000-0000-0000-000000000010', 'SaaS Enterprise – Scania AB #1', 'QUALIFIED'::deal_status, 282711.53, 'EUR', 1.0, 282711.53, 58, '2025-11-01', NULL, '00030002-0000-0000-0000-00000000000c', '00030002-0000-0000-0000-000000000001')
ON CONFLICT DO NOTHING;
INSERT INTO deals (id, org_id, company_id, contact_id, title, status, amount, currency, exchange_rate, reporting_amount, probability, expected_close, closed_at, assigned_to, created_by)
VALUES ('00030006-0000-0000-0000-000000000002', '00030001-0000-0000-0000-000000000001', '00030003-0000-0000-0000-000000000004', '00030004-0000-0000-0000-000000000009', 'API Integration – Klarna Bank AB #2', 'NEW'::deal_status, 675826.05, 'USD', 0.9217391304347826, 622935.32, 54, '2025-12-30', NULL, '00030002-0000-0000-0000-000000000009', '00030002-0000-0000-0000-000000000001')
ON CONFLICT DO NOTHING;
INSERT INTO deals (id, org_id, company_id, contact_id, title, status, amount, currency, exchange_rate, reporting_amount, probability, expected_close, closed_at, assigned_to, created_by)
VALUES ('00030006-0000-0000-0000-000000000003', '00030001-0000-0000-0000-000000000001', '00030003-0000-0000-0000-000000000015', '00030004-0000-0000-0000-000000000010', 'Platform license – Husqvarna AB #3', 'DEMO'::deal_status, 1074389.31, 'EUR', 1.0, 1074389.31, 66, '2026-01-29', NULL, '00030002-0000-0000-0000-000000000005', '00030002-0000-0000-0000-000000000001')
ON CONFLICT DO NOTHING;
INSERT INTO deals (id, org_id, company_id, contact_id, title, status, amount, currency, exchange_rate, reporting_amount, probability, expected_close, closed_at, assigned_to, created_by)
VALUES ('00030006-0000-0000-0000-000000000004', '00030001-0000-0000-0000-000000000001', '00030003-0000-0000-0000-000000000004', '00030004-0000-0000-0000-00000000000c', 'SaaS Starter – Bamboo HR #4', 'QUALIFIED'::deal_status, 762861.69, 'SEK', 0.08695652173913043, 66335.8, 46, '2025-10-10', NULL, '00030002-0000-0000-0000-00000000000b', '00030002-0000-0000-0000-000000000001')
ON CONFLICT DO NOTHING;
INSERT INTO deals (id, org_id, company_id, contact_id, title, status, amount, currency, exchange_rate, reporting_amount, probability, expected_close, closed_at, assigned_to, created_by)
VALUES ('00030006-0000-0000-0000-000000000005', '00030001-0000-0000-0000-000000000001', '00030003-0000-0000-0000-000000000019', '00030004-0000-0000-0000-000000000022', 'Custom dev – Nordic Capital #5', 'WON'::deal_status, 799457.44, 'USD', 0.9217391304347826, 736891.21, 90, '2025-09-17', '2025-03-25', '00030002-0000-0000-0000-000000000006', '00030002-0000-0000-0000-000000000001')
ON CONFLICT DO NOTHING;
INSERT INTO deals (id, org_id, company_id, contact_id, title, status, amount, currency, exchange_rate, reporting_amount, probability, expected_close, closed_at, assigned_to, created_by)
VALUES ('00030006-0000-0000-0000-000000000006', '00030001-0000-0000-0000-000000000001', '00030003-0000-0000-0000-00000000000c', '00030004-0000-0000-0000-000000000023', 'SaaS Growth – ICA Gruppen AB #6', 'WON'::deal_status, 643351.05, 'USD', 0.9217391304347826, 593001.84, 90, '2025-11-05', '2025-08-01', '00030002-0000-0000-0000-000000000008', '00030002-0000-0000-0000-000000000001')
ON CONFLICT DO NOTHING;
INSERT INTO deals (id, org_id, company_id, contact_id, title, status, amount, currency, exchange_rate, reporting_amount, probability, expected_close, closed_at, assigned_to, created_by)
VALUES ('00030006-0000-0000-0000-000000000007', '00030001-0000-0000-0000-000000000001', '00030003-0000-0000-0000-000000000004', '00030004-0000-0000-0000-00000000001b', 'White-label solution – Länsförsäkringar #7', 'QUALIFIED'::deal_status, 529625.06, 'EUR', 1.0, 529625.06, 65, '2026-01-05', NULL, '00030002-0000-0000-0000-000000000007', '00030002-0000-0000-0000-000000000001')
ON CONFLICT DO NOTHING;
INSERT INTO deals (id, org_id, company_id, contact_id, title, status, amount, currency, exchange_rate, reporting_amount, probability, expected_close, closed_at, assigned_to, created_by)
VALUES ('00030006-0000-0000-0000-000000000008', '00030001-0000-0000-0000-000000000001', '00030003-0000-0000-0000-000000000016', '00030004-0000-0000-0000-000000000006', 'Consulting – Veoneer AB #8', 'NEGOTIATION'::deal_status, 353367.33, 'SEK', 0.08695652173913043, 30727.59, 35, '2025-08-30', NULL, '00030002-0000-0000-0000-00000000000f', '00030002-0000-0000-0000-000000000001')
ON CONFLICT DO NOTHING;
INSERT INTO deals (id, org_id, company_id, contact_id, title, status, amount, currency, exchange_rate, reporting_amount, probability, expected_close, closed_at, assigned_to, created_by)
VALUES ('00030006-0000-0000-0000-000000000009', '00030001-0000-0000-0000-000000000001', '00030003-0000-0000-0000-000000000012', '00030004-0000-0000-0000-000000000019', 'SaaS Enterprise – Sandvik AB #9', 'OFFER'::deal_status, 309336.92, 'USD', 0.9217391304347826, 285127.94, 66, '2025-07-02', NULL, '00030002-0000-0000-0000-00000000000b', '00030002-0000-0000-0000-000000000001')
ON CONFLICT DO NOTHING;
INSERT INTO deals (id, org_id, company_id, contact_id, title, status, amount, currency, exchange_rate, reporting_amount, probability, expected_close, closed_at, assigned_to, created_by)
VALUES ('00030006-0000-0000-0000-00000000000a', '00030001-0000-0000-0000-000000000001', '00030003-0000-0000-0000-00000000001f', '00030004-0000-0000-0000-00000000000e', 'Integration project – Stena Recycling #10', 'NEGOTIATION'::deal_status, 253367.61, 'SEK', 0.08695652173913043, 22031.97, 24, '2025-09-24', NULL, '00030002-0000-0000-0000-00000000000e', '00030002-0000-0000-0000-000000000001')
ON CONFLICT DO NOTHING;
INSERT INTO deals (id, org_id, company_id, contact_id, title, status, amount, currency, exchange_rate, reporting_amount, probability, expected_close, closed_at, assigned_to, created_by)
VALUES ('00030006-0000-0000-0000-00000000000b', '00030001-0000-0000-0000-000000000001', '00030003-0000-0000-0000-000000000008', '00030004-0000-0000-0000-00000000001f', 'Annual subscription – Getinge AB #11', 'DEMO'::deal_status, 1223770.9, 'USD', 0.9217391304347826, 1127997.53, 20, '2025-09-22', NULL, '00030002-0000-0000-0000-00000000000f', '00030002-0000-0000-0000-000000000001')
ON CONFLICT DO NOTHING;
INSERT INTO deals (id, org_id, company_id, contact_id, title, status, amount, currency, exchange_rate, reporting_amount, probability, expected_close, closed_at, assigned_to, created_by)
VALUES ('00030006-0000-0000-0000-00000000000c', '00030001-0000-0000-0000-000000000001', '00030003-0000-0000-0000-000000000015', '00030004-0000-0000-0000-000000000013', 'MVP development – Northvolt AB #12', 'QUALIFIED'::deal_status, 850809.31, 'SEK', 0.08695652173913043, 73983.42, 33, '2025-11-20', NULL, '00030002-0000-0000-0000-000000000007', '00030002-0000-0000-0000-000000000001')
ON CONFLICT DO NOTHING;
INSERT INTO deals (id, org_id, company_id, contact_id, title, status, amount, currency, exchange_rate, reporting_amount, probability, expected_close, closed_at, assigned_to, created_by)
VALUES ('00030006-0000-0000-0000-00000000000d', '00030001-0000-0000-0000-000000000001', '00030003-0000-0000-0000-000000000021', '00030004-0000-0000-0000-000000000020', 'SaaS Enterprise – Scania AB #13', 'OFFER'::deal_status, 897686.03, 'SEK', 0.08695652173913043, 78059.65, 39, '2025-10-12', NULL, '00030002-0000-0000-0000-000000000008', '00030002-0000-0000-0000-000000000001')
ON CONFLICT DO NOTHING;
INSERT INTO deals (id, org_id, company_id, contact_id, title, status, amount, currency, exchange_rate, reporting_amount, probability, expected_close, closed_at, assigned_to, created_by)
VALUES ('00030006-0000-0000-0000-00000000000e', '00030001-0000-0000-0000-000000000001', '00030003-0000-0000-0000-000000000018', '00030004-0000-0000-0000-000000000015', 'API Integration – Klarna Bank AB #14', 'NEW'::deal_status, 708114.87, 'SEK', 0.08695652173913043, 61575.21, 73, '2025-10-02', NULL, '00030002-0000-0000-0000-000000000007', '00030002-0000-0000-0000-000000000001')
ON CONFLICT DO NOTHING;
INSERT INTO deals (id, org_id, company_id, contact_id, title, status, amount, currency, exchange_rate, reporting_amount, probability, expected_close, closed_at, assigned_to, created_by)
VALUES ('00030006-0000-0000-0000-00000000000f', '00030001-0000-0000-0000-000000000001', '00030003-0000-0000-0000-000000000011', '00030004-0000-0000-0000-00000000001b', 'Platform license – Husqvarna AB #15', 'NEW'::deal_status, 1125474.35, 'SEK', 0.08695652173913043, 97867.33, 67, '2025-05-22', NULL, '00030002-0000-0000-0000-000000000005', '00030002-0000-0000-0000-000000000001')
ON CONFLICT DO NOTHING;
INSERT INTO deals (id, org_id, company_id, contact_id, title, status, amount, currency, exchange_rate, reporting_amount, probability, expected_close, closed_at, assigned_to, created_by)
VALUES ('00030006-0000-0000-0000-000000000010', '00030001-0000-0000-0000-000000000001', '00030003-0000-0000-0000-000000000020', '00030004-0000-0000-0000-000000000016', 'SaaS Starter – Bamboo HR #16', 'QUALIFIED'::deal_status, 560434.44, 'EUR', 1.0, 560434.44, 44, '2026-01-17', NULL, '00030002-0000-0000-0000-000000000005', '00030002-0000-0000-0000-000000000001')
ON CONFLICT DO NOTHING;
INSERT INTO deals (id, org_id, company_id, contact_id, title, status, amount, currency, exchange_rate, reporting_amount, probability, expected_close, closed_at, assigned_to, created_by)
VALUES ('00030006-0000-0000-0000-000000000011', '00030001-0000-0000-0000-000000000001', '00030003-0000-0000-0000-00000000001e', '00030004-0000-0000-0000-00000000000b', 'Custom dev – Nordic Capital #17', 'LOST'::deal_status, 1233806.82, 'USD', 0.9217391304347826, 1137248.03, 10, '2026-02-23', '2026-01-23', '00030002-0000-0000-0000-00000000000c', '00030002-0000-0000-0000-000000000001')
ON CONFLICT DO NOTHING;
INSERT INTO deals (id, org_id, company_id, contact_id, title, status, amount, currency, exchange_rate, reporting_amount, probability, expected_close, closed_at, assigned_to, created_by)
VALUES ('00030006-0000-0000-0000-000000000012', '00030001-0000-0000-0000-000000000001', '00030003-0000-0000-0000-00000000000c', '00030004-0000-0000-0000-000000000023', 'SaaS Growth – ICA Gruppen AB #18', 'LOST'::deal_status, 390569.5, 'USD', 0.9217391304347826, 360003.19, 10, '2026-02-05', '2025-12-05', '00030002-0000-0000-0000-00000000000b', '00030002-0000-0000-0000-000000000001')
ON CONFLICT DO NOTHING;
INSERT INTO deals (id, org_id, company_id, contact_id, title, status, amount, currency, exchange_rate, reporting_amount, probability, expected_close, closed_at, assigned_to, created_by)
VALUES ('00030006-0000-0000-0000-000000000013', '00030001-0000-0000-0000-000000000001', '00030003-0000-0000-0000-000000000001', '00030004-0000-0000-0000-00000000001b', 'White-label solution – Länsförsäkringar #19', 'NEW'::deal_status, 247313.59, 'SEK', 0.08695652173913043, 21505.53, 74, '2025-05-02', NULL, '00030002-0000-0000-0000-000000000003', '00030002-0000-0000-0000-000000000001')
ON CONFLICT DO NOTHING;
INSERT INTO deals (id, org_id, company_id, contact_id, title, status, amount, currency, exchange_rate, reporting_amount, probability, expected_close, closed_at, assigned_to, created_by)
VALUES ('00030006-0000-0000-0000-000000000014', '00030001-0000-0000-0000-000000000001', '00030003-0000-0000-0000-000000000001', '00030004-0000-0000-0000-00000000000e', 'Consulting – Veoneer AB #20', 'LOST'::deal_status, 456323.78, 'SEK', 0.08695652173913043, 39680.33, 10, '2026-02-26', '2026-02-26', '00030002-0000-0000-0000-000000000009', '00030002-0000-0000-0000-000000000001')
ON CONFLICT DO NOTHING;
INSERT INTO deals (id, org_id, company_id, contact_id, title, status, amount, currency, exchange_rate, reporting_amount, probability, expected_close, closed_at, assigned_to, created_by)
VALUES ('00030006-0000-0000-0000-000000000015', '00030001-0000-0000-0000-000000000001', '00030003-0000-0000-0000-00000000001f', '00030004-0000-0000-0000-000000000020', 'SaaS Enterprise – Sandvik AB #21', 'OFFER'::deal_status, 275476.09, 'USD', 0.9217391304347826, 253917.09, 60, '2026-02-24', NULL, '00030002-0000-0000-0000-000000000001', '00030002-0000-0000-0000-000000000001')
ON CONFLICT DO NOTHING;
INSERT INTO deals (id, org_id, company_id, contact_id, title, status, amount, currency, exchange_rate, reporting_amount, probability, expected_close, closed_at, assigned_to, created_by)
VALUES ('00030006-0000-0000-0000-000000000016', '00030001-0000-0000-0000-000000000001', '00030003-0000-0000-0000-000000000012', '00030004-0000-0000-0000-000000000023', 'Integration project – Stena Recycling #22', 'NEW'::deal_status, 795007.61, 'SEK', 0.08695652173913043, 69131.1, 20, '2025-12-05', NULL, '00030002-0000-0000-0000-000000000005', '00030002-0000-0000-0000-000000000001')
ON CONFLICT DO NOTHING;
INSERT INTO deals (id, org_id, company_id, contact_id, title, status, amount, currency, exchange_rate, reporting_amount, probability, expected_close, closed_at, assigned_to, created_by)
VALUES ('00030006-0000-0000-0000-000000000017', '00030001-0000-0000-0000-000000000001', '00030003-0000-0000-0000-000000000007', '00030004-0000-0000-0000-000000000007', 'Annual subscription – Getinge AB #23', 'NEW'::deal_status, 1071608.6, 'SEK', 0.08695652173913043, 93183.36, 63, '2025-11-21', NULL, '00030002-0000-0000-0000-000000000009', '00030002-0000-0000-0000-000000000001')
ON CONFLICT DO NOTHING;
INSERT INTO deals (id, org_id, company_id, contact_id, title, status, amount, currency, exchange_rate, reporting_amount, probability, expected_close, closed_at, assigned_to, created_by)
VALUES ('00030006-0000-0000-0000-000000000018', '00030001-0000-0000-0000-000000000001', '00030003-0000-0000-0000-000000000017', '00030004-0000-0000-0000-000000000012', 'MVP development – Northvolt AB #24', 'QUALIFIED'::deal_status, 414543.52, 'EUR', 1.0, 414543.52, 53, '2026-02-01', NULL, '00030002-0000-0000-0000-00000000000d', '00030002-0000-0000-0000-000000000001')
ON CONFLICT DO NOTHING;
INSERT INTO deals (id, org_id, company_id, contact_id, title, status, amount, currency, exchange_rate, reporting_amount, probability, expected_close, closed_at, assigned_to, created_by)
VALUES ('00030006-0000-0000-0000-000000000019', '00030001-0000-0000-0000-000000000001', '00030003-0000-0000-0000-00000000000f', '00030004-0000-0000-0000-000000000014', 'SaaS Enterprise – Scania AB #25', 'OFFER'::deal_status, 606112.25, 'EUR', 1.0, 606112.25, 45, '2025-12-23', NULL, '00030002-0000-0000-0000-00000000000b', '00030002-0000-0000-0000-000000000001')
ON CONFLICT DO NOTHING;
INSERT INTO deals (id, org_id, company_id, contact_id, title, status, amount, currency, exchange_rate, reporting_amount, probability, expected_close, closed_at, assigned_to, created_by)
VALUES ('00030006-0000-0000-0000-00000000001a', '00030001-0000-0000-0000-000000000001', '00030003-0000-0000-0000-000000000006', '00030004-0000-0000-0000-00000000001a', 'API Integration – Klarna Bank AB #26', 'LOST'::deal_status, 902989.7, 'EUR', 1.0, 902989.7, 10, '2026-01-29', '2026-01-27', '00030002-0000-0000-0000-000000000007', '00030002-0000-0000-0000-000000000001')
ON CONFLICT DO NOTHING;
INSERT INTO deals (id, org_id, company_id, contact_id, title, status, amount, currency, exchange_rate, reporting_amount, probability, expected_close, closed_at, assigned_to, created_by)
VALUES ('00030006-0000-0000-0000-00000000001b', '00030001-0000-0000-0000-000000000001', '00030003-0000-0000-0000-00000000000b', '00030004-0000-0000-0000-000000000006', 'Platform license – Husqvarna AB #27', 'OFFER'::deal_status, 715005.39, 'SEK', 0.08695652173913043, 62174.38, 60, '2026-02-27', NULL, '00030002-0000-0000-0000-000000000008', '00030002-0000-0000-0000-000000000001')
ON CONFLICT DO NOTHING;
INSERT INTO deals (id, org_id, company_id, contact_id, title, status, amount, currency, exchange_rate, reporting_amount, probability, expected_close, closed_at, assigned_to, created_by)
VALUES ('00030006-0000-0000-0000-00000000001c', '00030001-0000-0000-0000-000000000001', '00030003-0000-0000-0000-000000000007', '00030004-0000-0000-0000-000000000022', 'SaaS Starter – Bamboo HR #28', 'LOST'::deal_status, 893651.89, 'USD', 0.9217391304347826, 823713.92, 10, '2026-01-08', '2025-08-17', '00030002-0000-0000-0000-00000000000f', '00030002-0000-0000-0000-000000000001')
ON CONFLICT DO NOTHING;
INSERT INTO deals (id, org_id, company_id, contact_id, title, status, amount, currency, exchange_rate, reporting_amount, probability, expected_close, closed_at, assigned_to, created_by)
VALUES ('00030006-0000-0000-0000-00000000001d', '00030001-0000-0000-0000-000000000001', '00030003-0000-0000-0000-00000000001f', '00030004-0000-0000-0000-000000000012', 'Custom dev – Nordic Capital #29', 'NEW'::deal_status, 435152.66, 'EUR', 1.0, 435152.66, 75, '2026-02-27', NULL, '00030002-0000-0000-0000-000000000001', '00030002-0000-0000-0000-000000000001')
ON CONFLICT DO NOTHING;
INSERT INTO deals (id, org_id, company_id, contact_id, title, status, amount, currency, exchange_rate, reporting_amount, probability, expected_close, closed_at, assigned_to, created_by)
VALUES ('00030006-0000-0000-0000-00000000001e', '00030001-0000-0000-0000-000000000001', '00030003-0000-0000-0000-000000000003', '00030004-0000-0000-0000-00000000000c', 'SaaS Growth – ICA Gruppen AB #30', 'NEW'::deal_status, 1190522.4, 'SEK', 0.08695652173913043, 103523.69, 77, '2026-02-14', NULL, '00030002-0000-0000-0000-00000000000f', '00030002-0000-0000-0000-000000000001')
ON CONFLICT DO NOTHING;
INSERT INTO deals (id, org_id, company_id, contact_id, title, status, amount, currency, exchange_rate, reporting_amount, probability, expected_close, closed_at, assigned_to, created_by)
VALUES ('00030006-0000-0000-0000-00000000001f', '00030001-0000-0000-0000-000000000001', '00030003-0000-0000-0000-00000000001a', '00030004-0000-0000-0000-000000000005', 'White-label solution – Länsförsäkringar #31', 'LOST'::deal_status, 228099.91, 'USD', 0.9217391304347826, 210248.61, 10, '2025-08-27', '2025-06-15', '00030002-0000-0000-0000-000000000005', '00030002-0000-0000-0000-000000000001')
ON CONFLICT DO NOTHING;
INSERT INTO deals (id, org_id, company_id, contact_id, title, status, amount, currency, exchange_rate, reporting_amount, probability, expected_close, closed_at, assigned_to, created_by)
VALUES ('00030006-0000-0000-0000-000000000020', '00030001-0000-0000-0000-000000000001', '00030003-0000-0000-0000-000000000016', '00030004-0000-0000-0000-000000000019', 'Consulting – Veoneer AB #32', 'QUALIFIED'::deal_status, 465884.05, 'SEK', 0.08695652173913043, 40511.66, 73, '2026-02-01', NULL, '00030002-0000-0000-0000-00000000000d', '00030002-0000-0000-0000-000000000001')
ON CONFLICT DO NOTHING;
INSERT INTO deals (id, org_id, company_id, contact_id, title, status, amount, currency, exchange_rate, reporting_amount, probability, expected_close, closed_at, assigned_to, created_by)
VALUES ('00030006-0000-0000-0000-000000000021', '00030001-0000-0000-0000-000000000001', '00030003-0000-0000-0000-000000000006', '00030004-0000-0000-0000-000000000021', 'SaaS Enterprise – Sandvik AB #33', 'WON'::deal_status, 1047642.21, 'EUR', 1.0, 1047642.21, 90, '2026-02-27', '2026-02-16', '00030002-0000-0000-0000-00000000000c', '00030002-0000-0000-0000-000000000001')
ON CONFLICT DO NOTHING;
INSERT INTO deals (id, org_id, company_id, contact_id, title, status, amount, currency, exchange_rate, reporting_amount, probability, expected_close, closed_at, assigned_to, created_by)
VALUES ('00030006-0000-0000-0000-000000000022', '00030001-0000-0000-0000-000000000001', '00030003-0000-0000-0000-00000000001a', '00030004-0000-0000-0000-000000000015', 'Integration project – Stena Recycling #34', 'DEMO'::deal_status, 314859.97, 'EUR', 1.0, 314859.97, 34, '2025-09-29', NULL, '00030002-0000-0000-0000-000000000001', '00030002-0000-0000-0000-000000000001')
ON CONFLICT DO NOTHING;
INSERT INTO deals (id, org_id, company_id, contact_id, title, status, amount, currency, exchange_rate, reporting_amount, probability, expected_close, closed_at, assigned_to, created_by)
VALUES ('00030006-0000-0000-0000-000000000023', '00030001-0000-0000-0000-000000000001', '00030003-0000-0000-0000-00000000000f', '00030004-0000-0000-0000-000000000017', 'Annual subscription – Getinge AB #35', 'WON'::deal_status, 1040291.3, 'USD', 0.9217391304347826, 958877.2, 90, '2026-02-19', '2025-10-17', '00030002-0000-0000-0000-000000000009', '00030002-0000-0000-0000-000000000001')
ON CONFLICT DO NOTHING;
INSERT INTO deals (id, org_id, company_id, contact_id, title, status, amount, currency, exchange_rate, reporting_amount, probability, expected_close, closed_at, assigned_to, created_by)
VALUES ('00030006-0000-0000-0000-000000000024', '00030001-0000-0000-0000-000000000001', '00030003-0000-0000-0000-000000000006', '00030004-0000-0000-0000-000000000013', 'MVP development – Northvolt AB #36', 'OFFER'::deal_status, 407991.95, 'USD', 0.9217391304347826, 376062.15, 57, '2026-02-14', NULL, '00030002-0000-0000-0000-00000000000d', '00030002-0000-0000-0000-000000000001')
ON CONFLICT DO NOTHING;
INSERT INTO deals (id, org_id, company_id, contact_id, title, status, amount, currency, exchange_rate, reporting_amount, probability, expected_close, closed_at, assigned_to, created_by)
VALUES ('00030006-0000-0000-0000-000000000025', '00030001-0000-0000-0000-000000000001', '00030003-0000-0000-0000-00000000000a', '00030004-0000-0000-0000-000000000019', 'SaaS Enterprise – Scania AB #37', 'QUALIFIED'::deal_status, 289285.92, 'SEK', 0.08695652173913043, 25155.3, 37, '2025-11-28', NULL, '00030002-0000-0000-0000-000000000006', '00030002-0000-0000-0000-000000000001')
ON CONFLICT DO NOTHING;
INSERT INTO deals (id, org_id, company_id, contact_id, title, status, amount, currency, exchange_rate, reporting_amount, probability, expected_close, closed_at, assigned_to, created_by)
VALUES ('00030006-0000-0000-0000-000000000026', '00030001-0000-0000-0000-000000000001', '00030003-0000-0000-0000-000000000018', '00030004-0000-0000-0000-000000000012', 'API Integration – Klarna Bank AB #38', 'DEMO'::deal_status, 308338.91, 'EUR', 1.0, 308338.91, 80, '2025-11-26', NULL, '00030002-0000-0000-0000-000000000002', '00030002-0000-0000-0000-000000000001')
ON CONFLICT DO NOTHING;
INSERT INTO deals (id, org_id, company_id, contact_id, title, status, amount, currency, exchange_rate, reporting_amount, probability, expected_close, closed_at, assigned_to, created_by)
VALUES ('00030006-0000-0000-0000-000000000027', '00030001-0000-0000-0000-000000000001', '00030003-0000-0000-0000-000000000021', '00030004-0000-0000-0000-00000000001b', 'Platform license – Husqvarna AB #39', 'QUALIFIED'::deal_status, 409741.31, 'EUR', 1.0, 409741.31, 48, '2026-02-20', NULL, '00030002-0000-0000-0000-000000000002', '00030002-0000-0000-0000-000000000001')
ON CONFLICT DO NOTHING;
INSERT INTO deals (id, org_id, company_id, contact_id, title, status, amount, currency, exchange_rate, reporting_amount, probability, expected_close, closed_at, assigned_to, created_by)
VALUES ('00030006-0000-0000-0000-000000000028', '00030001-0000-0000-0000-000000000001', '00030003-0000-0000-0000-000000000015', '00030004-0000-0000-0000-000000000019', 'SaaS Starter – Bamboo HR #40', 'NEW'::deal_status, 585870.88, 'EUR', 1.0, 585870.88, 25, '2026-02-07', NULL, '00030002-0000-0000-0000-000000000001', '00030002-0000-0000-0000-000000000001')
ON CONFLICT DO NOTHING;
INSERT INTO deals (id, org_id, company_id, contact_id, title, status, amount, currency, exchange_rate, reporting_amount, probability, expected_close, closed_at, assigned_to, created_by)
VALUES ('00030006-0000-0000-0000-000000000029', '00030001-0000-0000-0000-000000000001', '00030003-0000-0000-0000-000000000022', '00030004-0000-0000-0000-00000000000b', 'Custom dev – Nordic Capital #41', 'DEMO'::deal_status, 621711.07, 'USD', 0.9217391304347826, 573055.42, 25, '2026-01-12', NULL, '00030002-0000-0000-0000-00000000000b', '00030002-0000-0000-0000-000000000001')
ON CONFLICT DO NOTHING;
INSERT INTO deals (id, org_id, company_id, contact_id, title, status, amount, currency, exchange_rate, reporting_amount, probability, expected_close, closed_at, assigned_to, created_by)
VALUES ('00030006-0000-0000-0000-00000000002a', '00030001-0000-0000-0000-000000000001', '00030003-0000-0000-0000-00000000000a', '00030004-0000-0000-0000-000000000005', 'SaaS Growth – ICA Gruppen AB #42', 'OFFER'::deal_status, 358388.52, 'EUR', 1.0, 358388.52, 39, '2025-11-19', NULL, '00030002-0000-0000-0000-000000000003', '00030002-0000-0000-0000-000000000001')
ON CONFLICT DO NOTHING;
INSERT INTO deals (id, org_id, company_id, contact_id, title, status, amount, currency, exchange_rate, reporting_amount, probability, expected_close, closed_at, assigned_to, created_by)
VALUES ('00030006-0000-0000-0000-00000000002b', '00030001-0000-0000-0000-000000000001', '00030003-0000-0000-0000-000000000011', '00030004-0000-0000-0000-000000000010', 'White-label solution – Länsförsäkringar #43', 'OFFER'::deal_status, 656935.17, 'USD', 0.9217391304347826, 605522.85, 50, '2025-10-10', NULL, '00030002-0000-0000-0000-00000000000c', '00030002-0000-0000-0000-000000000001')
ON CONFLICT DO NOTHING;
INSERT INTO deals (id, org_id, company_id, contact_id, title, status, amount, currency, exchange_rate, reporting_amount, probability, expected_close, closed_at, assigned_to, created_by)
VALUES ('00030006-0000-0000-0000-00000000002c', '00030001-0000-0000-0000-000000000001', '00030003-0000-0000-0000-000000000007', '00030004-0000-0000-0000-000000000009', 'Consulting – Veoneer AB #44', 'WON'::deal_status, 839602.92, 'USD', 0.9217391304347826, 773894.87, 90, '2026-01-29', '2025-06-09', '00030002-0000-0000-0000-000000000005', '00030002-0000-0000-0000-000000000001')
ON CONFLICT DO NOTHING;
INSERT INTO deals (id, org_id, company_id, contact_id, title, status, amount, currency, exchange_rate, reporting_amount, probability, expected_close, closed_at, assigned_to, created_by)
VALUES ('00030006-0000-0000-0000-00000000002d', '00030001-0000-0000-0000-000000000001', '00030003-0000-0000-0000-00000000001d', '00030004-0000-0000-0000-000000000016', 'SaaS Enterprise – Sandvik AB #45', 'NEW'::deal_status, 562922.05, 'USD', 0.9217391304347826, 518867.28, 59, '2025-12-04', NULL, '00030002-0000-0000-0000-000000000007', '00030002-0000-0000-0000-000000000001')
ON CONFLICT DO NOTHING;
INSERT INTO deals (id, org_id, company_id, contact_id, title, status, amount, currency, exchange_rate, reporting_amount, probability, expected_close, closed_at, assigned_to, created_by)
VALUES ('00030006-0000-0000-0000-00000000002e', '00030001-0000-0000-0000-000000000001', '00030003-0000-0000-0000-000000000015', '00030004-0000-0000-0000-00000000000d', 'Integration project – Stena Recycling #46', 'LOST'::deal_status, 1241969.15, 'SEK', 0.08695652173913043, 107997.32, 10, '2025-10-09', '2025-05-09', '00030002-0000-0000-0000-000000000008', '00030002-0000-0000-0000-000000000001')
ON CONFLICT DO NOTHING;
INSERT INTO deals (id, org_id, company_id, contact_id, title, status, amount, currency, exchange_rate, reporting_amount, probability, expected_close, closed_at, assigned_to, created_by)
VALUES ('00030006-0000-0000-0000-00000000002f', '00030001-0000-0000-0000-000000000001', '00030003-0000-0000-0000-000000000020', '00030004-0000-0000-0000-000000000010', 'Annual subscription – Getinge AB #47', 'DEMO'::deal_status, 1231761.62, 'EUR', 1.0, 1231761.62, 40, '2026-02-01', NULL, '00030002-0000-0000-0000-000000000006', '00030002-0000-0000-0000-000000000001')
ON CONFLICT DO NOTHING;
INSERT INTO deals (id, org_id, company_id, contact_id, title, status, amount, currency, exchange_rate, reporting_amount, probability, expected_close, closed_at, assigned_to, created_by)
VALUES ('00030006-0000-0000-0000-000000000030', '00030001-0000-0000-0000-000000000001', '00030003-0000-0000-0000-00000000000d', '00030004-0000-0000-0000-000000000023', 'MVP development – Northvolt AB #48', 'OFFER'::deal_status, 1075138.43, 'USD', 0.9217391304347826, 990997.16, 45, '2025-10-02', NULL, '00030002-0000-0000-0000-000000000003', '00030002-0000-0000-0000-000000000001')
ON CONFLICT DO NOTHING;
INSERT INTO deals (id, org_id, company_id, contact_id, title, status, amount, currency, exchange_rate, reporting_amount, probability, expected_close, closed_at, assigned_to, created_by)
VALUES ('00030006-0000-0000-0000-000000000031', '00030001-0000-0000-0000-000000000001', '00030003-0000-0000-0000-00000000001d', '00030004-0000-0000-0000-000000000013', 'SaaS Enterprise – Scania AB #49', 'WON'::deal_status, 240007.42, 'SEK', 0.08695652173913043, 20870.21, 90, '2025-12-15', '2025-10-23', '00030002-0000-0000-0000-00000000000e', '00030002-0000-0000-0000-000000000001')
ON CONFLICT DO NOTHING;
INSERT INTO deals (id, org_id, company_id, contact_id, title, status, amount, currency, exchange_rate, reporting_amount, probability, expected_close, closed_at, assigned_to, created_by)
VALUES ('00030006-0000-0000-0000-000000000032', '00030001-0000-0000-0000-000000000001', '00030003-0000-0000-0000-000000000009', '00030004-0000-0000-0000-000000000014', 'API Integration – Klarna Bank AB #50', 'WON'::deal_status, 1077752.04, 'EUR', 1.0, 1077752.04, 90, '2026-01-31', '2025-09-26', '00030002-0000-0000-0000-000000000004', '00030002-0000-0000-0000-000000000001')
ON CONFLICT DO NOTHING;
INSERT INTO deals (id, org_id, company_id, contact_id, title, status, amount, currency, exchange_rate, reporting_amount, probability, expected_close, closed_at, assigned_to, created_by)
VALUES ('00030006-0000-0000-0000-000000000033', '00030001-0000-0000-0000-000000000001', '00030003-0000-0000-0000-00000000001d', '00030004-0000-0000-0000-00000000001f', 'Platform license – Husqvarna AB #51', 'DEMO'::deal_status, 374574.57, 'SEK', 0.08695652173913043, 32571.7, 47, '2025-09-28', NULL, '00030002-0000-0000-0000-00000000000a', '00030002-0000-0000-0000-000000000001')
ON CONFLICT DO NOTHING;
INSERT INTO deals (id, org_id, company_id, contact_id, title, status, amount, currency, exchange_rate, reporting_amount, probability, expected_close, closed_at, assigned_to, created_by)
VALUES ('00030006-0000-0000-0000-000000000034', '00030001-0000-0000-0000-000000000001', '00030003-0000-0000-0000-000000000023', '00030004-0000-0000-0000-000000000003', 'SaaS Starter – Bamboo HR #52', 'OFFER'::deal_status, 747378.76, 'SEK', 0.08695652173913043, 64989.46, 78, '2026-02-24', NULL, '00030002-0000-0000-0000-00000000000d', '00030002-0000-0000-0000-000000000001')
ON CONFLICT DO NOTHING;
INSERT INTO deals (id, org_id, company_id, contact_id, title, status, amount, currency, exchange_rate, reporting_amount, probability, expected_close, closed_at, assigned_to, created_by)
VALUES ('00030006-0000-0000-0000-000000000035', '00030001-0000-0000-0000-000000000001', '00030003-0000-0000-0000-000000000006', '00030004-0000-0000-0000-000000000007', 'Custom dev – Nordic Capital #53', 'DEMO'::deal_status, 1158703.53, 'SEK', 0.08695652173913043, 100756.83, 54, '2026-02-08', NULL, '00030002-0000-0000-0000-00000000000d', '00030002-0000-0000-0000-000000000001')
ON CONFLICT DO NOTHING;
INSERT INTO deals (id, org_id, company_id, contact_id, title, status, amount, currency, exchange_rate, reporting_amount, probability, expected_close, closed_at, assigned_to, created_by)
VALUES ('00030006-0000-0000-0000-000000000036', '00030001-0000-0000-0000-000000000001', '00030003-0000-0000-0000-00000000001a', '00030004-0000-0000-0000-000000000016', 'SaaS Growth – ICA Gruppen AB #54', 'QUALIFIED'::deal_status, 914580.07, 'SEK', 0.08695652173913043, 79528.7, 30, '2026-01-28', NULL, '00030002-0000-0000-0000-00000000000d', '00030002-0000-0000-0000-000000000001')
ON CONFLICT DO NOTHING;
INSERT INTO deals (id, org_id, company_id, contact_id, title, status, amount, currency, exchange_rate, reporting_amount, probability, expected_close, closed_at, assigned_to, created_by)
VALUES ('00030006-0000-0000-0000-000000000037', '00030001-0000-0000-0000-000000000001', '00030003-0000-0000-0000-000000000022', '00030004-0000-0000-0000-00000000000f', 'White-label solution – Länsförsäkringar #55', 'OFFER'::deal_status, 222694.76, 'EUR', 1.0, 222694.76, 36, '2025-10-30', NULL, '00030002-0000-0000-0000-000000000008', '00030002-0000-0000-0000-000000000001')
ON CONFLICT DO NOTHING;

INSERT INTO tasks (id, org_id, title, status, priority, due_date, completed_at, deal_id, assigned_to, created_by)
VALUES ('00030007-0000-0000-0000-000000000001', '00030001-0000-0000-0000-000000000001', 'Förbered kvartalsrapport #1', 'REVIEW'::task_status, 4, '2025-10-24', NULL, '00030006-0000-0000-0000-000000000026', '00030002-0000-0000-0000-00000000000c', '00030002-0000-0000-0000-000000000001')
ON CONFLICT DO NOTHING;
INSERT INTO tasks (id, org_id, title, status, priority, due_date, completed_at, deal_id, assigned_to, created_by)
VALUES ('00030007-0000-0000-0000-000000000002', '00030001-0000-0000-0000-000000000001', 'Kundmöte bokas #2', 'BLOCKED'::task_status, 2, '2025-08-24', NULL, '00030006-0000-0000-0000-00000000001f', '00030002-0000-0000-0000-000000000002', '00030002-0000-0000-0000-000000000001')
ON CONFLICT DO NOTHING;
INSERT INTO tasks (id, org_id, title, status, priority, due_date, completed_at, deal_id, assigned_to, created_by)
VALUES ('00030007-0000-0000-0000-000000000003', '00030001-0000-0000-0000-000000000001', 'Kontrollera lager #3', 'REVIEW'::task_status, 4, '2025-04-13', NULL, NULL, '00030002-0000-0000-0000-00000000000c', '00030002-0000-0000-0000-000000000001')
ON CONFLICT DO NOTHING;
INSERT INTO tasks (id, org_id, title, status, priority, due_date, completed_at, deal_id, assigned_to, created_by)
VALUES ('00030007-0000-0000-0000-000000000004', '00030001-0000-0000-0000-000000000001', 'Uppdatera rutinbeskrivning #4', 'IN_PROGRESS'::task_status, 3, '2025-08-07', NULL, NULL, '00030002-0000-0000-0000-00000000000d', '00030002-0000-0000-0000-000000000001')
ON CONFLICT DO NOTHING;
INSERT INTO tasks (id, org_id, title, status, priority, due_date, completed_at, deal_id, assigned_to, created_by)
VALUES ('00030007-0000-0000-0000-000000000005', '00030001-0000-0000-0000-000000000001', 'Följ upp offert #5', 'IN_PROGRESS'::task_status, 5, '2025-11-03', NULL, NULL, '00030002-0000-0000-0000-000000000002', '00030002-0000-0000-0000-000000000001')
ON CONFLICT DO NOTHING;
INSERT INTO tasks (id, org_id, title, status, priority, due_date, completed_at, deal_id, assigned_to, created_by)
VALUES ('00030007-0000-0000-0000-000000000006', '00030001-0000-0000-0000-000000000001', 'Skicka faktura #6', 'DONE'::task_status, 4, '2025-08-11', '2025-08-11', NULL, '00030002-0000-0000-0000-000000000001', '00030002-0000-0000-0000-000000000001')
ON CONFLICT DO NOTHING;
INSERT INTO tasks (id, org_id, title, status, priority, due_date, completed_at, deal_id, assigned_to, created_by)
VALUES ('00030007-0000-0000-0000-000000000007', '00030001-0000-0000-0000-000000000001', 'Boka service #7', 'TODO'::task_status, 1, '2025-08-23', NULL, '00030006-0000-0000-0000-00000000002c', '00030002-0000-0000-0000-00000000000d', '00030002-0000-0000-0000-000000000001')
ON CONFLICT DO NOTHING;
INSERT INTO tasks (id, org_id, title, status, priority, due_date, completed_at, deal_id, assigned_to, created_by)
VALUES ('00030007-0000-0000-0000-000000000008', '00030001-0000-0000-0000-000000000001', 'Genomför riskbedömning #8', 'IN_PROGRESS'::task_status, 2, '2025-11-20', NULL, NULL, '00030002-0000-0000-0000-000000000003', '00030002-0000-0000-0000-000000000001')
ON CONFLICT DO NOTHING;
INSERT INTO tasks (id, org_id, title, status, priority, due_date, completed_at, deal_id, assigned_to, created_by)
VALUES ('00030007-0000-0000-0000-000000000009', '00030001-0000-0000-0000-000000000001', 'Planera personalsamtal #9', 'REVIEW'::task_status, 5, '2025-10-05', NULL, '00030006-0000-0000-0000-00000000000f', '00030002-0000-0000-0000-00000000000d', '00030002-0000-0000-0000-000000000001')
ON CONFLICT DO NOTHING;
INSERT INTO tasks (id, org_id, title, status, priority, due_date, completed_at, deal_id, assigned_to, created_by)
VALUES ('00030007-0000-0000-0000-00000000000a', '00030001-0000-0000-0000-000000000001', 'Uppdatera process-dokumentation #10', 'DONE'::task_status, 2, '2025-06-04', '2025-06-04', '00030006-0000-0000-0000-00000000001c', '00030002-0000-0000-0000-000000000007', '00030002-0000-0000-0000-000000000001')
ON CONFLICT DO NOTHING;
INSERT INTO tasks (id, org_id, title, status, priority, due_date, completed_at, deal_id, assigned_to, created_by)
VALUES ('00030007-0000-0000-0000-00000000000b', '00030001-0000-0000-0000-000000000001', 'Genomför internrevision #11', 'TODO'::task_status, 5, '2025-06-10', NULL, NULL, '00030002-0000-0000-0000-000000000007', '00030002-0000-0000-0000-000000000001')
ON CONFLICT DO NOTHING;
INSERT INTO tasks (id, org_id, title, status, priority, due_date, completed_at, deal_id, assigned_to, created_by)
VALUES ('00030007-0000-0000-0000-00000000000c', '00030001-0000-0000-0000-000000000001', 'Följ upp NC #12', 'DONE'::task_status, 1, '2026-02-24', '2026-02-24', NULL, '00030002-0000-0000-0000-000000000005', '00030002-0000-0000-0000-000000000001')
ON CONFLICT DO NOTHING;
INSERT INTO tasks (id, org_id, title, status, priority, due_date, completed_at, deal_id, assigned_to, created_by)
VALUES ('00030007-0000-0000-0000-00000000000d', '00030001-0000-0000-0000-000000000001', 'Upprätta handlingsplan #13', 'TODO'::task_status, 5, '2025-04-22', NULL, '00030006-0000-0000-0000-000000000023', '00030002-0000-0000-0000-000000000003', '00030002-0000-0000-0000-000000000001')
ON CONFLICT DO NOTHING;
INSERT INTO tasks (id, org_id, title, status, priority, due_date, completed_at, deal_id, assigned_to, created_by)
VALUES ('00030007-0000-0000-0000-00000000000e', '00030001-0000-0000-0000-000000000001', 'Kontakta leverantör #14', 'REVIEW'::task_status, 3, '2025-06-09', NULL, NULL, '00030002-0000-0000-0000-000000000005', '00030002-0000-0000-0000-000000000001')
ON CONFLICT DO NOTHING;
INSERT INTO tasks (id, org_id, title, status, priority, due_date, completed_at, deal_id, assigned_to, created_by)
VALUES ('00030007-0000-0000-0000-00000000000f', '00030001-0000-0000-0000-000000000001', 'Planera veckoschema #15', 'DONE'::task_status, 5, '2026-01-22', '2026-01-22', NULL, '00030002-0000-0000-0000-000000000007', '00030002-0000-0000-0000-000000000001')
ON CONFLICT DO NOTHING;
INSERT INTO tasks (id, org_id, title, status, priority, due_date, completed_at, deal_id, assigned_to, created_by)
VALUES ('00030007-0000-0000-0000-000000000010', '00030001-0000-0000-0000-000000000001', 'Granska avtal #16', 'BLOCKED'::task_status, 4, '2025-12-26', NULL, NULL, '00030002-0000-0000-0000-000000000006', '00030002-0000-0000-0000-000000000001')
ON CONFLICT DO NOTHING;
INSERT INTO tasks (id, org_id, title, status, priority, due_date, completed_at, deal_id, assigned_to, created_by)
VALUES ('00030007-0000-0000-0000-000000000011', '00030001-0000-0000-0000-000000000001', 'Uppdatera KPI-tavla #17', 'DONE'::task_status, 5, '2025-05-28', '2025-05-28', '00030006-0000-0000-0000-00000000002e', '00030002-0000-0000-0000-00000000000d', '00030002-0000-0000-0000-000000000001')
ON CONFLICT DO NOTHING;
INSERT INTO tasks (id, org_id, title, status, priority, due_date, completed_at, deal_id, assigned_to, created_by)
VALUES ('00030007-0000-0000-0000-000000000012', '00030001-0000-0000-0000-000000000001', 'Genomför kompetensbedömning #18', 'REVIEW'::task_status, 5, '2025-12-28', NULL, NULL, '00030002-0000-0000-0000-000000000003', '00030002-0000-0000-0000-000000000001')
ON CONFLICT DO NOTHING;
INSERT INTO tasks (id, org_id, title, status, priority, due_date, completed_at, deal_id, assigned_to, created_by)
VALUES ('00030007-0000-0000-0000-000000000013', '00030001-0000-0000-0000-000000000001', 'Boka utbildning #19', 'REVIEW'::task_status, 1, '2025-07-01', NULL, NULL, '00030002-0000-0000-0000-000000000003', '00030002-0000-0000-0000-000000000001')
ON CONFLICT DO NOTHING;
INSERT INTO tasks (id, org_id, title, status, priority, due_date, completed_at, deal_id, assigned_to, created_by)
VALUES ('00030007-0000-0000-0000-000000000014', '00030001-0000-0000-0000-000000000001', 'Skicka kundenkät #20', 'REVIEW'::task_status, 2, '2025-11-17', NULL, NULL, '00030002-0000-0000-0000-00000000000a', '00030002-0000-0000-0000-000000000001')
ON CONFLICT DO NOTHING;
INSERT INTO tasks (id, org_id, title, status, priority, due_date, completed_at, deal_id, assigned_to, created_by)
VALUES ('00030007-0000-0000-0000-000000000015', '00030001-0000-0000-0000-000000000001', 'Uppdatera riskregister #21', 'IN_PROGRESS'::task_status, 5, '2025-09-13', NULL, NULL, '00030002-0000-0000-0000-000000000008', '00030002-0000-0000-0000-000000000001')
ON CONFLICT DO NOTHING;
INSERT INTO tasks (id, org_id, title, status, priority, due_date, completed_at, deal_id, assigned_to, created_by)
VALUES ('00030007-0000-0000-0000-000000000016', '00030001-0000-0000-0000-000000000001', 'Genomför brandövning #22', 'BLOCKED'::task_status, 2, '2025-12-10', NULL, NULL, '00030002-0000-0000-0000-000000000005', '00030002-0000-0000-0000-000000000001')
ON CONFLICT DO NOTHING;
INSERT INTO tasks (id, org_id, title, status, priority, due_date, completed_at, deal_id, assigned_to, created_by)
VALUES ('00030007-0000-0000-0000-000000000017', '00030001-0000-0000-0000-000000000001', 'Kalibrering instrument #23', 'IN_PROGRESS'::task_status, 2, '2025-08-09', NULL, '00030006-0000-0000-0000-000000000028', '00030002-0000-0000-0000-000000000001', '00030002-0000-0000-0000-000000000001')
ON CONFLICT DO NOTHING;
INSERT INTO tasks (id, org_id, title, status, priority, due_date, completed_at, deal_id, assigned_to, created_by)
VALUES ('00030007-0000-0000-0000-000000000018', '00030001-0000-0000-0000-000000000001', 'Följ upp certifiering #24', 'REVIEW'::task_status, 1, '2025-11-04', NULL, NULL, '00030002-0000-0000-0000-00000000000e', '00030002-0000-0000-0000-000000000001')
ON CONFLICT DO NOTHING;
INSERT INTO tasks (id, org_id, title, status, priority, due_date, completed_at, deal_id, assigned_to, created_by)
VALUES ('00030007-0000-0000-0000-000000000019', '00030001-0000-0000-0000-000000000001', 'Förbered kvartalsrapport #25', 'DONE'::task_status, 5, '2025-11-14', '2025-11-14', '00030006-0000-0000-0000-00000000001b', '00030002-0000-0000-0000-00000000000b', '00030002-0000-0000-0000-000000000001')
ON CONFLICT DO NOTHING;

INSERT INTO invoices (id, org_id, invoice_number, company_id, amount, currency, exchange_rate, reporting_amount, tax_amount, status, issued_at, due_at, paid_at, created_by)
VALUES ('00030008-0000-0000-0000-000000000001', '00030001-0000-0000-0000-000000000001', 'INV-03-2025-03', '00030003-0000-0000-0000-000000000020', 1824231.8, 'SEK', 0.08695652173913043, 158628.85, 456057.95, 'OVERDUE', '2025-03-05', '2025-03-30', NULL, '00030002-0000-0000-0000-000000000001')
ON CONFLICT (org_id, invoice_number) DO NOTHING;
INSERT INTO invoices (id, org_id, invoice_number, company_id, amount, currency, exchange_rate, reporting_amount, tax_amount, status, issued_at, due_at, paid_at, created_by)
VALUES ('00030008-0000-0000-0000-000000000002', '00030001-0000-0000-0000-000000000001', 'INV-03-2025-04', '00030003-0000-0000-0000-00000000000f', 1467312.17, 'SEK', 0.08695652173913043, 127592.36, 366828.04, 'PAID', '2025-04-05', '2025-04-30', '2025-04-28', '00030002-0000-0000-0000-000000000001')
ON CONFLICT (org_id, invoice_number) DO NOTHING;
INSERT INTO invoices (id, org_id, invoice_number, company_id, amount, currency, exchange_rate, reporting_amount, tax_amount, status, issued_at, due_at, paid_at, created_by)
VALUES ('00030008-0000-0000-0000-000000000003', '00030001-0000-0000-0000-000000000001', 'INV-03-2025-05', '00030003-0000-0000-0000-000000000023', 1604632.23, 'USD', 0.9217391304347826, 1479052.32, 401158.06, 'PAID', '2025-05-05', '2025-05-30', '2025-05-28', '00030002-0000-0000-0000-000000000001')
ON CONFLICT (org_id, invoice_number) DO NOTHING;
INSERT INTO invoices (id, org_id, invoice_number, company_id, amount, currency, exchange_rate, reporting_amount, tax_amount, status, issued_at, due_at, paid_at, created_by)
VALUES ('00030008-0000-0000-0000-000000000004', '00030001-0000-0000-0000-000000000001', 'INV-03-2025-06', '00030003-0000-0000-0000-000000000021', 1600870.67, 'USD', 0.9217391304347826, 1475585.14, 400217.67, 'OVERDUE', '2025-06-05', '2025-06-30', NULL, '00030002-0000-0000-0000-000000000001')
ON CONFLICT (org_id, invoice_number) DO NOTHING;
INSERT INTO invoices (id, org_id, invoice_number, company_id, amount, currency, exchange_rate, reporting_amount, tax_amount, status, issued_at, due_at, paid_at, created_by)
VALUES ('00030008-0000-0000-0000-000000000005', '00030001-0000-0000-0000-000000000001', 'INV-03-2025-07', '00030003-0000-0000-0000-000000000023', 1407865.43, 'EUR', 1.0, 1407865.43, 351966.36, 'SENT', '2025-07-05', '2025-07-30', NULL, '00030002-0000-0000-0000-000000000001')
ON CONFLICT (org_id, invoice_number) DO NOTHING;
INSERT INTO invoices (id, org_id, invoice_number, company_id, amount, currency, exchange_rate, reporting_amount, tax_amount, status, issued_at, due_at, paid_at, created_by)
VALUES ('00030008-0000-0000-0000-000000000006', '00030001-0000-0000-0000-000000000001', 'INV-03-2025-08', '00030003-0000-0000-0000-00000000001d', 2188944.42, 'USD', 0.9217391304347826, 2017635.73, 547236.1, 'PAID', '2025-08-05', '2025-08-30', '2025-08-28', '00030002-0000-0000-0000-000000000001')
ON CONFLICT (org_id, invoice_number) DO NOTHING;
INSERT INTO invoices (id, org_id, invoice_number, company_id, amount, currency, exchange_rate, reporting_amount, tax_amount, status, issued_at, due_at, paid_at, created_by)
VALUES ('00030008-0000-0000-0000-000000000007', '00030001-0000-0000-0000-000000000001', 'INV-03-2025-09', '00030003-0000-0000-0000-000000000010', 1884321.94, 'USD', 0.9217391304347826, 1736853.27, 471080.48, 'PAID', '2025-09-05', '2025-09-30', '2025-09-28', '00030002-0000-0000-0000-000000000001')
ON CONFLICT (org_id, invoice_number) DO NOTHING;
INSERT INTO invoices (id, org_id, invoice_number, company_id, amount, currency, exchange_rate, reporting_amount, tax_amount, status, issued_at, due_at, paid_at, created_by)
VALUES ('00030008-0000-0000-0000-000000000008', '00030001-0000-0000-0000-000000000001', 'INV-03-2025-10', '00030003-0000-0000-0000-000000000011', 1610813.16, 'EUR', 1.0, 1610813.16, 402703.29, 'OVERDUE', '2025-10-05', '2025-10-30', NULL, '00030002-0000-0000-0000-000000000001')
ON CONFLICT (org_id, invoice_number) DO NOTHING;
INSERT INTO invoices (id, org_id, invoice_number, company_id, amount, currency, exchange_rate, reporting_amount, tax_amount, status, issued_at, due_at, paid_at, created_by)
VALUES ('00030008-0000-0000-0000-000000000009', '00030001-0000-0000-0000-000000000001', 'INV-03-2025-11', '00030003-0000-0000-0000-000000000008', 1666768.01, 'EUR', 1.0, 1666768.01, 416692.0, 'OVERDUE', '2025-11-05', '2025-11-30', NULL, '00030002-0000-0000-0000-000000000001')
ON CONFLICT (org_id, invoice_number) DO NOTHING;
INSERT INTO invoices (id, org_id, invoice_number, company_id, amount, currency, exchange_rate, reporting_amount, tax_amount, status, issued_at, due_at, paid_at, created_by)
VALUES ('00030008-0000-0000-0000-00000000000a', '00030001-0000-0000-0000-000000000001', 'INV-03-2025-12', '00030003-0000-0000-0000-000000000017', 2136528.15, 'EUR', 1.0, 2136528.15, 534132.04, 'PAID', '2025-12-05', '2025-12-30', '2025-12-28', '00030002-0000-0000-0000-000000000001')
ON CONFLICT (org_id, invoice_number) DO NOTHING;
INSERT INTO invoices (id, org_id, invoice_number, company_id, amount, currency, exchange_rate, reporting_amount, tax_amount, status, issued_at, due_at, paid_at, created_by)
VALUES ('00030008-0000-0000-0000-00000000000b', '00030001-0000-0000-0000-000000000001', 'INV-03-2026-01', '00030003-0000-0000-0000-00000000000b', 2230486.9, 'SEK', 0.08695652173913043, 193955.38, 557621.72, 'OVERDUE', '2026-01-05', '2026-01-30', NULL, '00030002-0000-0000-0000-000000000001')
ON CONFLICT (org_id, invoice_number) DO NOTHING;
INSERT INTO invoices (id, org_id, invoice_number, company_id, amount, currency, exchange_rate, reporting_amount, tax_amount, status, issued_at, due_at, paid_at, created_by)
VALUES ('00030008-0000-0000-0000-00000000000c', '00030001-0000-0000-0000-000000000001', 'INV-03-2026-02', '00030003-0000-0000-0000-000000000004', 1961099.65, 'EUR', 1.0, 1961099.65, 490274.91, 'PAID', '2026-02-05', '2026-02-28', '2026-02-28', '00030002-0000-0000-0000-000000000001')
ON CONFLICT (org_id, invoice_number) DO NOTHING;

INSERT INTO transactions (id, org_id, account_code, account_name, credit, currency, exchange_rate, reporting_credit, description, invoice_id, booked_at, created_by)
VALUES ('00030009-0000-0000-0000-000000000001', '00030001-0000-0000-0000-000000000001', '3000', 'Försäljningsintäkter', 1871874.22, 'SEK', 0.08695652173913043, 162771.67, 'Månadsomsättning 2025-03', '00030008-0000-0000-0000-000000000005', '2025-03-15', '00030002-0000-0000-0000-000000000001')
ON CONFLICT DO NOTHING;
INSERT INTO transactions (id, org_id, account_code, account_name, debit, currency, exchange_rate, reporting_debit, description, booked_at, created_by)
VALUES ('00030009-0000-0000-0000-000000000002', '00030001-0000-0000-0000-000000000001', '4000', 'Råvaror och förnödenheter', 655155.98, 'SEK', 0.08695652173913043, 56970.09, 'Leverantörskostnader 2025-03', '2025-03-10', '00030002-0000-0000-0000-000000000001')
ON CONFLICT DO NOTHING;
INSERT INTO transactions (id, org_id, account_code, account_name, debit, currency, exchange_rate, reporting_debit, description, booked_at, created_by)
VALUES ('00030009-0000-0000-0000-000000000003', '00030001-0000-0000-0000-000000000001', '7010', 'Löner tjänstemän', 450000, 'EUR', 1.0, 450000, 'Löner 2025-03', '2025-03-25', '00030002-0000-0000-0000-000000000001')
ON CONFLICT DO NOTHING;
INSERT INTO transactions (id, org_id, account_code, account_name, credit, currency, exchange_rate, reporting_credit, description, invoice_id, booked_at, created_by)
VALUES ('00030009-0000-0000-0000-000000000004', '00030001-0000-0000-0000-000000000001', '3000', 'Försäljningsintäkter', 1886605.06, 'EUR', 1.0, 1886605.06, 'Månadsomsättning 2025-04', '00030008-0000-0000-0000-000000000006', '2025-04-15', '00030002-0000-0000-0000-000000000001')
ON CONFLICT DO NOTHING;
INSERT INTO transactions (id, org_id, account_code, account_name, debit, currency, exchange_rate, reporting_debit, description, booked_at, created_by)
VALUES ('00030009-0000-0000-0000-000000000005', '00030001-0000-0000-0000-000000000001', '4000', 'Råvaror och förnödenheter', 660311.77, 'EUR', 1.0, 660311.77, 'Leverantörskostnader 2025-04', '2025-04-10', '00030002-0000-0000-0000-000000000001')
ON CONFLICT DO NOTHING;
INSERT INTO transactions (id, org_id, account_code, account_name, debit, currency, exchange_rate, reporting_debit, description, booked_at, created_by)
VALUES ('00030009-0000-0000-0000-000000000006', '00030001-0000-0000-0000-000000000001', '7010', 'Löner tjänstemän', 450000, 'EUR', 1.0, 450000, 'Löner 2025-04', '2025-04-25', '00030002-0000-0000-0000-000000000001')
ON CONFLICT DO NOTHING;
INSERT INTO transactions (id, org_id, account_code, account_name, credit, currency, exchange_rate, reporting_credit, description, invoice_id, booked_at, created_by)
VALUES ('00030009-0000-0000-0000-000000000007', '00030001-0000-0000-0000-000000000001', '3000', 'Försäljningsintäkter', 2096783.42, 'USD', 0.9217391304347826, 1932687.33, 'Månadsomsättning 2025-05', '00030008-0000-0000-0000-000000000005', '2025-05-15', '00030002-0000-0000-0000-000000000001')
ON CONFLICT DO NOTHING;
INSERT INTO transactions (id, org_id, account_code, account_name, debit, currency, exchange_rate, reporting_debit, description, booked_at, created_by)
VALUES ('00030009-0000-0000-0000-000000000008', '00030001-0000-0000-0000-000000000001', '4000', 'Råvaror och förnödenheter', 733874.2, 'USD', 0.9217391304347826, 676440.57, 'Leverantörskostnader 2025-05', '2025-05-10', '00030002-0000-0000-0000-000000000001')
ON CONFLICT DO NOTHING;
INSERT INTO transactions (id, org_id, account_code, account_name, debit, currency, exchange_rate, reporting_debit, description, booked_at, created_by)
VALUES ('00030009-0000-0000-0000-000000000009', '00030001-0000-0000-0000-000000000001', '7010', 'Löner tjänstemän', 450000, 'EUR', 1.0, 450000, 'Löner 2025-05', '2025-05-25', '00030002-0000-0000-0000-000000000001')
ON CONFLICT DO NOTHING;
INSERT INTO transactions (id, org_id, account_code, account_name, credit, currency, exchange_rate, reporting_credit, description, invoice_id, booked_at, created_by)
VALUES ('00030009-0000-0000-0000-00000000000a', '00030001-0000-0000-0000-000000000001', '3000', 'Försäljningsintäkter', 1873337.9, 'SEK', 0.08695652173913043, 162898.95, 'Månadsomsättning 2025-06', '00030008-0000-0000-0000-00000000000b', '2025-06-15', '00030002-0000-0000-0000-000000000001')
ON CONFLICT DO NOTHING;
INSERT INTO transactions (id, org_id, account_code, account_name, debit, currency, exchange_rate, reporting_debit, description, booked_at, created_by)
VALUES ('00030009-0000-0000-0000-00000000000b', '00030001-0000-0000-0000-000000000001', '4000', 'Råvaror och förnödenheter', 655668.26, 'SEK', 0.08695652173913043, 57014.63, 'Leverantörskostnader 2025-06', '2025-06-10', '00030002-0000-0000-0000-000000000001')
ON CONFLICT DO NOTHING;
INSERT INTO transactions (id, org_id, account_code, account_name, debit, currency, exchange_rate, reporting_debit, description, booked_at, created_by)
VALUES ('00030009-0000-0000-0000-00000000000c', '00030001-0000-0000-0000-000000000001', '7010', 'Löner tjänstemän', 450000, 'EUR', 1.0, 450000, 'Löner 2025-06', '2025-06-25', '00030002-0000-0000-0000-000000000001')
ON CONFLICT DO NOTHING;
INSERT INTO transactions (id, org_id, account_code, account_name, credit, currency, exchange_rate, reporting_credit, description, invoice_id, booked_at, created_by)
VALUES ('00030009-0000-0000-0000-00000000000d', '00030001-0000-0000-0000-000000000001', '3000', 'Försäljningsintäkter', 2006682.83, 'EUR', 1.0, 2006682.83, 'Månadsomsättning 2025-07', '00030008-0000-0000-0000-000000000007', '2025-07-15', '00030002-0000-0000-0000-000000000001')
ON CONFLICT DO NOTHING;
INSERT INTO transactions (id, org_id, account_code, account_name, debit, currency, exchange_rate, reporting_debit, description, booked_at, created_by)
VALUES ('00030009-0000-0000-0000-00000000000e', '00030001-0000-0000-0000-000000000001', '4000', 'Råvaror och förnödenheter', 702338.99, 'EUR', 1.0, 702338.99, 'Leverantörskostnader 2025-07', '2025-07-10', '00030002-0000-0000-0000-000000000001')
ON CONFLICT DO NOTHING;
INSERT INTO transactions (id, org_id, account_code, account_name, debit, currency, exchange_rate, reporting_debit, description, booked_at, created_by)
VALUES ('00030009-0000-0000-0000-00000000000f', '00030001-0000-0000-0000-000000000001', '7010', 'Löner tjänstemän', 450000, 'EUR', 1.0, 450000, 'Löner 2025-07', '2025-07-25', '00030002-0000-0000-0000-000000000001')
ON CONFLICT DO NOTHING;
INSERT INTO transactions (id, org_id, account_code, account_name, credit, currency, exchange_rate, reporting_credit, description, invoice_id, booked_at, created_by)
VALUES ('00030009-0000-0000-0000-000000000010', '00030001-0000-0000-0000-000000000001', '3000', 'Försäljningsintäkter', 2063656.12, 'USD', 0.9217391304347826, 1902152.6, 'Månadsomsättning 2025-08', '00030008-0000-0000-0000-00000000000b', '2025-08-15', '00030002-0000-0000-0000-000000000001')
ON CONFLICT DO NOTHING;
INSERT INTO transactions (id, org_id, account_code, account_name, debit, currency, exchange_rate, reporting_debit, description, booked_at, created_by)
VALUES ('00030009-0000-0000-0000-000000000011', '00030001-0000-0000-0000-000000000001', '4000', 'Råvaror och förnödenheter', 722279.64, 'USD', 0.9217391304347826, 665753.41, 'Leverantörskostnader 2025-08', '2025-08-10', '00030002-0000-0000-0000-000000000001')
ON CONFLICT DO NOTHING;
INSERT INTO transactions (id, org_id, account_code, account_name, debit, currency, exchange_rate, reporting_debit, description, booked_at, created_by)
VALUES ('00030009-0000-0000-0000-000000000012', '00030001-0000-0000-0000-000000000001', '7010', 'Löner tjänstemän', 450000, 'EUR', 1.0, 450000, 'Löner 2025-08', '2025-08-25', '00030002-0000-0000-0000-000000000001')
ON CONFLICT DO NOTHING;
INSERT INTO transactions (id, org_id, account_code, account_name, credit, currency, exchange_rate, reporting_credit, description, invoice_id, booked_at, created_by)
VALUES ('00030009-0000-0000-0000-000000000013', '00030001-0000-0000-0000-000000000001', '3000', 'Försäljningsintäkter', 1628121.83, 'EUR', 1.0, 1628121.83, 'Månadsomsättning 2025-09', '00030008-0000-0000-0000-000000000004', '2025-09-15', '00030002-0000-0000-0000-000000000001')
ON CONFLICT DO NOTHING;
INSERT INTO transactions (id, org_id, account_code, account_name, debit, currency, exchange_rate, reporting_debit, description, booked_at, created_by)
VALUES ('00030009-0000-0000-0000-000000000014', '00030001-0000-0000-0000-000000000001', '4000', 'Råvaror och förnödenheter', 569842.64, 'EUR', 1.0, 569842.64, 'Leverantörskostnader 2025-09', '2025-09-10', '00030002-0000-0000-0000-000000000001')
ON CONFLICT DO NOTHING;
INSERT INTO transactions (id, org_id, account_code, account_name, debit, currency, exchange_rate, reporting_debit, description, booked_at, created_by)
VALUES ('00030009-0000-0000-0000-000000000015', '00030001-0000-0000-0000-000000000001', '7010', 'Löner tjänstemän', 450000, 'EUR', 1.0, 450000, 'Löner 2025-09', '2025-09-25', '00030002-0000-0000-0000-000000000001')
ON CONFLICT DO NOTHING;
INSERT INTO transactions (id, org_id, account_code, account_name, credit, currency, exchange_rate, reporting_credit, description, invoice_id, booked_at, created_by)
VALUES ('00030009-0000-0000-0000-000000000016', '00030001-0000-0000-0000-000000000001', '3000', 'Försäljningsintäkter', 1638767.23, 'USD', 0.9217391304347826, 1510515.88, 'Månadsomsättning 2025-10', '00030008-0000-0000-0000-000000000004', '2025-10-15', '00030002-0000-0000-0000-000000000001')
ON CONFLICT DO NOTHING;
INSERT INTO transactions (id, org_id, account_code, account_name, debit, currency, exchange_rate, reporting_debit, description, booked_at, created_by)
VALUES ('00030009-0000-0000-0000-000000000017', '00030001-0000-0000-0000-000000000001', '4000', 'Råvaror och förnödenheter', 573568.53, 'USD', 0.9217391304347826, 528680.56, 'Leverantörskostnader 2025-10', '2025-10-10', '00030002-0000-0000-0000-000000000001')
ON CONFLICT DO NOTHING;
INSERT INTO transactions (id, org_id, account_code, account_name, debit, currency, exchange_rate, reporting_debit, description, booked_at, created_by)
VALUES ('00030009-0000-0000-0000-000000000018', '00030001-0000-0000-0000-000000000001', '7010', 'Löner tjänstemän', 450000, 'EUR', 1.0, 450000, 'Löner 2025-10', '2025-10-25', '00030002-0000-0000-0000-000000000001')
ON CONFLICT DO NOTHING;
INSERT INTO transactions (id, org_id, account_code, account_name, credit, currency, exchange_rate, reporting_credit, description, invoice_id, booked_at, created_by)
VALUES ('00030009-0000-0000-0000-000000000019', '00030001-0000-0000-0000-000000000001', '3000', 'Försäljningsintäkter', 1977143.81, 'SEK', 0.08695652173913043, 171925.55, 'Månadsomsättning 2025-11', '00030008-0000-0000-0000-000000000007', '2025-11-15', '00030002-0000-0000-0000-000000000001')
ON CONFLICT DO NOTHING;
INSERT INTO transactions (id, org_id, account_code, account_name, debit, currency, exchange_rate, reporting_debit, description, booked_at, created_by)
VALUES ('00030009-0000-0000-0000-00000000001a', '00030001-0000-0000-0000-000000000001', '4000', 'Råvaror och förnödenheter', 692000.33, 'SEK', 0.08695652173913043, 60173.94, 'Leverantörskostnader 2025-11', '2025-11-10', '00030002-0000-0000-0000-000000000001')
ON CONFLICT DO NOTHING;
INSERT INTO transactions (id, org_id, account_code, account_name, debit, currency, exchange_rate, reporting_debit, description, booked_at, created_by)
VALUES ('00030009-0000-0000-0000-00000000001b', '00030001-0000-0000-0000-000000000001', '7010', 'Löner tjänstemän', 450000, 'EUR', 1.0, 450000, 'Löner 2025-11', '2025-11-25', '00030002-0000-0000-0000-000000000001')
ON CONFLICT DO NOTHING;
INSERT INTO transactions (id, org_id, account_code, account_name, credit, currency, exchange_rate, reporting_credit, description, invoice_id, booked_at, created_by)
VALUES ('00030009-0000-0000-0000-00000000001c', '00030001-0000-0000-0000-000000000001', '3000', 'Försäljningsintäkter', 1827535.63, 'SEK', 0.08695652173913043, 158916.14, 'Månadsomsättning 2025-12', '00030008-0000-0000-0000-00000000000b', '2025-12-15', '00030002-0000-0000-0000-000000000001')
ON CONFLICT DO NOTHING;
INSERT INTO transactions (id, org_id, account_code, account_name, debit, currency, exchange_rate, reporting_debit, description, booked_at, created_by)
VALUES ('00030009-0000-0000-0000-00000000001d', '00030001-0000-0000-0000-000000000001', '4000', 'Råvaror och förnödenheter', 639637.47, 'SEK', 0.08695652173913043, 55620.65, 'Leverantörskostnader 2025-12', '2025-12-10', '00030002-0000-0000-0000-000000000001')
ON CONFLICT DO NOTHING;
INSERT INTO transactions (id, org_id, account_code, account_name, debit, currency, exchange_rate, reporting_debit, description, booked_at, created_by)
VALUES ('00030009-0000-0000-0000-00000000001e', '00030001-0000-0000-0000-000000000001', '7010', 'Löner tjänstemän', 450000, 'EUR', 1.0, 450000, 'Löner 2025-12', '2025-12-25', '00030002-0000-0000-0000-000000000001')
ON CONFLICT DO NOTHING;
INSERT INTO transactions (id, org_id, account_code, account_name, credit, currency, exchange_rate, reporting_credit, description, invoice_id, booked_at, created_by)
VALUES ('00030009-0000-0000-0000-00000000001f', '00030001-0000-0000-0000-000000000001', '3000', 'Försäljningsintäkter', 1706127.77, 'USD', 0.9217391304347826, 1572604.73, 'Månadsomsättning 2026-01', '00030008-0000-0000-0000-000000000007', '2026-01-15', '00030002-0000-0000-0000-000000000001')
ON CONFLICT DO NOTHING;
INSERT INTO transactions (id, org_id, account_code, account_name, debit, currency, exchange_rate, reporting_debit, description, booked_at, created_by)
VALUES ('00030009-0000-0000-0000-000000000020', '00030001-0000-0000-0000-000000000001', '4000', 'Råvaror och förnödenheter', 597144.72, 'USD', 0.9217391304347826, 550411.65, 'Leverantörskostnader 2026-01', '2026-01-10', '00030002-0000-0000-0000-000000000001')
ON CONFLICT DO NOTHING;
INSERT INTO transactions (id, org_id, account_code, account_name, debit, currency, exchange_rate, reporting_debit, description, booked_at, created_by)
VALUES ('00030009-0000-0000-0000-000000000021', '00030001-0000-0000-0000-000000000001', '7010', 'Löner tjänstemän', 450000, 'EUR', 1.0, 450000, 'Löner 2026-01', '2026-01-25', '00030002-0000-0000-0000-000000000001')
ON CONFLICT DO NOTHING;
INSERT INTO transactions (id, org_id, account_code, account_name, credit, currency, exchange_rate, reporting_credit, description, invoice_id, booked_at, created_by)
VALUES ('00030009-0000-0000-0000-000000000022', '00030001-0000-0000-0000-000000000001', '3000', 'Försäljningsintäkter', 1806928.78, 'SEK', 0.08695652173913043, 157124.24, 'Månadsomsättning 2026-02', '00030008-0000-0000-0000-000000000002', '2026-02-15', '00030002-0000-0000-0000-000000000001')
ON CONFLICT DO NOTHING;
INSERT INTO transactions (id, org_id, account_code, account_name, debit, currency, exchange_rate, reporting_debit, description, booked_at, created_by)
VALUES ('00030009-0000-0000-0000-000000000023', '00030001-0000-0000-0000-000000000001', '4000', 'Råvaror och förnödenheter', 632425.07, 'SEK', 0.08695652173913043, 54993.48, 'Leverantörskostnader 2026-02', '2026-02-10', '00030002-0000-0000-0000-000000000001')
ON CONFLICT DO NOTHING;
INSERT INTO transactions (id, org_id, account_code, account_name, debit, currency, exchange_rate, reporting_debit, description, booked_at, created_by)
VALUES ('00030009-0000-0000-0000-000000000024', '00030001-0000-0000-0000-000000000001', '7010', 'Löner tjänstemän', 450000, 'EUR', 1.0, 450000, 'Löner 2026-02', '2026-02-25', '00030002-0000-0000-0000-000000000001')
ON CONFLICT DO NOTHING;

INSERT INTO processes (id, org_id, code, name, owner_id, is_active, avg_duration_min)
VALUES ('0003000b-0000-0000-0000-000000000001', '00030001-0000-0000-0000-000000000001', 'P-001', 'Sprint planning', '00030002-0000-0000-0000-000000000007', TRUE, 80)
ON CONFLICT (org_id, code) DO NOTHING;
INSERT INTO process_executions (id, org_id, process_id, status, started_at, completed_at, duration_min, executed_by)
VALUES ('0003000c-0000-0000-0000-000000000001', '00030001-0000-0000-0000-000000000001', '0003000b-0000-0000-0000-000000000001', 'RUNNING'::process_execution_status, '2026-02-19', NULL, 104, '00030002-0000-0000-0000-000000000008')
ON CONFLICT DO NOTHING;
INSERT INTO process_executions (id, org_id, process_id, status, started_at, completed_at, duration_min, executed_by)
VALUES ('0003000c-0000-0000-0000-000000000002', '00030001-0000-0000-0000-000000000001', '0003000b-0000-0000-0000-000000000001', 'FAILED'::process_execution_status, '2025-08-15', '2025-08-15', 158, '00030002-0000-0000-0000-000000000001')
ON CONFLICT DO NOTHING;
INSERT INTO process_executions (id, org_id, process_id, status, started_at, completed_at, duration_min, executed_by)
VALUES ('0003000c-0000-0000-0000-000000000003', '00030001-0000-0000-0000-000000000001', '0003000b-0000-0000-0000-000000000001', 'COMPLETED'::process_execution_status, '2025-10-21', '2025-10-21', 172, '00030002-0000-0000-0000-00000000000b')
ON CONFLICT DO NOTHING;
INSERT INTO processes (id, org_id, code, name, owner_id, is_active, avg_duration_min)
VALUES ('0003000b-0000-0000-0000-000000000002', '00030001-0000-0000-0000-000000000001', 'P-002', 'Code review process', '00030002-0000-0000-0000-00000000000c', TRUE, 60)
ON CONFLICT (org_id, code) DO NOTHING;
INSERT INTO process_executions (id, org_id, process_id, status, started_at, completed_at, duration_min, executed_by)
VALUES ('0003000c-0000-0000-0000-000000000005', '00030001-0000-0000-0000-000000000001', '0003000b-0000-0000-0000-000000000002', 'COMPLETED'::process_execution_status, '2025-11-29', '2025-11-29', 111, '00030002-0000-0000-0000-000000000004')
ON CONFLICT DO NOTHING;
INSERT INTO process_executions (id, org_id, process_id, status, started_at, completed_at, duration_min, executed_by)
VALUES ('0003000c-0000-0000-0000-000000000006', '00030001-0000-0000-0000-000000000001', '0003000b-0000-0000-0000-000000000002', 'FAILED'::process_execution_status, '2025-06-17', '2025-06-17', 136, '00030002-0000-0000-0000-000000000005')
ON CONFLICT DO NOTHING;
INSERT INTO process_executions (id, org_id, process_id, status, started_at, completed_at, duration_min, executed_by)
VALUES ('0003000c-0000-0000-0000-000000000007', '00030001-0000-0000-0000-000000000001', '0003000b-0000-0000-0000-000000000002', 'RUNNING'::process_execution_status, '2025-07-24', NULL, 96, '00030002-0000-0000-0000-000000000009')
ON CONFLICT DO NOTHING;
INSERT INTO processes (id, org_id, code, name, owner_id, is_active, avg_duration_min)
VALUES ('0003000b-0000-0000-0000-000000000003', '00030001-0000-0000-0000-000000000001', 'P-003', 'CI/CD deployment', '00030002-0000-0000-0000-00000000000a', TRUE, 31)
ON CONFLICT (org_id, code) DO NOTHING;
INSERT INTO process_executions (id, org_id, process_id, status, started_at, completed_at, duration_min, executed_by)
VALUES ('0003000c-0000-0000-0000-000000000009', '00030001-0000-0000-0000-000000000001', '0003000b-0000-0000-0000-000000000003', 'FAILED'::process_execution_status, '2025-08-23', '2025-08-23', 22, '00030002-0000-0000-0000-000000000001')
ON CONFLICT DO NOTHING;
INSERT INTO process_executions (id, org_id, process_id, status, started_at, completed_at, duration_min, executed_by)
VALUES ('0003000c-0000-0000-0000-00000000000a', '00030001-0000-0000-0000-000000000001', '0003000b-0000-0000-0000-000000000003', 'COMPLETED'::process_execution_status, '2026-01-15', '2026-01-15', 127, '00030002-0000-0000-0000-000000000001')
ON CONFLICT DO NOTHING;
INSERT INTO process_executions (id, org_id, process_id, status, started_at, completed_at, duration_min, executed_by)
VALUES ('0003000c-0000-0000-0000-00000000000b', '00030001-0000-0000-0000-000000000001', '0003000b-0000-0000-0000-000000000003', 'COMPLETED'::process_execution_status, '2025-05-20', '2025-05-20', 122, '00030002-0000-0000-0000-000000000008')
ON CONFLICT DO NOTHING;
INSERT INTO processes (id, org_id, code, name, owner_id, is_active, avg_duration_min)
VALUES ('0003000b-0000-0000-0000-000000000004', '00030001-0000-0000-0000-000000000001', 'P-004', 'Customer onboarding', '00030002-0000-0000-0000-000000000001', TRUE, 69)
ON CONFLICT (org_id, code) DO NOTHING;
INSERT INTO process_executions (id, org_id, process_id, status, started_at, completed_at, duration_min, executed_by)
VALUES ('0003000c-0000-0000-0000-00000000000d', '00030001-0000-0000-0000-000000000001', '0003000b-0000-0000-0000-000000000004', 'COMPLETED'::process_execution_status, '2026-02-16', '2026-02-16', 43, '00030002-0000-0000-0000-00000000000f')
ON CONFLICT DO NOTHING;
INSERT INTO process_executions (id, org_id, process_id, status, started_at, completed_at, duration_min, executed_by)
VALUES ('0003000c-0000-0000-0000-00000000000e', '00030001-0000-0000-0000-000000000001', '0003000b-0000-0000-0000-000000000004', 'RUNNING'::process_execution_status, '2025-05-21', NULL, 80, '00030002-0000-0000-0000-000000000002')
ON CONFLICT DO NOTHING;
INSERT INTO process_executions (id, org_id, process_id, status, started_at, completed_at, duration_min, executed_by)
VALUES ('0003000c-0000-0000-0000-00000000000f', '00030001-0000-0000-0000-000000000001', '0003000b-0000-0000-0000-000000000004', 'RUNNING'::process_execution_status, '2025-07-07', NULL, 31, '00030002-0000-0000-0000-000000000006')
ON CONFLICT DO NOTHING;
INSERT INTO processes (id, org_id, code, name, owner_id, is_active, avg_duration_min)
VALUES ('0003000b-0000-0000-0000-000000000005', '00030001-0000-0000-0000-000000000001', 'P-005', 'Bug triage', '00030002-0000-0000-0000-00000000000b', TRUE, 98)
ON CONFLICT (org_id, code) DO NOTHING;
INSERT INTO process_executions (id, org_id, process_id, status, started_at, completed_at, duration_min, executed_by)
VALUES ('0003000c-0000-0000-0000-000000000011', '00030001-0000-0000-0000-000000000001', '0003000b-0000-0000-0000-000000000005', 'COMPLETED'::process_execution_status, '2025-03-27', '2025-03-27', 111, '00030002-0000-0000-0000-00000000000b')
ON CONFLICT DO NOTHING;
INSERT INTO process_executions (id, org_id, process_id, status, started_at, completed_at, duration_min, executed_by)
VALUES ('0003000c-0000-0000-0000-000000000012', '00030001-0000-0000-0000-000000000001', '0003000b-0000-0000-0000-000000000005', 'RUNNING'::process_execution_status, '2026-02-22', NULL, 69, '00030002-0000-0000-0000-000000000007')
ON CONFLICT DO NOTHING;
INSERT INTO process_executions (id, org_id, process_id, status, started_at, completed_at, duration_min, executed_by)
VALUES ('0003000c-0000-0000-0000-000000000013', '00030001-0000-0000-0000-000000000001', '0003000b-0000-0000-0000-000000000005', 'COMPLETED'::process_execution_status, '2026-02-24', '2026-02-24', 34, '00030002-0000-0000-0000-000000000001')
ON CONFLICT DO NOTHING;
INSERT INTO processes (id, org_id, code, name, owner_id, is_active, avg_duration_min)
VALUES ('0003000b-0000-0000-0000-000000000006', '00030001-0000-0000-0000-000000000001', 'P-006', 'Sales pipeline review', '00030002-0000-0000-0000-000000000004', TRUE, 76)
ON CONFLICT (org_id, code) DO NOTHING;
INSERT INTO process_executions (id, org_id, process_id, status, started_at, completed_at, duration_min, executed_by)
VALUES ('0003000c-0000-0000-0000-000000000015', '00030001-0000-0000-0000-000000000001', '0003000b-0000-0000-0000-000000000006', 'COMPLETED'::process_execution_status, '2025-05-07', '2025-05-07', 161, '00030002-0000-0000-0000-000000000004')
ON CONFLICT DO NOTHING;
INSERT INTO process_executions (id, org_id, process_id, status, started_at, completed_at, duration_min, executed_by)
VALUES ('0003000c-0000-0000-0000-000000000016', '00030001-0000-0000-0000-000000000001', '0003000b-0000-0000-0000-000000000006', 'FAILED'::process_execution_status, '2025-03-05', '2025-03-05', 12, '00030002-0000-0000-0000-00000000000c')
ON CONFLICT DO NOTHING;
INSERT INTO process_executions (id, org_id, process_id, status, started_at, completed_at, duration_min, executed_by)
VALUES ('0003000c-0000-0000-0000-000000000017', '00030001-0000-0000-0000-000000000001', '0003000b-0000-0000-0000-000000000006', 'RUNNING'::process_execution_status, '2025-05-01', NULL, 118, '00030002-0000-0000-0000-00000000000c')
ON CONFLICT DO NOTHING;
INSERT INTO processes (id, org_id, code, name, owner_id, is_active, avg_duration_min)
VALUES ('0003000b-0000-0000-0000-000000000007', '00030001-0000-0000-0000-000000000001', 'P-007', 'Incident management', '00030002-0000-0000-0000-000000000003', TRUE, 76)
ON CONFLICT (org_id, code) DO NOTHING;
INSERT INTO process_executions (id, org_id, process_id, status, started_at, completed_at, duration_min, executed_by)
VALUES ('0003000c-0000-0000-0000-000000000019', '00030001-0000-0000-0000-000000000001', '0003000b-0000-0000-0000-000000000007', 'COMPLETED'::process_execution_status, '2025-06-26', '2025-06-26', 108, '00030002-0000-0000-0000-000000000002')
ON CONFLICT DO NOTHING;
INSERT INTO process_executions (id, org_id, process_id, status, started_at, completed_at, duration_min, executed_by)
VALUES ('0003000c-0000-0000-0000-00000000001a', '00030001-0000-0000-0000-000000000001', '0003000b-0000-0000-0000-000000000007', 'COMPLETED'::process_execution_status, '2025-04-22', '2025-04-22', 90, '00030002-0000-0000-0000-000000000006')
ON CONFLICT DO NOTHING;
INSERT INTO process_executions (id, org_id, process_id, status, started_at, completed_at, duration_min, executed_by)
VALUES ('0003000c-0000-0000-0000-00000000001b', '00030001-0000-0000-0000-000000000001', '0003000b-0000-0000-0000-000000000007', 'RUNNING'::process_execution_status, '2025-05-10', NULL, 107, '00030002-0000-0000-0000-00000000000d')
ON CONFLICT DO NOTHING;
INSERT INTO processes (id, org_id, code, name, owner_id, is_active, avg_duration_min)
VALUES ('0003000b-0000-0000-0000-000000000008', '00030001-0000-0000-0000-000000000001', 'P-008', 'Security audit', '00030002-0000-0000-0000-00000000000e', TRUE, 111)
ON CONFLICT (org_id, code) DO NOTHING;
INSERT INTO process_executions (id, org_id, process_id, status, started_at, completed_at, duration_min, executed_by)
VALUES ('0003000c-0000-0000-0000-00000000001d', '00030001-0000-0000-0000-000000000001', '0003000b-0000-0000-0000-000000000008', 'COMPLETED'::process_execution_status, '2026-01-23', '2026-01-23', 46, '00030002-0000-0000-0000-000000000002')
ON CONFLICT DO NOTHING;
INSERT INTO process_executions (id, org_id, process_id, status, started_at, completed_at, duration_min, executed_by)
VALUES ('0003000c-0000-0000-0000-00000000001e', '00030001-0000-0000-0000-000000000001', '0003000b-0000-0000-0000-000000000008', 'COMPLETED'::process_execution_status, '2026-01-07', '2026-01-07', 176, '00030002-0000-0000-0000-000000000003')
ON CONFLICT DO NOTHING;
INSERT INTO process_executions (id, org_id, process_id, status, started_at, completed_at, duration_min, executed_by)
VALUES ('0003000c-0000-0000-0000-00000000001f', '00030001-0000-0000-0000-000000000001', '0003000b-0000-0000-0000-000000000008', 'FAILED'::process_execution_status, '2025-08-27', '2025-08-27', 64, '00030002-0000-0000-0000-00000000000b')
ON CONFLICT DO NOTHING;
INSERT INTO processes (id, org_id, code, name, owner_id, is_active, avg_duration_min)
VALUES ('0003000b-0000-0000-0000-000000000009', '00030001-0000-0000-0000-000000000001', 'P-009', 'Capability assessment', '00030002-0000-0000-0000-00000000000c', TRUE, 34)
ON CONFLICT (org_id, code) DO NOTHING;
INSERT INTO process_executions (id, org_id, process_id, status, started_at, completed_at, duration_min, executed_by)
VALUES ('0003000c-0000-0000-0000-000000000021', '00030001-0000-0000-0000-000000000001', '0003000b-0000-0000-0000-000000000009', 'FAILED'::process_execution_status, '2026-01-10', '2026-01-10', 123, '00030002-0000-0000-0000-00000000000e')
ON CONFLICT DO NOTHING;
INSERT INTO process_executions (id, org_id, process_id, status, started_at, completed_at, duration_min, executed_by)
VALUES ('0003000c-0000-0000-0000-000000000022', '00030001-0000-0000-0000-000000000001', '0003000b-0000-0000-0000-000000000009', 'COMPLETED'::process_execution_status, '2025-04-14', '2025-04-14', 35, '00030002-0000-0000-0000-000000000003')
ON CONFLICT DO NOTHING;
INSERT INTO process_executions (id, org_id, process_id, status, started_at, completed_at, duration_min, executed_by)
VALUES ('0003000c-0000-0000-0000-000000000023', '00030001-0000-0000-0000-000000000001', '0003000b-0000-0000-0000-000000000009', 'COMPLETED'::process_execution_status, '2025-12-27', '2025-12-27', 108, '00030002-0000-0000-0000-000000000006')
ON CONFLICT DO NOTHING;
INSERT INTO processes (id, org_id, code, name, owner_id, is_active, avg_duration_min)
VALUES ('0003000b-0000-0000-0000-00000000000a', '00030001-0000-0000-0000-000000000001', 'P-010', 'Quarterly OKR review', '00030002-0000-0000-0000-000000000007', TRUE, 55)
ON CONFLICT (org_id, code) DO NOTHING;
INSERT INTO process_executions (id, org_id, process_id, status, started_at, completed_at, duration_min, executed_by)
VALUES ('0003000c-0000-0000-0000-000000000025', '00030001-0000-0000-0000-000000000001', '0003000b-0000-0000-0000-00000000000a', 'COMPLETED'::process_execution_status, '2025-07-05', '2025-07-05', 80, '00030002-0000-0000-0000-00000000000b')
ON CONFLICT DO NOTHING;
INSERT INTO process_executions (id, org_id, process_id, status, started_at, completed_at, duration_min, executed_by)
VALUES ('0003000c-0000-0000-0000-000000000026', '00030001-0000-0000-0000-000000000001', '0003000b-0000-0000-0000-00000000000a', 'COMPLETED'::process_execution_status, '2025-07-06', '2025-07-06', 151, '00030002-0000-0000-0000-00000000000a')
ON CONFLICT DO NOTHING;
INSERT INTO process_executions (id, org_id, process_id, status, started_at, completed_at, duration_min, executed_by)
VALUES ('0003000c-0000-0000-0000-000000000027', '00030001-0000-0000-0000-000000000001', '0003000b-0000-0000-0000-00000000000a', 'RUNNING'::process_execution_status, '2026-02-17', NULL, 16, '00030002-0000-0000-0000-00000000000e')
ON CONFLICT DO NOTHING;

INSERT INTO non_conformances (id, org_id, code, title, severity, status, process_id, reported_by, assigned_to, detected_at, closed_at)
VALUES ('0003000d-0000-0000-0000-000000000001', '00030001-0000-0000-0000-000000000001', 'NC-001', 'Produktionsincident – API timeout', 'CRITICAL'::nc_severity, 'OPEN'::nc_status, '0003000b-0000-0000-0000-000000000009', '00030002-0000-0000-0000-00000000000a', '00030002-0000-0000-0000-000000000009', '2025-06-14', NULL)
ON CONFLICT (org_id, code) DO NOTHING;
INSERT INTO non_conformances (id, org_id, code, title, severity, status, process_id, reported_by, assigned_to, detected_at, closed_at)
VALUES ('0003000d-0000-0000-0000-000000000002', '00030001-0000-0000-0000-000000000001', 'NC-002', 'GDPR-brott – loggning PII', 'MAJOR'::nc_severity, 'CLOSED'::nc_status, '0003000b-0000-0000-0000-000000000001', '00030002-0000-0000-0000-00000000000d', '00030002-0000-0000-0000-00000000000f', '2025-09-17', '2025-12-01')
ON CONFLICT (org_id, code) DO NOTHING;
INSERT INTO non_conformances (id, org_id, code, title, severity, status, process_id, reported_by, assigned_to, detected_at, closed_at)
VALUES ('0003000d-0000-0000-0000-000000000003', '00030001-0000-0000-0000-000000000001', 'NC-003', 'Deploy utan code review', 'MINOR'::nc_severity, 'CLOSED'::nc_status, '0003000b-0000-0000-0000-000000000002', '00030002-0000-0000-0000-000000000004', '00030002-0000-0000-0000-000000000008', '2025-11-09', '2025-12-28')
ON CONFLICT (org_id, code) DO NOTHING;
INSERT INTO non_conformances (id, org_id, code, title, severity, status, process_id, reported_by, assigned_to, detected_at, closed_at)
VALUES ('0003000d-0000-0000-0000-000000000004', '00030001-0000-0000-0000-000000000001', 'NC-004', 'Missad SLA – Scania', 'MAJOR'::nc_severity, 'ACTION_PLANNED'::nc_status, '0003000b-0000-0000-0000-000000000009', '00030002-0000-0000-0000-00000000000f', '00030002-0000-0000-0000-000000000001', '2025-04-06', NULL)
ON CONFLICT (org_id, code) DO NOTHING;
INSERT INTO non_conformances (id, org_id, code, title, severity, status, process_id, reported_by, assigned_to, detected_at, closed_at)
VALUES ('0003000d-0000-0000-0000-000000000005', '00030001-0000-0000-0000-000000000001', 'NC-005', 'Kapacitetsgap frontend', 'OBSERVATION'::nc_severity, 'OPEN'::nc_status, '0003000b-0000-0000-0000-000000000003', '00030002-0000-0000-0000-000000000007', '00030002-0000-0000-0000-00000000000e', '2025-08-10', NULL)
ON CONFLICT (org_id, code) DO NOTHING;
INSERT INTO non_conformances (id, org_id, code, title, severity, status, process_id, reported_by, assigned_to, detected_at, closed_at)
VALUES ('0003000d-0000-0000-0000-000000000006', '00030001-0000-0000-0000-000000000001', 'NC-006', 'Felaktig FX-konvertering faktura', 'MINOR'::nc_severity, 'ACTION_PLANNED'::nc_status, '0003000b-0000-0000-0000-000000000006', '00030002-0000-0000-0000-000000000009', '00030002-0000-0000-0000-00000000000b', '2025-10-02', NULL)
ON CONFLICT (org_id, code) DO NOTHING;

INSERT INTO risks (id, org_id, code, title, category, probability, impact, risk_level, mitigation, owner_id, process_id, review_date)
VALUES ('0003000e-0000-0000-0000-000000000001', '00030001-0000-0000-0000-000000000001', 'R-001', 'Nyckelutvecklare lämnar', 'STRATEGIC'::risk_category, 3, 5, 'CRITICAL'::risk_level, 'Retention-program + dokumentation', '00030002-0000-0000-0000-000000000003', '0003000b-0000-0000-0000-000000000008', '2025-04-07')
ON CONFLICT (org_id, code) DO NOTHING;
INSERT INTO risks (id, org_id, code, title, category, probability, impact, risk_level, mitigation, owner_id, process_id, review_date)
VALUES ('0003000e-0000-0000-0000-000000000002', '00030001-0000-0000-0000-000000000001', 'R-002', 'AWS region-outage', 'TECHNICAL'::risk_category, 2, 5, 'HIGH'::risk_level, 'Multi-region fallback', '00030002-0000-0000-0000-000000000001', '0003000b-0000-0000-0000-00000000000a', '2025-04-04')
ON CONFLICT (org_id, code) DO NOTHING;
INSERT INTO risks (id, org_id, code, title, category, probability, impact, risk_level, mitigation, owner_id, process_id, review_date)
VALUES ('0003000e-0000-0000-0000-000000000003', '00030001-0000-0000-0000-000000000001', 'R-003', 'Valutarisk EUR/USD/SEK', 'FINANCIAL'::risk_category, 3, 3, 'MEDIUM'::risk_level, 'Hedging via forward-kontrakt', '00030002-0000-0000-0000-000000000001', '0003000b-0000-0000-0000-000000000005', '2025-06-19')
ON CONFLICT (org_id, code) DO NOTHING;
INSERT INTO risks (id, org_id, code, title, category, probability, impact, risk_level, mitigation, owner_id, process_id, review_date)
VALUES ('0003000e-0000-0000-0000-000000000004', '00030001-0000-0000-0000-000000000001', 'R-004', 'GDPR compliance-risk', 'LEGAL'::risk_category, 2, 5, 'HIGH'::risk_level, 'Halvårlig GDPR-audit', '00030002-0000-0000-0000-000000000001', '0003000b-0000-0000-0000-000000000001', '2025-09-20')
ON CONFLICT (org_id, code) DO NOTHING;

INSERT INTO kpis (id, org_id, name, value, target, unit, status, period, measured_at)
VALUES ('0003000f-0000-0000-0000-000000000001', '00030001-0000-0000-0000-000000000001', 'Omsättning', 1839393.1, 1833333.3333333333, 'SEK', 'GREEN', '2025-03', '2025-03-28')
ON CONFLICT DO NOTHING;
INSERT INTO kpis (id, org_id, name, value, target, unit, status, period, measured_at)
VALUES ('0003000f-0000-0000-0000-000000000002', '00030001-0000-0000-0000-000000000001', 'Antal deals', 42.6, 40, 'st', 'GREEN', '2025-03', '2025-03-28')
ON CONFLICT DO NOTHING;
INSERT INTO kpis (id, org_id, name, value, target, unit, status, period, measured_at)
VALUES ('0003000f-0000-0000-0000-000000000003', '00030001-0000-0000-0000-000000000001', 'Kundnöjdhet', 85.0, 85, '%', 'GREEN', '2025-03', '2025-03-28')
ON CONFLICT DO NOTHING;
INSERT INTO kpis (id, org_id, name, value, target, unit, status, period, measured_at)
VALUES ('0003000f-0000-0000-0000-000000000004', '00030001-0000-0000-0000-000000000001', 'Ledtid', 4.8, 5, 'dagar', 'GREEN', '2025-03', '2025-03-28')
ON CONFLICT DO NOTHING;
INSERT INTO kpis (id, org_id, name, value, target, unit, status, period, measured_at)
VALUES ('0003000f-0000-0000-0000-000000000005', '00030001-0000-0000-0000-000000000001', 'Avvikelser', 2.2, 2, 'st', 'GREEN', '2025-03', '2025-03-28')
ON CONFLICT DO NOTHING;
INSERT INTO kpis (id, org_id, name, value, target, unit, status, period, measured_at)
VALUES ('0003000f-0000-0000-0000-000000000006', '00030001-0000-0000-0000-000000000001', 'Omsättning', 1450558.8, 1833333.3333333333, 'SEK', 'YELLOW', '2025-04', '2025-04-28')
ON CONFLICT DO NOTHING;
INSERT INTO kpis (id, org_id, name, value, target, unit, status, period, measured_at)
VALUES ('0003000f-0000-0000-0000-000000000007', '00030001-0000-0000-0000-000000000001', 'Antal deals', 40.7, 40, 'st', 'GREEN', '2025-04', '2025-04-28')
ON CONFLICT DO NOTHING;
INSERT INTO kpis (id, org_id, name, value, target, unit, status, period, measured_at)
VALUES ('0003000f-0000-0000-0000-000000000008', '00030001-0000-0000-0000-000000000001', 'Kundnöjdhet', 89.9, 85, '%', 'GREEN', '2025-04', '2025-04-28')
ON CONFLICT DO NOTHING;
INSERT INTO kpis (id, org_id, name, value, target, unit, status, period, measured_at)
VALUES ('0003000f-0000-0000-0000-000000000009', '00030001-0000-0000-0000-000000000001', 'Ledtid', 4.4, 5, 'dagar', 'YELLOW', '2025-04', '2025-04-28')
ON CONFLICT DO NOTHING;
INSERT INTO kpis (id, org_id, name, value, target, unit, status, period, measured_at)
VALUES ('0003000f-0000-0000-0000-00000000000a', '00030001-0000-0000-0000-000000000001', 'Avvikelser', 1.8, 2, 'st', 'GREEN', '2025-04', '2025-04-28')
ON CONFLICT DO NOTHING;
INSERT INTO kpis (id, org_id, name, value, target, unit, status, period, measured_at)
VALUES ('0003000f-0000-0000-0000-00000000000b', '00030001-0000-0000-0000-000000000001', 'Omsättning', 1843696.0, 1833333.3333333333, 'SEK', 'GREEN', '2025-05', '2025-05-28')
ON CONFLICT DO NOTHING;
INSERT INTO kpis (id, org_id, name, value, target, unit, status, period, measured_at)
VALUES ('0003000f-0000-0000-0000-00000000000c', '00030001-0000-0000-0000-000000000001', 'Antal deals', 34.1, 40, 'st', 'YELLOW', '2025-05', '2025-05-28')
ON CONFLICT DO NOTHING;
INSERT INTO kpis (id, org_id, name, value, target, unit, status, period, measured_at)
VALUES ('0003000f-0000-0000-0000-00000000000d', '00030001-0000-0000-0000-000000000001', 'Kundnöjdhet', 98.1, 85, '%', 'GREEN', '2025-05', '2025-05-28')
ON CONFLICT DO NOTHING;
INSERT INTO kpis (id, org_id, name, value, target, unit, status, period, measured_at)
VALUES ('0003000f-0000-0000-0000-00000000000e', '00030001-0000-0000-0000-000000000001', 'Ledtid', 5.1, 5, 'dagar', 'GREEN', '2025-05', '2025-05-28')
ON CONFLICT DO NOTHING;
INSERT INTO kpis (id, org_id, name, value, target, unit, status, period, measured_at)
VALUES ('0003000f-0000-0000-0000-00000000000f', '00030001-0000-0000-0000-000000000001', 'Avvikelser', 1.9, 2, 'st', 'GREEN', '2025-05', '2025-05-28')
ON CONFLICT DO NOTHING;
INSERT INTO kpis (id, org_id, name, value, target, unit, status, period, measured_at)
VALUES ('0003000f-0000-0000-0000-000000000010', '00030001-0000-0000-0000-000000000001', 'Omsättning', 1956436.4, 1833333.3333333333, 'SEK', 'GREEN', '2025-06', '2025-06-28')
ON CONFLICT DO NOTHING;
INSERT INTO kpis (id, org_id, name, value, target, unit, status, period, measured_at)
VALUES ('0003000f-0000-0000-0000-000000000011', '00030001-0000-0000-0000-000000000001', 'Antal deals', 46.7, 40, 'st', 'GREEN', '2025-06', '2025-06-28')
ON CONFLICT DO NOTHING;
INSERT INTO kpis (id, org_id, name, value, target, unit, status, period, measured_at)
VALUES ('0003000f-0000-0000-0000-000000000012', '00030001-0000-0000-0000-000000000001', 'Kundnöjdhet', 92.7, 85, '%', 'GREEN', '2025-06', '2025-06-28')
ON CONFLICT DO NOTHING;
INSERT INTO kpis (id, org_id, name, value, target, unit, status, period, measured_at)
VALUES ('0003000f-0000-0000-0000-000000000013', '00030001-0000-0000-0000-000000000001', 'Ledtid', 3.9, 5, 'dagar', 'YELLOW', '2025-06', '2025-06-28')
ON CONFLICT DO NOTHING;
INSERT INTO kpis (id, org_id, name, value, target, unit, status, period, measured_at)
VALUES ('0003000f-0000-0000-0000-000000000014', '00030001-0000-0000-0000-000000000001', 'Avvikelser', 2.2, 2, 'st', 'GREEN', '2025-06', '2025-06-28')
ON CONFLICT DO NOTHING;
INSERT INTO kpis (id, org_id, name, value, target, unit, status, period, measured_at)
VALUES ('0003000f-0000-0000-0000-000000000015', '00030001-0000-0000-0000-000000000001', 'Omsättning', 2044128.5, 1833333.3333333333, 'SEK', 'GREEN', '2025-07', '2025-07-28')
ON CONFLICT DO NOTHING;
INSERT INTO kpis (id, org_id, name, value, target, unit, status, period, measured_at)
VALUES ('0003000f-0000-0000-0000-000000000016', '00030001-0000-0000-0000-000000000001', 'Antal deals', 46.9, 40, 'st', 'GREEN', '2025-07', '2025-07-28')
ON CONFLICT DO NOTHING;
INSERT INTO kpis (id, org_id, name, value, target, unit, status, period, measured_at)
VALUES ('0003000f-0000-0000-0000-000000000017', '00030001-0000-0000-0000-000000000001', 'Kundnöjdhet', 66.2, 85, '%', 'YELLOW', '2025-07', '2025-07-28')
ON CONFLICT DO NOTHING;
INSERT INTO kpis (id, org_id, name, value, target, unit, status, period, measured_at)
VALUES ('0003000f-0000-0000-0000-000000000018', '00030001-0000-0000-0000-000000000001', 'Ledtid', 4.0, 5, 'dagar', 'YELLOW', '2025-07', '2025-07-28')
ON CONFLICT DO NOTHING;
INSERT INTO kpis (id, org_id, name, value, target, unit, status, period, measured_at)
VALUES ('0003000f-0000-0000-0000-000000000019', '00030001-0000-0000-0000-000000000001', 'Avvikelser', 1.9, 2, 'st', 'GREEN', '2025-07', '2025-07-28')
ON CONFLICT DO NOTHING;
INSERT INTO kpis (id, org_id, name, value, target, unit, status, period, measured_at)
VALUES ('0003000f-0000-0000-0000-00000000001a', '00030001-0000-0000-0000-000000000001', 'Omsättning', 1790590.9, 1833333.3333333333, 'SEK', 'GREEN', '2025-08', '2025-08-28')
ON CONFLICT DO NOTHING;
INSERT INTO kpis (id, org_id, name, value, target, unit, status, period, measured_at)
VALUES ('0003000f-0000-0000-0000-00000000001b', '00030001-0000-0000-0000-000000000001', 'Antal deals', 42.2, 40, 'st', 'GREEN', '2025-08', '2025-08-28')
ON CONFLICT DO NOTHING;
INSERT INTO kpis (id, org_id, name, value, target, unit, status, period, measured_at)
VALUES ('0003000f-0000-0000-0000-00000000001c', '00030001-0000-0000-0000-000000000001', 'Kundnöjdhet', 76.9, 85, '%', 'GREEN', '2025-08', '2025-08-28')
ON CONFLICT DO NOTHING;
INSERT INTO kpis (id, org_id, name, value, target, unit, status, period, measured_at)
VALUES ('0003000f-0000-0000-0000-00000000001d', '00030001-0000-0000-0000-000000000001', 'Ledtid', 5.6, 5, 'dagar', 'GREEN', '2025-08', '2025-08-28')
ON CONFLICT DO NOTHING;
INSERT INTO kpis (id, org_id, name, value, target, unit, status, period, measured_at)
VALUES ('0003000f-0000-0000-0000-00000000001e', '00030001-0000-0000-0000-000000000001', 'Avvikelser', 2.2, 2, 'st', 'GREEN', '2025-08', '2025-08-28')
ON CONFLICT DO NOTHING;
INSERT INTO kpis (id, org_id, name, value, target, unit, status, period, measured_at)
VALUES ('0003000f-0000-0000-0000-00000000001f', '00030001-0000-0000-0000-000000000001', 'Omsättning', 1484489.4, 1833333.3333333333, 'SEK', 'YELLOW', '2025-09', '2025-09-28')
ON CONFLICT DO NOTHING;
INSERT INTO kpis (id, org_id, name, value, target, unit, status, period, measured_at)
VALUES ('0003000f-0000-0000-0000-000000000020', '00030001-0000-0000-0000-000000000001', 'Antal deals', 44.2, 40, 'st', 'GREEN', '2025-09', '2025-09-28')
ON CONFLICT DO NOTHING;
INSERT INTO kpis (id, org_id, name, value, target, unit, status, period, measured_at)
VALUES ('0003000f-0000-0000-0000-000000000021', '00030001-0000-0000-0000-000000000001', 'Kundnöjdhet', 93.6, 85, '%', 'GREEN', '2025-09', '2025-09-28')
ON CONFLICT DO NOTHING;
INSERT INTO kpis (id, org_id, name, value, target, unit, status, period, measured_at)
VALUES ('0003000f-0000-0000-0000-000000000022', '00030001-0000-0000-0000-000000000001', 'Ledtid', 4.2, 5, 'dagar', 'YELLOW', '2025-09', '2025-09-28')
ON CONFLICT DO NOTHING;
INSERT INTO kpis (id, org_id, name, value, target, unit, status, period, measured_at)
VALUES ('0003000f-0000-0000-0000-000000000023', '00030001-0000-0000-0000-000000000001', 'Avvikelser', 2.5, 2, 'st', 'GREEN', '2025-09', '2025-09-28')
ON CONFLICT DO NOTHING;
INSERT INTO kpis (id, org_id, name, value, target, unit, status, period, measured_at)
VALUES ('0003000f-0000-0000-0000-000000000024', '00030001-0000-0000-0000-000000000001', 'Omsättning', 1854421.6, 1833333.3333333333, 'SEK', 'GREEN', '2025-10', '2025-10-28')
ON CONFLICT DO NOTHING;
INSERT INTO kpis (id, org_id, name, value, target, unit, status, period, measured_at)
VALUES ('0003000f-0000-0000-0000-000000000025', '00030001-0000-0000-0000-000000000001', 'Antal deals', 45.7, 40, 'st', 'GREEN', '2025-10', '2025-10-28')
ON CONFLICT DO NOTHING;
INSERT INTO kpis (id, org_id, name, value, target, unit, status, period, measured_at)
VALUES ('0003000f-0000-0000-0000-000000000026', '00030001-0000-0000-0000-000000000001', 'Kundnöjdhet', 94.4, 85, '%', 'GREEN', '2025-10', '2025-10-28')
ON CONFLICT DO NOTHING;
INSERT INTO kpis (id, org_id, name, value, target, unit, status, period, measured_at)
VALUES ('0003000f-0000-0000-0000-000000000027', '00030001-0000-0000-0000-000000000001', 'Ledtid', 4.2, 5, 'dagar', 'YELLOW', '2025-10', '2025-10-28')
ON CONFLICT DO NOTHING;
INSERT INTO kpis (id, org_id, name, value, target, unit, status, period, measured_at)
VALUES ('0003000f-0000-0000-0000-000000000028', '00030001-0000-0000-0000-000000000001', 'Avvikelser', 1.6, 2, 'st', 'YELLOW', '2025-10', '2025-10-28')
ON CONFLICT DO NOTHING;
INSERT INTO kpis (id, org_id, name, value, target, unit, status, period, measured_at)
VALUES ('0003000f-0000-0000-0000-000000000029', '00030001-0000-0000-0000-000000000001', 'Omsättning', 2091030.3, 1833333.3333333333, 'SEK', 'GREEN', '2025-11', '2025-11-28')
ON CONFLICT DO NOTHING;
INSERT INTO kpis (id, org_id, name, value, target, unit, status, period, measured_at)
VALUES ('0003000f-0000-0000-0000-00000000002a', '00030001-0000-0000-0000-000000000001', 'Antal deals', 35.4, 40, 'st', 'YELLOW', '2025-11', '2025-11-28')
ON CONFLICT DO NOTHING;
INSERT INTO kpis (id, org_id, name, value, target, unit, status, period, measured_at)
VALUES ('0003000f-0000-0000-0000-00000000002b', '00030001-0000-0000-0000-000000000001', 'Kundnöjdhet', 101.4, 85, '%', 'GREEN', '2025-11', '2025-11-28')
ON CONFLICT DO NOTHING;
INSERT INTO kpis (id, org_id, name, value, target, unit, status, period, measured_at)
VALUES ('0003000f-0000-0000-0000-00000000002c', '00030001-0000-0000-0000-000000000001', 'Ledtid', 5.7, 5, 'dagar', 'GREEN', '2025-11', '2025-11-28')
ON CONFLICT DO NOTHING;
INSERT INTO kpis (id, org_id, name, value, target, unit, status, period, measured_at)
VALUES ('0003000f-0000-0000-0000-00000000002d', '00030001-0000-0000-0000-000000000001', 'Avvikelser', 1.5, 2, 'st', 'YELLOW', '2025-11', '2025-11-28')
ON CONFLICT DO NOTHING;
INSERT INTO kpis (id, org_id, name, value, target, unit, status, period, measured_at)
VALUES ('0003000f-0000-0000-0000-00000000002e', '00030001-0000-0000-0000-000000000001', 'Omsättning', 2114848.9, 1833333.3333333333, 'SEK', 'GREEN', '2025-12', '2025-12-28')
ON CONFLICT DO NOTHING;
INSERT INTO kpis (id, org_id, name, value, target, unit, status, period, measured_at)
VALUES ('0003000f-0000-0000-0000-00000000002f', '00030001-0000-0000-0000-000000000001', 'Antal deals', 35.4, 40, 'st', 'YELLOW', '2025-12', '2025-12-28')
ON CONFLICT DO NOTHING;
INSERT INTO kpis (id, org_id, name, value, target, unit, status, period, measured_at)
VALUES ('0003000f-0000-0000-0000-000000000030', '00030001-0000-0000-0000-000000000001', 'Kundnöjdhet', 66.5, 85, '%', 'YELLOW', '2025-12', '2025-12-28')
ON CONFLICT DO NOTHING;
INSERT INTO kpis (id, org_id, name, value, target, unit, status, period, measured_at)
VALUES ('0003000f-0000-0000-0000-000000000031', '00030001-0000-0000-0000-000000000001', 'Ledtid', 5.5, 5, 'dagar', 'GREEN', '2025-12', '2025-12-28')
ON CONFLICT DO NOTHING;
INSERT INTO kpis (id, org_id, name, value, target, unit, status, period, measured_at)
VALUES ('0003000f-0000-0000-0000-000000000032', '00030001-0000-0000-0000-000000000001', 'Avvikelser', 2.1, 2, 'st', 'GREEN', '2025-12', '2025-12-28')
ON CONFLICT DO NOTHING;
INSERT INTO kpis (id, org_id, name, value, target, unit, status, period, measured_at)
VALUES ('0003000f-0000-0000-0000-000000000033', '00030001-0000-0000-0000-000000000001', 'Omsättning', 1445647.5, 1833333.3333333333, 'SEK', 'YELLOW', '2026-01', '2026-01-28')
ON CONFLICT DO NOTHING;
INSERT INTO kpis (id, org_id, name, value, target, unit, status, period, measured_at)
VALUES ('0003000f-0000-0000-0000-000000000034', '00030001-0000-0000-0000-000000000001', 'Antal deals', 39.1, 40, 'st', 'GREEN', '2026-01', '2026-01-28')
ON CONFLICT DO NOTHING;
INSERT INTO kpis (id, org_id, name, value, target, unit, status, period, measured_at)
VALUES ('0003000f-0000-0000-0000-000000000035', '00030001-0000-0000-0000-000000000001', 'Kundnöjdhet', 79.1, 85, '%', 'GREEN', '2026-01', '2026-01-28')
ON CONFLICT DO NOTHING;
INSERT INTO kpis (id, org_id, name, value, target, unit, status, period, measured_at)
VALUES ('0003000f-0000-0000-0000-000000000036', '00030001-0000-0000-0000-000000000001', 'Ledtid', 5.0, 5, 'dagar', 'GREEN', '2026-01', '2026-01-28')
ON CONFLICT DO NOTHING;
INSERT INTO kpis (id, org_id, name, value, target, unit, status, period, measured_at)
VALUES ('0003000f-0000-0000-0000-000000000037', '00030001-0000-0000-0000-000000000001', 'Avvikelser', 2.1, 2, 'st', 'GREEN', '2026-01', '2026-01-28')
ON CONFLICT DO NOTHING;
INSERT INTO kpis (id, org_id, name, value, target, unit, status, period, measured_at)
VALUES ('0003000f-0000-0000-0000-000000000038', '00030001-0000-0000-0000-000000000001', 'Omsättning', 1712047.1, 1833333.3333333333, 'SEK', 'GREEN', '2026-02', '2026-02-28')
ON CONFLICT DO NOTHING;
INSERT INTO kpis (id, org_id, name, value, target, unit, status, period, measured_at)
VALUES ('0003000f-0000-0000-0000-000000000039', '00030001-0000-0000-0000-000000000001', 'Antal deals', 35.1, 40, 'st', 'YELLOW', '2026-02', '2026-02-28')
ON CONFLICT DO NOTHING;
INSERT INTO kpis (id, org_id, name, value, target, unit, status, period, measured_at)
VALUES ('0003000f-0000-0000-0000-00000000003a', '00030001-0000-0000-0000-000000000001', 'Kundnöjdhet', 68.1, 85, '%', 'YELLOW', '2026-02', '2026-02-28')
ON CONFLICT DO NOTHING;
INSERT INTO kpis (id, org_id, name, value, target, unit, status, period, measured_at)
VALUES ('0003000f-0000-0000-0000-00000000003b', '00030001-0000-0000-0000-000000000001', 'Ledtid', 5.2, 5, 'dagar', 'GREEN', '2026-02', '2026-02-28')
ON CONFLICT DO NOTHING;
INSERT INTO kpis (id, org_id, name, value, target, unit, status, period, measured_at)
VALUES ('0003000f-0000-0000-0000-00000000003c', '00030001-0000-0000-0000-000000000001', 'Avvikelser', 2.2, 2, 'st', 'GREEN', '2026-02', '2026-02-28')
ON CONFLICT DO NOTHING;

INSERT INTO goals (id, org_id, title, current_value, target_value, unit, status, start_date, end_date, owner_id, created_by)
VALUES ('00030011-0000-0000-0000-000000000001', '00030001-0000-0000-0000-000000000001', 'Öka omsättning med 15%', 2159561.1, 3300000.0, 'SEK', 'AT_RISK'::goal_status, '2025-03-01', '2026-02-28', '00030002-0000-0000-0000-000000000004', '00030002-0000-0000-0000-000000000001')
ON CONFLICT DO NOTHING;
INSERT INTO goals (id, org_id, title, current_value, target_value, unit, status, start_date, end_date, owner_id, created_by)
VALUES ('00030011-0000-0000-0000-000000000002', '00030001-0000-0000-0000-000000000001', 'Minska avvikelser till <3/månad', 1.6, 3, 'st', 'ACTIVE'::goal_status, '2025-03-01', '2026-02-28', '00030002-0000-0000-0000-000000000001', '00030002-0000-0000-0000-000000000001')
ON CONFLICT DO NOTHING;
INSERT INTO goals (id, org_id, title, current_value, target_value, unit, status, start_date, end_date, owner_id, created_by)
VALUES ('00030011-0000-0000-0000-000000000003', '00030001-0000-0000-0000-000000000001', 'Kundnöjdhet > 90%', 53.2, 90, '%', 'ON_TRACK'::goal_status, '2025-03-01', '2026-02-28', '00030002-0000-0000-0000-000000000008', '00030002-0000-0000-0000-000000000001')
ON CONFLICT DO NOTHING;


-- ============================================================
-- ORG 4: Svensson Snickeri
-- ============================================================

INSERT INTO organizations (id, name, slug, domain, reporting_currency, settings)
VALUES ('00040001-0000-0000-0000-000000000001', 'Svensson Snickeri', 'svensson-snickeri', 'svenssonsnickeri.se', 'SEK', '{}'::JSONB)
ON CONFLICT (slug) DO NOTHING;

INSERT INTO users (id, org_id, email, full_name, role, title)
VALUES ('00040002-0000-0000-0000-000000000001', '00040001-0000-0000-0000-000000000001', 'goran.svensson@svenssonsnickeri.se', 'Göran Svensson', 'ADMIN'::user_role, 'Ägare/Snickare')
ON CONFLICT (org_id, email) DO NOTHING;
INSERT INTO users (id, org_id, email, full_name, role, title)
VALUES ('00040002-0000-0000-0000-000000000002', '00040001-0000-0000-0000-000000000001', 'niklas.persson@svenssonsnickeri.se', 'Niklas Persson', 'OPS'::user_role, 'Snickare')
ON CONFLICT (org_id, email) DO NOTHING;
INSERT INTO users (id, org_id, email, full_name, role, title)
VALUES ('00040002-0000-0000-0000-000000000003', '00040001-0000-0000-0000-000000000001', 'helena.svensson@svenssonsnickeri.se', 'Helena Svensson', 'FINANCE'::user_role, 'Administratör')
ON CONFLICT (org_id, email) DO NOTHING;

INSERT INTO companies (id, org_id, name, industry, country, created_by)
VALUES ('00040003-0000-0000-0000-000000000001', '00040001-0000-0000-0000-000000000001', 'Byggmax AB', 'Byggmaterial', 'SE', '00040002-0000-0000-0000-000000000001')
ON CONFLICT DO NOTHING;
INSERT INTO companies (id, org_id, name, industry, country, created_by)
VALUES ('00040003-0000-0000-0000-000000000002', '00040001-0000-0000-0000-000000000001', 'Optimera Sverige AB', 'Byggvaror', 'SE', '00040002-0000-0000-0000-000000000001')
ON CONFLICT DO NOTHING;
INSERT INTO companies (id, org_id, name, industry, country, created_by)
VALUES ('00040003-0000-0000-0000-000000000003', '00040001-0000-0000-0000-000000000001', 'Würth Sverige AB', 'Verktyg och fästen', 'SE', '00040002-0000-0000-0000-000000000001')
ON CONFLICT DO NOTHING;
INSERT INTO companies (id, org_id, name, industry, country, created_by)
VALUES ('00040003-0000-0000-0000-000000000004', '00040001-0000-0000-0000-000000000001', 'Bauhaus AB', 'Byggmaterial', 'SE', '00040002-0000-0000-0000-000000000001')
ON CONFLICT DO NOTHING;
INSERT INTO companies (id, org_id, name, industry, country, created_by)
VALUES ('00040003-0000-0000-0000-000000000005', '00040001-0000-0000-0000-000000000001', 'K-rauta AB', 'Järnhandel', 'SE', '00040002-0000-0000-0000-000000000001')
ON CONFLICT DO NOTHING;
INSERT INTO companies (id, org_id, name, industry, country, city, created_by)
VALUES ('00040003-0000-0000-0000-000000000006', '00040001-0000-0000-0000-000000000001', 'Persson Invest AB', 'Hantverkstjänster', 'SE', 'Uppsala', '00040002-0000-0000-0000-000000000001')
ON CONFLICT DO NOTHING;
INSERT INTO companies (id, org_id, name, industry, country, city, created_by)
VALUES ('00040003-0000-0000-0000-000000000007', '00040001-0000-0000-0000-000000000001', 'Nilsson Partner AB', 'Hantverkstjänster', 'SE', 'Uppsala', '00040002-0000-0000-0000-000000000001')
ON CONFLICT DO NOTHING;
INSERT INTO companies (id, org_id, name, industry, country, city, created_by)
VALUES ('00040003-0000-0000-0000-000000000008', '00040001-0000-0000-0000-000000000001', 'Lindgren Service AB', 'Hantverkstjänster', 'SE', 'Uppsala', '00040002-0000-0000-0000-000000000001')
ON CONFLICT DO NOTHING;
INSERT INTO companies (id, org_id, name, industry, country, city, created_by)
VALUES ('00040003-0000-0000-0000-000000000009', '00040001-0000-0000-0000-000000000001', 'Lindgren Partner AB', 'Hantverkstjänster', 'SE', 'Uppsala', '00040002-0000-0000-0000-000000000001')
ON CONFLICT DO NOTHING;
INSERT INTO companies (id, org_id, name, industry, country, city, created_by)
VALUES ('00040003-0000-0000-0000-00000000000a', '00040001-0000-0000-0000-000000000001', 'Björn Lösningar AB', 'Hantverkstjänster', 'SE', 'Uppsala', '00040002-0000-0000-0000-000000000001')
ON CONFLICT DO NOTHING;
INSERT INTO companies (id, org_id, name, industry, country, city, created_by)
VALUES ('00040003-0000-0000-0000-00000000000b', '00040001-0000-0000-0000-000000000001', 'Karlsson Service AB', 'Hantverkstjänster', 'SE', 'Uppsala', '00040002-0000-0000-0000-000000000001')
ON CONFLICT DO NOTHING;
INSERT INTO companies (id, org_id, name, industry, country, city, created_by)
VALUES ('00040003-0000-0000-0000-00000000000c', '00040001-0000-0000-0000-000000000001', 'Karlsson Fastigheter AB', 'Hantverkstjänster', 'SE', 'Uppsala', '00040002-0000-0000-0000-000000000001')
ON CONFLICT DO NOTHING;
INSERT INTO companies (id, org_id, name, industry, country, city, created_by)
VALUES ('00040003-0000-0000-0000-00000000000d', '00040001-0000-0000-0000-000000000001', 'Persson Handel AB', 'Hantverkstjänster', 'SE', 'Uppsala', '00040002-0000-0000-0000-000000000001')
ON CONFLICT DO NOTHING;
INSERT INTO companies (id, org_id, name, industry, country, city, created_by)
VALUES ('00040003-0000-0000-0000-00000000000e', '00040001-0000-0000-0000-000000000001', 'Nilsson Partner AB', 'Hantverkstjänster', 'SE', 'Uppsala', '00040002-0000-0000-0000-000000000001')
ON CONFLICT DO NOTHING;
INSERT INTO companies (id, org_id, name, industry, country, city, created_by)
VALUES ('00040003-0000-0000-0000-00000000000f', '00040001-0000-0000-0000-000000000001', 'Karlsson Projekt AB', 'Hantverkstjänster', 'SE', 'Uppsala', '00040002-0000-0000-0000-000000000001')
ON CONFLICT DO NOTHING;
INSERT INTO companies (id, org_id, name, industry, country, city, created_by)
VALUES ('00040003-0000-0000-0000-000000000010', '00040001-0000-0000-0000-000000000001', 'Ek Lösningar AB', 'Hantverkstjänster', 'SE', 'Uppsala', '00040002-0000-0000-0000-000000000001')
ON CONFLICT DO NOTHING;
INSERT INTO companies (id, org_id, name, industry, country, city, created_by)
VALUES ('00040003-0000-0000-0000-000000000011', '00040001-0000-0000-0000-000000000001', 'Björn Bygg AB', 'Hantverkstjänster', 'SE', 'Uppsala', '00040002-0000-0000-0000-000000000001')
ON CONFLICT DO NOTHING;
INSERT INTO companies (id, org_id, name, industry, country, city, created_by)
VALUES ('00040003-0000-0000-0000-000000000012', '00040001-0000-0000-0000-000000000001', 'Berg Fastigheter AB', 'Hantverkstjänster', 'SE', 'Uppsala', '00040002-0000-0000-0000-000000000001')
ON CONFLICT DO NOTHING;
INSERT INTO companies (id, org_id, name, industry, country, city, created_by)
VALUES ('00040003-0000-0000-0000-000000000013', '00040001-0000-0000-0000-000000000001', 'Björn Handel AB', 'Hantverkstjänster', 'SE', 'Uppsala', '00040002-0000-0000-0000-000000000001')
ON CONFLICT DO NOTHING;
INSERT INTO companies (id, org_id, name, industry, country, city, created_by)
VALUES ('00040003-0000-0000-0000-000000000014', '00040001-0000-0000-0000-000000000001', 'Ek Lösningar AB', 'Hantverkstjänster', 'SE', 'Uppsala', '00040002-0000-0000-0000-000000000001')
ON CONFLICT DO NOTHING;
INSERT INTO companies (id, org_id, name, industry, country, city, created_by)
VALUES ('00040003-0000-0000-0000-000000000015', '00040001-0000-0000-0000-000000000001', 'Lindgren Projekt AB', 'Hantverkstjänster', 'SE', 'Uppsala', '00040002-0000-0000-0000-000000000001')
ON CONFLICT DO NOTHING;
INSERT INTO companies (id, org_id, name, industry, country, city, created_by)
VALUES ('00040003-0000-0000-0000-000000000016', '00040001-0000-0000-0000-000000000001', 'Björn Projekt AB', 'Hantverkstjänster', 'SE', 'Uppsala', '00040002-0000-0000-0000-000000000001')
ON CONFLICT DO NOTHING;
INSERT INTO companies (id, org_id, name, industry, country, city, created_by)
VALUES ('00040003-0000-0000-0000-000000000017', '00040001-0000-0000-0000-000000000001', 'Lindgren Handel AB', 'Hantverkstjänster', 'SE', 'Uppsala', '00040002-0000-0000-0000-000000000001')
ON CONFLICT DO NOTHING;
INSERT INTO companies (id, org_id, name, industry, country, city, created_by)
VALUES ('00040003-0000-0000-0000-000000000018', '00040001-0000-0000-0000-000000000001', 'Persson Fastigheter AB', 'Hantverkstjänster', 'SE', 'Uppsala', '00040002-0000-0000-0000-000000000001')
ON CONFLICT DO NOTHING;
INSERT INTO companies (id, org_id, name, industry, country, city, created_by)
VALUES ('00040003-0000-0000-0000-000000000019', '00040001-0000-0000-0000-000000000001', 'Holm Fastigheter AB', 'Hantverkstjänster', 'SE', 'Uppsala', '00040002-0000-0000-0000-000000000001')
ON CONFLICT DO NOTHING;
INSERT INTO companies (id, org_id, name, industry, country, city, created_by)
VALUES ('00040003-0000-0000-0000-00000000001a', '00040001-0000-0000-0000-000000000001', 'Lindgren Service AB', 'Hantverkstjänster', 'SE', 'Uppsala', '00040002-0000-0000-0000-000000000001')
ON CONFLICT DO NOTHING;
INSERT INTO companies (id, org_id, name, industry, country, city, created_by)
VALUES ('00040003-0000-0000-0000-00000000001b', '00040001-0000-0000-0000-000000000001', 'Nilsson Service AB', 'Hantverkstjänster', 'SE', 'Uppsala', '00040002-0000-0000-0000-000000000001')
ON CONFLICT DO NOTHING;
INSERT INTO companies (id, org_id, name, industry, country, city, created_by)
VALUES ('00040003-0000-0000-0000-00000000001c', '00040001-0000-0000-0000-000000000001', 'Nilsson Partner AB', 'Hantverkstjänster', 'SE', 'Uppsala', '00040002-0000-0000-0000-000000000001')
ON CONFLICT DO NOTHING;
INSERT INTO companies (id, org_id, name, industry, country, city, created_by)
VALUES ('00040003-0000-0000-0000-00000000001d', '00040001-0000-0000-0000-000000000001', 'Ek Bygg AB', 'Hantverkstjänster', 'SE', 'Uppsala', '00040002-0000-0000-0000-000000000001')
ON CONFLICT DO NOTHING;
INSERT INTO companies (id, org_id, name, industry, country, city, created_by)
VALUES ('00040003-0000-0000-0000-00000000001e', '00040001-0000-0000-0000-000000000001', 'Lindgren Handel AB', 'Hantverkstjänster', 'SE', 'Uppsala', '00040002-0000-0000-0000-000000000001')
ON CONFLICT DO NOTHING;
INSERT INTO companies (id, org_id, name, industry, country, city, created_by)
VALUES ('00040003-0000-0000-0000-00000000001f', '00040001-0000-0000-0000-000000000001', 'Holm Projekt AB', 'Hantverkstjänster', 'SE', 'Uppsala', '00040002-0000-0000-0000-000000000001')
ON CONFLICT DO NOTHING;
INSERT INTO companies (id, org_id, name, industry, country, city, created_by)
VALUES ('00040003-0000-0000-0000-000000000020', '00040001-0000-0000-0000-000000000001', 'Nilsson Invest AB', 'Hantverkstjänster', 'SE', 'Uppsala', '00040002-0000-0000-0000-000000000001')
ON CONFLICT DO NOTHING;
INSERT INTO companies (id, org_id, name, industry, country, city, created_by)
VALUES ('00040003-0000-0000-0000-000000000021', '00040001-0000-0000-0000-000000000001', 'Ek Bygg AB', 'Hantverkstjänster', 'SE', 'Uppsala', '00040002-0000-0000-0000-000000000001')
ON CONFLICT DO NOTHING;
INSERT INTO companies (id, org_id, name, industry, country, city, created_by)
VALUES ('00040003-0000-0000-0000-000000000022', '00040001-0000-0000-0000-000000000001', 'Nilsson Handel AB', 'Hantverkstjänster', 'SE', 'Uppsala', '00040002-0000-0000-0000-000000000001')
ON CONFLICT DO NOTHING;
INSERT INTO companies (id, org_id, name, industry, country, city, created_by)
VALUES ('00040003-0000-0000-0000-000000000023', '00040001-0000-0000-0000-000000000001', 'Holm Service AB', 'Hantverkstjänster', 'SE', 'Uppsala', '00040002-0000-0000-0000-000000000001')
ON CONFLICT DO NOTHING;

INSERT INTO contacts (id, org_id, company_id, first_name, last_name, email, created_by)
VALUES ('00040004-0000-0000-0000-000000000001', '00040001-0000-0000-0000-000000000001', '00040003-0000-0000-0000-000000000006', 'Erik', 'Björk', 'erik.björk@example.com', '00040002-0000-0000-0000-000000000001')
ON CONFLICT DO NOTHING;
INSERT INTO contacts (id, org_id, company_id, first_name, last_name, email, created_by)
VALUES ('00040004-0000-0000-0000-000000000002', '00040001-0000-0000-0000-000000000001', '00040003-0000-0000-0000-000000000021', 'Peter', 'Johansson', 'peter.johansson@example.com', '00040002-0000-0000-0000-000000000001')
ON CONFLICT DO NOTHING;
INSERT INTO contacts (id, org_id, company_id, first_name, last_name, email, created_by)
VALUES ('00040004-0000-0000-0000-000000000003', '00040001-0000-0000-0000-000000000001', '00040003-0000-0000-0000-00000000001a', 'Eva', 'Holm', 'eva.holm@example.com', '00040002-0000-0000-0000-000000000001')
ON CONFLICT DO NOTHING;
INSERT INTO contacts (id, org_id, company_id, first_name, last_name, email, created_by)
VALUES ('00040004-0000-0000-0000-000000000004', '00040001-0000-0000-0000-000000000001', '00040003-0000-0000-0000-000000000004', 'Sara', 'Berg', 'sara.berg@example.com', '00040002-0000-0000-0000-000000000001')
ON CONFLICT DO NOTHING;
INSERT INTO contacts (id, org_id, company_id, first_name, last_name, email, created_by)
VALUES ('00040004-0000-0000-0000-000000000005', '00040001-0000-0000-0000-000000000001', '00040003-0000-0000-0000-000000000009', 'Johan', 'Holm', 'johan.holm@example.com', '00040002-0000-0000-0000-000000000001')
ON CONFLICT DO NOTHING;
INSERT INTO contacts (id, org_id, company_id, first_name, last_name, email, created_by)
VALUES ('00040004-0000-0000-0000-000000000006', '00040001-0000-0000-0000-000000000001', '00040003-0000-0000-0000-000000000011', 'Kristina', 'Karlsson', 'kristina.karlsson@example.com', '00040002-0000-0000-0000-000000000001')
ON CONFLICT DO NOTHING;
INSERT INTO contacts (id, org_id, company_id, first_name, last_name, email, created_by)
VALUES ('00040004-0000-0000-0000-000000000007', '00040001-0000-0000-0000-000000000001', '00040003-0000-0000-0000-00000000001a', 'Emma', 'Nyman', 'emma.nyman@example.com', '00040002-0000-0000-0000-000000000001')
ON CONFLICT DO NOTHING;
INSERT INTO contacts (id, org_id, company_id, first_name, last_name, email, created_by)
VALUES ('00040004-0000-0000-0000-000000000008', '00040001-0000-0000-0000-000000000001', '00040003-0000-0000-0000-000000000015', 'Marcus', 'Ekström', 'marcus.ekström@example.com', '00040002-0000-0000-0000-000000000001')
ON CONFLICT DO NOTHING;
INSERT INTO contacts (id, org_id, company_id, first_name, last_name, email, created_by)
VALUES ('00040004-0000-0000-0000-000000000009', '00040001-0000-0000-0000-000000000001', '00040003-0000-0000-0000-000000000012', 'Emma', 'Andersson', 'emma.andersson@example.com', '00040002-0000-0000-0000-000000000001')
ON CONFLICT DO NOTHING;
INSERT INTO contacts (id, org_id, company_id, first_name, last_name, email, created_by)
VALUES ('00040004-0000-0000-0000-00000000000a', '00040001-0000-0000-0000-000000000001', '00040003-0000-0000-0000-00000000000d', 'Kristina', 'Johansson', 'kristina.johansson@example.com', '00040002-0000-0000-0000-000000000001')
ON CONFLICT DO NOTHING;
INSERT INTO contacts (id, org_id, company_id, first_name, last_name, email, created_by)
VALUES ('00040004-0000-0000-0000-00000000000b', '00040001-0000-0000-0000-000000000001', '00040003-0000-0000-0000-000000000007', 'Eva', 'Strand', 'eva.strand@example.com', '00040002-0000-0000-0000-000000000001')
ON CONFLICT DO NOTHING;
INSERT INTO contacts (id, org_id, company_id, first_name, last_name, email, created_by)
VALUES ('00040004-0000-0000-0000-00000000000c', '00040001-0000-0000-0000-000000000001', '00040003-0000-0000-0000-00000000000b', 'Eva', 'Johansson', 'eva.johansson@example.com', '00040002-0000-0000-0000-000000000001')
ON CONFLICT DO NOTHING;
INSERT INTO contacts (id, org_id, company_id, first_name, last_name, email, created_by)
VALUES ('00040004-0000-0000-0000-00000000000d', '00040001-0000-0000-0000-000000000001', '00040003-0000-0000-0000-000000000015', 'Erik', 'Andersson', 'erik.andersson@example.com', '00040002-0000-0000-0000-000000000001')
ON CONFLICT DO NOTHING;
INSERT INTO contacts (id, org_id, company_id, first_name, last_name, email, created_by)
VALUES ('00040004-0000-0000-0000-00000000000e', '00040001-0000-0000-0000-000000000001', '00040003-0000-0000-0000-000000000023', 'Johan', 'Johansson', 'johan.johansson@example.com', '00040002-0000-0000-0000-000000000001')
ON CONFLICT DO NOTHING;
INSERT INTO contacts (id, org_id, company_id, first_name, last_name, email, created_by)
VALUES ('00040004-0000-0000-0000-00000000000f', '00040001-0000-0000-0000-000000000001', '00040003-0000-0000-0000-00000000000e', 'Maja', 'Strand', 'maja.strand@example.com', '00040002-0000-0000-0000-000000000001')
ON CONFLICT DO NOTHING;
INSERT INTO contacts (id, org_id, company_id, first_name, last_name, email, created_by)
VALUES ('00040004-0000-0000-0000-000000000010', '00040001-0000-0000-0000-000000000001', '00040003-0000-0000-0000-00000000001e', 'Erik', 'Karlsson', 'erik.karlsson@example.com', '00040002-0000-0000-0000-000000000001')
ON CONFLICT DO NOTHING;
INSERT INTO contacts (id, org_id, company_id, first_name, last_name, email, created_by)
VALUES ('00040004-0000-0000-0000-000000000011', '00040001-0000-0000-0000-000000000001', '00040003-0000-0000-0000-000000000008', 'Monica', 'Ekström', 'monica.ekström@example.com', '00040002-0000-0000-0000-000000000001')
ON CONFLICT DO NOTHING;
INSERT INTO contacts (id, org_id, company_id, first_name, last_name, email, created_by)
VALUES ('00040004-0000-0000-0000-000000000012', '00040001-0000-0000-0000-000000000001', '00040003-0000-0000-0000-000000000014', 'Sara', 'Nilsson', 'sara.nilsson@example.com', '00040002-0000-0000-0000-000000000001')
ON CONFLICT DO NOTHING;
INSERT INTO contacts (id, org_id, company_id, first_name, last_name, email, created_by)
VALUES ('00040004-0000-0000-0000-000000000013', '00040001-0000-0000-0000-000000000001', '00040003-0000-0000-0000-000000000003', 'Marcus', 'Björk', 'marcus.björk@example.com', '00040002-0000-0000-0000-000000000001')
ON CONFLICT DO NOTHING;
INSERT INTO contacts (id, org_id, company_id, first_name, last_name, email, created_by)
VALUES ('00040004-0000-0000-0000-000000000014', '00040001-0000-0000-0000-000000000001', '00040003-0000-0000-0000-000000000015', 'Helena', 'Ekström', 'helena.ekström@example.com', '00040002-0000-0000-0000-000000000001')
ON CONFLICT DO NOTHING;
INSERT INTO contacts (id, org_id, company_id, first_name, last_name, email, created_by)
VALUES ('00040004-0000-0000-0000-000000000015', '00040001-0000-0000-0000-000000000001', '00040003-0000-0000-0000-000000000010', 'Eva', 'Johansson', 'eva.johansson@example.com', '00040002-0000-0000-0000-000000000001')
ON CONFLICT DO NOTHING;
INSERT INTO contacts (id, org_id, company_id, first_name, last_name, email, created_by)
VALUES ('00040004-0000-0000-0000-000000000016', '00040001-0000-0000-0000-000000000001', '00040003-0000-0000-0000-000000000021', 'Maja', 'Persson', 'maja.persson@example.com', '00040002-0000-0000-0000-000000000001')
ON CONFLICT DO NOTHING;
INSERT INTO contacts (id, org_id, company_id, first_name, last_name, email, created_by)
VALUES ('00040004-0000-0000-0000-000000000017', '00040001-0000-0000-0000-000000000001', '00040003-0000-0000-0000-000000000014', 'Maria', 'Holm', 'maria.holm@example.com', '00040002-0000-0000-0000-000000000001')
ON CONFLICT DO NOTHING;
INSERT INTO contacts (id, org_id, company_id, first_name, last_name, email, created_by)
VALUES ('00040004-0000-0000-0000-000000000018', '00040001-0000-0000-0000-000000000001', '00040003-0000-0000-0000-00000000000c', 'Monica', 'Ekström', 'monica.ekström@example.com', '00040002-0000-0000-0000-000000000001')
ON CONFLICT DO NOTHING;
INSERT INTO contacts (id, org_id, company_id, first_name, last_name, email, created_by)
VALUES ('00040004-0000-0000-0000-000000000019', '00040001-0000-0000-0000-000000000001', '00040003-0000-0000-0000-00000000001d', 'Anna', 'Persson', 'anna.persson@example.com', '00040002-0000-0000-0000-000000000001')
ON CONFLICT DO NOTHING;
INSERT INTO contacts (id, org_id, company_id, first_name, last_name, email, created_by)
VALUES ('00040004-0000-0000-0000-00000000001a', '00040001-0000-0000-0000-000000000001', '00040003-0000-0000-0000-000000000010', 'Stefan', 'Björk', 'stefan.björk@example.com', '00040002-0000-0000-0000-000000000001')
ON CONFLICT DO NOTHING;
INSERT INTO contacts (id, org_id, company_id, first_name, last_name, email, created_by)
VALUES ('00040004-0000-0000-0000-00000000001b', '00040001-0000-0000-0000-000000000001', '00040003-0000-0000-0000-000000000007', 'Lena', 'Andersson', 'lena.andersson@example.com', '00040002-0000-0000-0000-000000000001')
ON CONFLICT DO NOTHING;
INSERT INTO contacts (id, org_id, company_id, first_name, last_name, email, created_by)
VALUES ('00040004-0000-0000-0000-00000000001c', '00040001-0000-0000-0000-000000000001', '00040003-0000-0000-0000-000000000001', 'Eva', 'Johansson', 'eva.johansson@example.com', '00040002-0000-0000-0000-000000000001')
ON CONFLICT DO NOTHING;
INSERT INTO contacts (id, org_id, company_id, first_name, last_name, email, created_by)
VALUES ('00040004-0000-0000-0000-00000000001d', '00040001-0000-0000-0000-000000000001', '00040003-0000-0000-0000-00000000000f', 'Maria', 'Ekström', 'maria.ekström@example.com', '00040002-0000-0000-0000-000000000001')
ON CONFLICT DO NOTHING;
INSERT INTO contacts (id, org_id, company_id, first_name, last_name, email, created_by)
VALUES ('00040004-0000-0000-0000-00000000001e', '00040001-0000-0000-0000-000000000001', '00040003-0000-0000-0000-00000000001a', 'Eva', 'Eriksson', 'eva.eriksson@example.com', '00040002-0000-0000-0000-000000000001')
ON CONFLICT DO NOTHING;
INSERT INTO contacts (id, org_id, company_id, first_name, last_name, email, created_by)
VALUES ('00040004-0000-0000-0000-00000000001f', '00040001-0000-0000-0000-000000000001', '00040003-0000-0000-0000-000000000006', 'Maja', 'Holm', 'maja.holm@example.com', '00040002-0000-0000-0000-000000000001')
ON CONFLICT DO NOTHING;
INSERT INTO contacts (id, org_id, company_id, first_name, last_name, email, created_by)
VALUES ('00040004-0000-0000-0000-000000000020', '00040001-0000-0000-0000-000000000001', '00040003-0000-0000-0000-000000000011', 'Peter', 'Berg', 'peter.berg@example.com', '00040002-0000-0000-0000-000000000001')
ON CONFLICT DO NOTHING;
INSERT INTO contacts (id, org_id, company_id, first_name, last_name, email, created_by)
VALUES ('00040004-0000-0000-0000-000000000021', '00040001-0000-0000-0000-000000000001', '00040003-0000-0000-0000-000000000005', 'Sara', 'Svensson', 'sara.svensson@example.com', '00040002-0000-0000-0000-000000000001')
ON CONFLICT DO NOTHING;
INSERT INTO contacts (id, org_id, company_id, first_name, last_name, email, created_by)
VALUES ('00040004-0000-0000-0000-000000000022', '00040001-0000-0000-0000-000000000001', '00040003-0000-0000-0000-00000000001d', 'Helena', 'Nyman', 'helena.nyman@example.com', '00040002-0000-0000-0000-000000000001')
ON CONFLICT DO NOTHING;
INSERT INTO contacts (id, org_id, company_id, first_name, last_name, email, created_by)
VALUES ('00040004-0000-0000-0000-000000000023', '00040001-0000-0000-0000-000000000001', '00040003-0000-0000-0000-000000000016', 'Eva', 'Johansson', 'eva.johansson@example.com', '00040002-0000-0000-0000-000000000001')
ON CONFLICT DO NOTHING;

INSERT INTO deals (id, org_id, company_id, contact_id, title, status, amount, currency, exchange_rate, reporting_amount, probability, expected_close, closed_at, assigned_to, created_by)
VALUES ('00040006-0000-0000-0000-000000000001', '00040001-0000-0000-0000-000000000001', '00040003-0000-0000-0000-00000000001a', '00040004-0000-0000-0000-000000000020', 'Kök renovering – fam. Lindgren #1', 'NEW'::deal_status, 98851.21, 'SEK', 1.0, 98851.21, 23, '2026-01-02', NULL, '00040002-0000-0000-0000-000000000001', '00040002-0000-0000-0000-000000000001')
ON CONFLICT DO NOTHING;
INSERT INTO deals (id, org_id, company_id, contact_id, title, status, amount, currency, exchange_rate, reporting_amount, probability, expected_close, closed_at, assigned_to, created_by)
VALUES ('00040006-0000-0000-0000-000000000002', '00040001-0000-0000-0000-000000000001', '00040003-0000-0000-0000-000000000012', '00040004-0000-0000-0000-00000000001d', 'Altan byggnad BRF Solbacken #2', 'OFFER'::deal_status, 32262.16, 'SEK', 1.0, 32262.16, 33, '2025-10-22', NULL, '00040002-0000-0000-0000-000000000001', '00040002-0000-0000-0000-000000000001')
ON CONFLICT DO NOTHING;
INSERT INTO deals (id, org_id, company_id, contact_id, title, status, amount, currency, exchange_rate, reporting_amount, probability, expected_close, closed_at, assigned_to, created_by)
VALUES ('00040006-0000-0000-0000-000000000003', '00040001-0000-0000-0000-000000000001', '00040003-0000-0000-0000-00000000001f', '00040004-0000-0000-0000-000000000004', 'Carport – Villa Rosenlund #3', 'NEW'::deal_status, 73322.17, 'SEK', 1.0, 73322.17, 51, '2026-02-14', NULL, '00040002-0000-0000-0000-000000000001', '00040002-0000-0000-0000-000000000001')
ON CONFLICT DO NOTHING;
INSERT INTO deals (id, org_id, company_id, contact_id, title, status, amount, currency, exchange_rate, reporting_amount, probability, expected_close, closed_at, assigned_to, created_by)
VALUES ('00040006-0000-0000-0000-000000000004', '00040001-0000-0000-0000-000000000001', '00040003-0000-0000-0000-000000000010', '00040004-0000-0000-0000-000000000023', 'Fönsterbyten 12 st – fam. Holm #4', 'DEMO'::deal_status, 29183.89, 'SEK', 1.0, 29183.89, 32, '2026-02-26', NULL, '00040002-0000-0000-0000-000000000001', '00040002-0000-0000-0000-000000000001')
ON CONFLICT DO NOTHING;
INSERT INTO deals (id, org_id, company_id, contact_id, title, status, amount, currency, exchange_rate, reporting_amount, probability, expected_close, closed_at, assigned_to, created_by)
VALUES ('00040006-0000-0000-0000-000000000005', '00040001-0000-0000-0000-000000000001', '00040003-0000-0000-0000-000000000021', '00040004-0000-0000-0000-000000000015', 'Inredning sovrum – fam. Berg #5', 'OFFER'::deal_status, 58818.85, 'SEK', 1.0, 58818.85, 70, '2025-12-18', NULL, '00040002-0000-0000-0000-000000000002', '00040002-0000-0000-0000-000000000001')
ON CONFLICT DO NOTHING;
INSERT INTO deals (id, org_id, company_id, contact_id, title, status, amount, currency, exchange_rate, reporting_amount, probability, expected_close, closed_at, assigned_to, created_by)
VALUES ('00040006-0000-0000-0000-000000000006', '00040001-0000-0000-0000-000000000001', '00040003-0000-0000-0000-000000000012', '00040004-0000-0000-0000-000000000004', 'Takbyte friggebod – Lars Nilsson #6', 'DEMO'::deal_status, 19563.14, 'SEK', 1.0, 19563.14, 58, '2025-06-28', NULL, '00040002-0000-0000-0000-000000000002', '00040002-0000-0000-0000-000000000001')
ON CONFLICT DO NOTHING;
INSERT INTO deals (id, org_id, company_id, contact_id, title, status, amount, currency, exchange_rate, reporting_amount, probability, expected_close, closed_at, assigned_to, created_by)
VALUES ('00040006-0000-0000-0000-000000000007', '00040001-0000-0000-0000-000000000001', '00040003-0000-0000-0000-000000000010', '00040004-0000-0000-0000-000000000010', 'Garagedörr installation #7', 'NEGOTIATION'::deal_status, 83669.03, 'SEK', 1.0, 83669.03, 34, '2025-07-11', NULL, '00040002-0000-0000-0000-000000000002', '00040002-0000-0000-0000-000000000001')
ON CONFLICT DO NOTHING;
INSERT INTO deals (id, org_id, company_id, contact_id, title, status, amount, currency, exchange_rate, reporting_amount, probability, expected_close, closed_at, assigned_to, created_by)
VALUES ('00040006-0000-0000-0000-000000000008', '00040001-0000-0000-0000-000000000001', '00040003-0000-0000-0000-000000000019', '00040004-0000-0000-0000-000000000017', 'Parkettläggning 80 kvm #8', 'NEGOTIATION'::deal_status, 83427.38, 'SEK', 1.0, 83427.38, 80, '2025-11-15', NULL, '00040002-0000-0000-0000-000000000001', '00040002-0000-0000-0000-000000000001')
ON CONFLICT DO NOTHING;
INSERT INTO deals (id, org_id, company_id, contact_id, title, status, amount, currency, exchange_rate, reporting_amount, probability, expected_close, closed_at, assigned_to, created_by)
VALUES ('00040006-0000-0000-0000-000000000009', '00040001-0000-0000-0000-000000000001', '00040003-0000-0000-0000-000000000002', '00040004-0000-0000-0000-000000000017', 'Kök renovering – fam. Lindgren #9', 'QUALIFIED'::deal_status, 68583.42, 'SEK', 1.0, 68583.42, 71, '2026-02-26', NULL, '00040002-0000-0000-0000-000000000003', '00040002-0000-0000-0000-000000000001')
ON CONFLICT DO NOTHING;
INSERT INTO deals (id, org_id, company_id, contact_id, title, status, amount, currency, exchange_rate, reporting_amount, probability, expected_close, closed_at, assigned_to, created_by)
VALUES ('00040006-0000-0000-0000-00000000000a', '00040001-0000-0000-0000-000000000001', '00040003-0000-0000-0000-000000000014', '00040004-0000-0000-0000-00000000000c', 'Altan byggnad BRF Solbacken #10', 'NEGOTIATION'::deal_status, 66038.27, 'SEK', 1.0, 66038.27, 32, '2026-01-16', NULL, '00040002-0000-0000-0000-000000000002', '00040002-0000-0000-0000-000000000001')
ON CONFLICT DO NOTHING;
INSERT INTO deals (id, org_id, company_id, contact_id, title, status, amount, currency, exchange_rate, reporting_amount, probability, expected_close, closed_at, assigned_to, created_by)
VALUES ('00040006-0000-0000-0000-00000000000b', '00040001-0000-0000-0000-000000000001', '00040003-0000-0000-0000-000000000022', '00040004-0000-0000-0000-00000000001f', 'Carport – Villa Rosenlund #11', 'NEW'::deal_status, 22168.38, 'SEK', 1.0, 22168.38, 58, '2025-06-26', NULL, '00040002-0000-0000-0000-000000000001', '00040002-0000-0000-0000-000000000001')
ON CONFLICT DO NOTHING;
INSERT INTO deals (id, org_id, company_id, contact_id, title, status, amount, currency, exchange_rate, reporting_amount, probability, expected_close, closed_at, assigned_to, created_by)
VALUES ('00040006-0000-0000-0000-00000000000c', '00040001-0000-0000-0000-000000000001', '00040003-0000-0000-0000-000000000004', '00040004-0000-0000-0000-000000000002', 'Fönsterbyten 12 st – fam. Holm #12', 'DEMO'::deal_status, 87096.24, 'SEK', 1.0, 87096.24, 41, '2025-11-11', NULL, '00040002-0000-0000-0000-000000000001', '00040002-0000-0000-0000-000000000001')
ON CONFLICT DO NOTHING;
INSERT INTO deals (id, org_id, company_id, contact_id, title, status, amount, currency, exchange_rate, reporting_amount, probability, expected_close, closed_at, assigned_to, created_by)
VALUES ('00040006-0000-0000-0000-00000000000d', '00040001-0000-0000-0000-000000000001', '00040003-0000-0000-0000-000000000005', '00040004-0000-0000-0000-000000000018', 'Inredning sovrum – fam. Berg #13', 'NEGOTIATION'::deal_status, 84320.18, 'SEK', 1.0, 84320.18, 74, '2026-01-10', NULL, '00040002-0000-0000-0000-000000000003', '00040002-0000-0000-0000-000000000001')
ON CONFLICT DO NOTHING;
INSERT INTO deals (id, org_id, company_id, contact_id, title, status, amount, currency, exchange_rate, reporting_amount, probability, expected_close, closed_at, assigned_to, created_by)
VALUES ('00040006-0000-0000-0000-00000000000e', '00040001-0000-0000-0000-000000000001', '00040003-0000-0000-0000-000000000015', '00040004-0000-0000-0000-000000000009', 'Takbyte friggebod – Lars Nilsson #14', 'WON'::deal_status, 68020.67, 'SEK', 1.0, 68020.67, 90, '2025-11-05', '2025-08-20', '00040002-0000-0000-0000-000000000001', '00040002-0000-0000-0000-000000000001')
ON CONFLICT DO NOTHING;
INSERT INTO deals (id, org_id, company_id, contact_id, title, status, amount, currency, exchange_rate, reporting_amount, probability, expected_close, closed_at, assigned_to, created_by)
VALUES ('00040006-0000-0000-0000-00000000000f', '00040001-0000-0000-0000-000000000001', '00040003-0000-0000-0000-000000000015', '00040004-0000-0000-0000-00000000000c', 'Garagedörr installation #15', 'WON'::deal_status, 85832.53, 'SEK', 1.0, 85832.53, 90, '2026-01-27', '2025-11-05', '00040002-0000-0000-0000-000000000003', '00040002-0000-0000-0000-000000000001')
ON CONFLICT DO NOTHING;
INSERT INTO deals (id, org_id, company_id, contact_id, title, status, amount, currency, exchange_rate, reporting_amount, probability, expected_close, closed_at, assigned_to, created_by)
VALUES ('00040006-0000-0000-0000-000000000010', '00040001-0000-0000-0000-000000000001', '00040003-0000-0000-0000-000000000014', '00040004-0000-0000-0000-000000000013', 'Parkettläggning 80 kvm #16', 'NEGOTIATION'::deal_status, 36626.3, 'SEK', 1.0, 36626.3, 57, '2025-12-08', NULL, '00040002-0000-0000-0000-000000000001', '00040002-0000-0000-0000-000000000001')
ON CONFLICT DO NOTHING;
INSERT INTO deals (id, org_id, company_id, contact_id, title, status, amount, currency, exchange_rate, reporting_amount, probability, expected_close, closed_at, assigned_to, created_by)
VALUES ('00040006-0000-0000-0000-000000000011', '00040001-0000-0000-0000-000000000001', '00040003-0000-0000-0000-000000000003', '00040004-0000-0000-0000-00000000000c', 'Kök renovering – fam. Lindgren #17', 'QUALIFIED'::deal_status, 99414.36, 'SEK', 1.0, 99414.36, 80, '2026-02-07', NULL, '00040002-0000-0000-0000-000000000003', '00040002-0000-0000-0000-000000000001')
ON CONFLICT DO NOTHING;
INSERT INTO deals (id, org_id, company_id, contact_id, title, status, amount, currency, exchange_rate, reporting_amount, probability, expected_close, closed_at, assigned_to, created_by)
VALUES ('00040006-0000-0000-0000-000000000012', '00040001-0000-0000-0000-000000000001', '00040003-0000-0000-0000-000000000016', '00040004-0000-0000-0000-000000000005', 'Altan byggnad BRF Solbacken #18', 'DEMO'::deal_status, 72661.74, 'SEK', 1.0, 72661.74, 26, '2025-11-28', NULL, '00040002-0000-0000-0000-000000000001', '00040002-0000-0000-0000-000000000001')
ON CONFLICT DO NOTHING;
INSERT INTO deals (id, org_id, company_id, contact_id, title, status, amount, currency, exchange_rate, reporting_amount, probability, expected_close, closed_at, assigned_to, created_by)
VALUES ('00040006-0000-0000-0000-000000000013', '00040001-0000-0000-0000-000000000001', '00040003-0000-0000-0000-00000000001d', '00040004-0000-0000-0000-000000000001', 'Carport – Villa Rosenlund #19', 'DEMO'::deal_status, 31836.41, 'SEK', 1.0, 31836.41, 76, '2025-10-03', NULL, '00040002-0000-0000-0000-000000000002', '00040002-0000-0000-0000-000000000001')
ON CONFLICT DO NOTHING;
INSERT INTO deals (id, org_id, company_id, contact_id, title, status, amount, currency, exchange_rate, reporting_amount, probability, expected_close, closed_at, assigned_to, created_by)
VALUES ('00040006-0000-0000-0000-000000000014', '00040001-0000-0000-0000-000000000001', '00040003-0000-0000-0000-000000000007', '00040004-0000-0000-0000-000000000001', 'Fönsterbyten 12 st – fam. Holm #20', 'QUALIFIED'::deal_status, 77294.08, 'SEK', 1.0, 77294.08, 42, '2026-01-27', NULL, '00040002-0000-0000-0000-000000000001', '00040002-0000-0000-0000-000000000001')
ON CONFLICT DO NOTHING;
INSERT INTO deals (id, org_id, company_id, contact_id, title, status, amount, currency, exchange_rate, reporting_amount, probability, expected_close, closed_at, assigned_to, created_by)
VALUES ('00040006-0000-0000-0000-000000000015', '00040001-0000-0000-0000-000000000001', '00040003-0000-0000-0000-000000000019', '00040004-0000-0000-0000-000000000017', 'Inredning sovrum – fam. Berg #21', 'OFFER'::deal_status, 80704.43, 'SEK', 1.0, 80704.43, 30, '2026-02-01', NULL, '00040002-0000-0000-0000-000000000003', '00040002-0000-0000-0000-000000000001')
ON CONFLICT DO NOTHING;
INSERT INTO deals (id, org_id, company_id, contact_id, title, status, amount, currency, exchange_rate, reporting_amount, probability, expected_close, closed_at, assigned_to, created_by)
VALUES ('00040006-0000-0000-0000-000000000016', '00040001-0000-0000-0000-000000000001', '00040003-0000-0000-0000-00000000000b', '00040004-0000-0000-0000-00000000001d', 'Takbyte friggebod – Lars Nilsson #22', 'OFFER'::deal_status, 89031.37, 'SEK', 1.0, 89031.37, 70, '2026-01-18', NULL, '00040002-0000-0000-0000-000000000001', '00040002-0000-0000-0000-000000000001')
ON CONFLICT DO NOTHING;
INSERT INTO deals (id, org_id, company_id, contact_id, title, status, amount, currency, exchange_rate, reporting_amount, probability, expected_close, closed_at, assigned_to, created_by)
VALUES ('00040006-0000-0000-0000-000000000017', '00040001-0000-0000-0000-000000000001', '00040003-0000-0000-0000-000000000007', '00040004-0000-0000-0000-000000000005', 'Garagedörr installation #23', 'LOST'::deal_status, 42828.63, 'SEK', 1.0, 42828.63, 10, '2025-10-16', '2025-08-11', '00040002-0000-0000-0000-000000000002', '00040002-0000-0000-0000-000000000001')
ON CONFLICT DO NOTHING;
INSERT INTO deals (id, org_id, company_id, contact_id, title, status, amount, currency, exchange_rate, reporting_amount, probability, expected_close, closed_at, assigned_to, created_by)
VALUES ('00040006-0000-0000-0000-000000000018', '00040001-0000-0000-0000-000000000001', '00040003-0000-0000-0000-000000000016', '00040004-0000-0000-0000-00000000001f', 'Parkettläggning 80 kvm #24', 'QUALIFIED'::deal_status, 31232.12, 'SEK', 1.0, 31232.12, 24, '2025-12-17', NULL, '00040002-0000-0000-0000-000000000003', '00040002-0000-0000-0000-000000000001')
ON CONFLICT DO NOTHING;
INSERT INTO deals (id, org_id, company_id, contact_id, title, status, amount, currency, exchange_rate, reporting_amount, probability, expected_close, closed_at, assigned_to, created_by)
VALUES ('00040006-0000-0000-0000-000000000019', '00040001-0000-0000-0000-000000000001', '00040003-0000-0000-0000-00000000000b', '00040004-0000-0000-0000-000000000004', 'Kök renovering – fam. Lindgren #25', 'NEW'::deal_status, 98865.2, 'SEK', 1.0, 98865.2, 30, '2026-02-01', NULL, '00040002-0000-0000-0000-000000000001', '00040002-0000-0000-0000-000000000001')
ON CONFLICT DO NOTHING;
INSERT INTO deals (id, org_id, company_id, contact_id, title, status, amount, currency, exchange_rate, reporting_amount, probability, expected_close, closed_at, assigned_to, created_by)
VALUES ('00040006-0000-0000-0000-00000000001a', '00040001-0000-0000-0000-000000000001', '00040003-0000-0000-0000-000000000023', '00040004-0000-0000-0000-000000000011', 'Altan byggnad BRF Solbacken #26', 'DEMO'::deal_status, 101630.63, 'SEK', 1.0, 101630.63, 46, '2026-02-28', NULL, '00040002-0000-0000-0000-000000000003', '00040002-0000-0000-0000-000000000001')
ON CONFLICT DO NOTHING;
INSERT INTO deals (id, org_id, company_id, contact_id, title, status, amount, currency, exchange_rate, reporting_amount, probability, expected_close, closed_at, assigned_to, created_by)
VALUES ('00040006-0000-0000-0000-00000000001b', '00040001-0000-0000-0000-000000000001', '00040003-0000-0000-0000-000000000020', '00040004-0000-0000-0000-00000000000a', 'Carport – Villa Rosenlund #27', 'DEMO'::deal_status, 37864.76, 'SEK', 1.0, 37864.76, 23, '2026-02-11', NULL, '00040002-0000-0000-0000-000000000001', '00040002-0000-0000-0000-000000000001')
ON CONFLICT DO NOTHING;
INSERT INTO deals (id, org_id, company_id, contact_id, title, status, amount, currency, exchange_rate, reporting_amount, probability, expected_close, closed_at, assigned_to, created_by)
VALUES ('00040006-0000-0000-0000-00000000001c', '00040001-0000-0000-0000-000000000001', '00040003-0000-0000-0000-00000000001f', '00040004-0000-0000-0000-00000000000d', 'Fönsterbyten 12 st – fam. Holm #28', 'DEMO'::deal_status, 54312.05, 'SEK', 1.0, 54312.05, 38, '2026-02-22', NULL, '00040002-0000-0000-0000-000000000001', '00040002-0000-0000-0000-000000000001')
ON CONFLICT DO NOTHING;
INSERT INTO deals (id, org_id, company_id, contact_id, title, status, amount, currency, exchange_rate, reporting_amount, probability, expected_close, closed_at, assigned_to, created_by)
VALUES ('00040006-0000-0000-0000-00000000001d', '00040001-0000-0000-0000-000000000001', '00040003-0000-0000-0000-000000000008', '00040004-0000-0000-0000-000000000014', 'Inredning sovrum – fam. Berg #29', 'NEW'::deal_status, 32091.25, 'SEK', 1.0, 32091.25, 38, '2025-12-09', NULL, '00040002-0000-0000-0000-000000000002', '00040002-0000-0000-0000-000000000001')
ON CONFLICT DO NOTHING;
INSERT INTO deals (id, org_id, company_id, contact_id, title, status, amount, currency, exchange_rate, reporting_amount, probability, expected_close, closed_at, assigned_to, created_by)
VALUES ('00040006-0000-0000-0000-00000000001e', '00040001-0000-0000-0000-000000000001', '00040003-0000-0000-0000-000000000019', '00040004-0000-0000-0000-00000000000c', 'Takbyte friggebod – Lars Nilsson #30', 'OFFER'::deal_status, 94749.01, 'SEK', 1.0, 94749.01, 36, '2026-01-19', NULL, '00040002-0000-0000-0000-000000000002', '00040002-0000-0000-0000-000000000001')
ON CONFLICT DO NOTHING;
INSERT INTO deals (id, org_id, company_id, contact_id, title, status, amount, currency, exchange_rate, reporting_amount, probability, expected_close, closed_at, assigned_to, created_by)
VALUES ('00040006-0000-0000-0000-00000000001f', '00040001-0000-0000-0000-000000000001', '00040003-0000-0000-0000-00000000001e', '00040004-0000-0000-0000-000000000011', 'Garagedörr installation #31', 'OFFER'::deal_status, 33454.29, 'SEK', 1.0, 33454.29, 22, '2025-11-02', NULL, '00040002-0000-0000-0000-000000000001', '00040002-0000-0000-0000-000000000001')
ON CONFLICT DO NOTHING;
INSERT INTO deals (id, org_id, company_id, contact_id, title, status, amount, currency, exchange_rate, reporting_amount, probability, expected_close, closed_at, assigned_to, created_by)
VALUES ('00040006-0000-0000-0000-000000000020', '00040001-0000-0000-0000-000000000001', '00040003-0000-0000-0000-000000000006', '00040004-0000-0000-0000-000000000017', 'Parkettläggning 80 kvm #32', 'LOST'::deal_status, 66136.72, 'SEK', 1.0, 66136.72, 10, '2025-07-05', '2025-05-17', '00040002-0000-0000-0000-000000000003', '00040002-0000-0000-0000-000000000001')
ON CONFLICT DO NOTHING;
INSERT INTO deals (id, org_id, company_id, contact_id, title, status, amount, currency, exchange_rate, reporting_amount, probability, expected_close, closed_at, assigned_to, created_by)
VALUES ('00040006-0000-0000-0000-000000000021', '00040001-0000-0000-0000-000000000001', '00040003-0000-0000-0000-00000000001b', '00040004-0000-0000-0000-000000000023', 'Kök renovering – fam. Lindgren #33', 'OFFER'::deal_status, 65215.55, 'SEK', 1.0, 65215.55, 73, '2026-01-26', NULL, '00040002-0000-0000-0000-000000000003', '00040002-0000-0000-0000-000000000001')
ON CONFLICT DO NOTHING;
INSERT INTO deals (id, org_id, company_id, contact_id, title, status, amount, currency, exchange_rate, reporting_amount, probability, expected_close, closed_at, assigned_to, created_by)
VALUES ('00040006-0000-0000-0000-000000000022', '00040001-0000-0000-0000-000000000001', '00040003-0000-0000-0000-000000000014', '00040004-0000-0000-0000-000000000006', 'Altan byggnad BRF Solbacken #34', 'LOST'::deal_status, 66869.51, 'SEK', 1.0, 66869.51, 10, '2025-10-28', '2025-06-29', '00040002-0000-0000-0000-000000000002', '00040002-0000-0000-0000-000000000001')
ON CONFLICT DO NOTHING;
INSERT INTO deals (id, org_id, company_id, contact_id, title, status, amount, currency, exchange_rate, reporting_amount, probability, expected_close, closed_at, assigned_to, created_by)
VALUES ('00040006-0000-0000-0000-000000000023', '00040001-0000-0000-0000-000000000001', '00040003-0000-0000-0000-00000000000a', '00040004-0000-0000-0000-000000000008', 'Carport – Villa Rosenlund #35', 'LOST'::deal_status, 60758.78, 'SEK', 1.0, 60758.78, 10, '2026-02-01', '2025-11-20', '00040002-0000-0000-0000-000000000002', '00040002-0000-0000-0000-000000000001')
ON CONFLICT DO NOTHING;
INSERT INTO deals (id, org_id, company_id, contact_id, title, status, amount, currency, exchange_rate, reporting_amount, probability, expected_close, closed_at, assigned_to, created_by)
VALUES ('00040006-0000-0000-0000-000000000024', '00040001-0000-0000-0000-000000000001', '00040003-0000-0000-0000-000000000003', '00040004-0000-0000-0000-00000000001c', 'Fönsterbyten 12 st – fam. Holm #36', 'QUALIFIED'::deal_status, 101437.35, 'SEK', 1.0, 101437.35, 71, '2025-08-10', NULL, '00040002-0000-0000-0000-000000000001', '00040002-0000-0000-0000-000000000001')
ON CONFLICT DO NOTHING;
INSERT INTO deals (id, org_id, company_id, contact_id, title, status, amount, currency, exchange_rate, reporting_amount, probability, expected_close, closed_at, assigned_to, created_by)
VALUES ('00040006-0000-0000-0000-000000000025', '00040001-0000-0000-0000-000000000001', '00040003-0000-0000-0000-000000000011', '00040004-0000-0000-0000-000000000015', 'Inredning sovrum – fam. Berg #37', 'WON'::deal_status, 34781.48, 'SEK', 1.0, 34781.48, 90, '2026-01-25', '2026-01-16', '00040002-0000-0000-0000-000000000003', '00040002-0000-0000-0000-000000000001')
ON CONFLICT DO NOTHING;
INSERT INTO deals (id, org_id, company_id, contact_id, title, status, amount, currency, exchange_rate, reporting_amount, probability, expected_close, closed_at, assigned_to, created_by)
VALUES ('00040006-0000-0000-0000-000000000026', '00040001-0000-0000-0000-000000000001', '00040003-0000-0000-0000-000000000015', '00040004-0000-0000-0000-000000000012', 'Takbyte friggebod – Lars Nilsson #38', 'LOST'::deal_status, 24838.91, 'SEK', 1.0, 24838.91, 10, '2026-01-29', '2025-12-10', '00040002-0000-0000-0000-000000000003', '00040002-0000-0000-0000-000000000001')
ON CONFLICT DO NOTHING;
INSERT INTO deals (id, org_id, company_id, contact_id, title, status, amount, currency, exchange_rate, reporting_amount, probability, expected_close, closed_at, assigned_to, created_by)
VALUES ('00040006-0000-0000-0000-000000000027', '00040001-0000-0000-0000-000000000001', '00040003-0000-0000-0000-000000000008', '00040004-0000-0000-0000-00000000001b', 'Garagedörr installation #39', 'OFFER'::deal_status, 85374.57, 'SEK', 1.0, 85374.57, 59, '2026-02-17', NULL, '00040002-0000-0000-0000-000000000001', '00040002-0000-0000-0000-000000000001')
ON CONFLICT DO NOTHING;
INSERT INTO deals (id, org_id, company_id, contact_id, title, status, amount, currency, exchange_rate, reporting_amount, probability, expected_close, closed_at, assigned_to, created_by)
VALUES ('00040006-0000-0000-0000-000000000028', '00040001-0000-0000-0000-000000000001', '00040003-0000-0000-0000-000000000023', '00040004-0000-0000-0000-000000000017', 'Parkettläggning 80 kvm #40', 'QUALIFIED'::deal_status, 97349.55, 'SEK', 1.0, 97349.55, 56, '2025-09-14', NULL, '00040002-0000-0000-0000-000000000002', '00040002-0000-0000-0000-000000000001')
ON CONFLICT DO NOTHING;
INSERT INTO deals (id, org_id, company_id, contact_id, title, status, amount, currency, exchange_rate, reporting_amount, probability, expected_close, closed_at, assigned_to, created_by)
VALUES ('00040006-0000-0000-0000-000000000029', '00040001-0000-0000-0000-000000000001', '00040003-0000-0000-0000-000000000003', '00040004-0000-0000-0000-00000000000c', 'Kök renovering – fam. Lindgren #41', 'DEMO'::deal_status, 73972.01, 'SEK', 1.0, 73972.01, 56, '2026-02-05', NULL, '00040002-0000-0000-0000-000000000002', '00040002-0000-0000-0000-000000000001')
ON CONFLICT DO NOTHING;
INSERT INTO deals (id, org_id, company_id, contact_id, title, status, amount, currency, exchange_rate, reporting_amount, probability, expected_close, closed_at, assigned_to, created_by)
VALUES ('00040006-0000-0000-0000-00000000002a', '00040001-0000-0000-0000-000000000001', '00040003-0000-0000-0000-000000000003', '00040004-0000-0000-0000-00000000001a', 'Altan byggnad BRF Solbacken #42', 'OFFER'::deal_status, 70809.62, 'SEK', 1.0, 70809.62, 63, '2026-02-25', NULL, '00040002-0000-0000-0000-000000000002', '00040002-0000-0000-0000-000000000001')
ON CONFLICT DO NOTHING;
INSERT INTO deals (id, org_id, company_id, contact_id, title, status, amount, currency, exchange_rate, reporting_amount, probability, expected_close, closed_at, assigned_to, created_by)
VALUES ('00040006-0000-0000-0000-00000000002b', '00040001-0000-0000-0000-000000000001', '00040003-0000-0000-0000-000000000012', '00040004-0000-0000-0000-000000000018', 'Carport – Villa Rosenlund #43', 'WON'::deal_status, 21573.26, 'SEK', 1.0, 21573.26, 90, '2026-02-24', '2025-10-30', '00040002-0000-0000-0000-000000000001', '00040002-0000-0000-0000-000000000001')
ON CONFLICT DO NOTHING;
INSERT INTO deals (id, org_id, company_id, contact_id, title, status, amount, currency, exchange_rate, reporting_amount, probability, expected_close, closed_at, assigned_to, created_by)
VALUES ('00040006-0000-0000-0000-00000000002c', '00040001-0000-0000-0000-000000000001', '00040003-0000-0000-0000-000000000007', '00040004-0000-0000-0000-00000000000f', 'Fönsterbyten 12 st – fam. Holm #44', 'DEMO'::deal_status, 44216.77, 'SEK', 1.0, 44216.77, 73, '2026-02-24', NULL, '00040002-0000-0000-0000-000000000001', '00040002-0000-0000-0000-000000000001')
ON CONFLICT DO NOTHING;
INSERT INTO deals (id, org_id, company_id, contact_id, title, status, amount, currency, exchange_rate, reporting_amount, probability, expected_close, closed_at, assigned_to, created_by)
VALUES ('00040006-0000-0000-0000-00000000002d', '00040001-0000-0000-0000-000000000001', '00040003-0000-0000-0000-00000000001b', '00040004-0000-0000-0000-000000000006', 'Inredning sovrum – fam. Berg #45', 'DEMO'::deal_status, 84291.14, 'SEK', 1.0, 84291.14, 40, '2026-01-18', NULL, '00040002-0000-0000-0000-000000000001', '00040002-0000-0000-0000-000000000001')
ON CONFLICT DO NOTHING;
INSERT INTO deals (id, org_id, company_id, contact_id, title, status, amount, currency, exchange_rate, reporting_amount, probability, expected_close, closed_at, assigned_to, created_by)
VALUES ('00040006-0000-0000-0000-00000000002e', '00040001-0000-0000-0000-000000000001', '00040003-0000-0000-0000-000000000022', '00040004-0000-0000-0000-000000000018', 'Takbyte friggebod – Lars Nilsson #46', 'OFFER'::deal_status, 96354.76, 'SEK', 1.0, 96354.76, 46, '2026-02-09', NULL, '00040002-0000-0000-0000-000000000001', '00040002-0000-0000-0000-000000000001')
ON CONFLICT DO NOTHING;
INSERT INTO deals (id, org_id, company_id, contact_id, title, status, amount, currency, exchange_rate, reporting_amount, probability, expected_close, closed_at, assigned_to, created_by)
VALUES ('00040006-0000-0000-0000-00000000002f', '00040001-0000-0000-0000-000000000001', '00040003-0000-0000-0000-000000000009', '00040004-0000-0000-0000-000000000022', 'Garagedörr installation #47', 'NEGOTIATION'::deal_status, 22986.08, 'SEK', 1.0, 22986.08, 65, '2026-01-05', NULL, '00040002-0000-0000-0000-000000000003', '00040002-0000-0000-0000-000000000001')
ON CONFLICT DO NOTHING;
INSERT INTO deals (id, org_id, company_id, contact_id, title, status, amount, currency, exchange_rate, reporting_amount, probability, expected_close, closed_at, assigned_to, created_by)
VALUES ('00040006-0000-0000-0000-000000000030', '00040001-0000-0000-0000-000000000001', '00040003-0000-0000-0000-000000000010', '00040004-0000-0000-0000-000000000003', 'Parkettläggning 80 kvm #48', 'NEW'::deal_status, 33989.14, 'SEK', 1.0, 33989.14, 73, '2025-07-10', NULL, '00040002-0000-0000-0000-000000000002', '00040002-0000-0000-0000-000000000001')
ON CONFLICT DO NOTHING;
INSERT INTO deals (id, org_id, company_id, contact_id, title, status, amount, currency, exchange_rate, reporting_amount, probability, expected_close, closed_at, assigned_to, created_by)
VALUES ('00040006-0000-0000-0000-000000000031', '00040001-0000-0000-0000-000000000001', '00040003-0000-0000-0000-000000000021', '00040004-0000-0000-0000-00000000001a', 'Kök renovering – fam. Lindgren #49', 'NEW'::deal_status, 78285.63, 'SEK', 1.0, 78285.63, 37, '2026-01-01', NULL, '00040002-0000-0000-0000-000000000003', '00040002-0000-0000-0000-000000000001')
ON CONFLICT DO NOTHING;
INSERT INTO deals (id, org_id, company_id, contact_id, title, status, amount, currency, exchange_rate, reporting_amount, probability, expected_close, closed_at, assigned_to, created_by)
VALUES ('00040006-0000-0000-0000-000000000032', '00040001-0000-0000-0000-000000000001', '00040003-0000-0000-0000-00000000000c', '00040004-0000-0000-0000-00000000001f', 'Altan byggnad BRF Solbacken #50', 'NEW'::deal_status, 38244.64, 'SEK', 1.0, 38244.64, 51, '2026-01-27', NULL, '00040002-0000-0000-0000-000000000003', '00040002-0000-0000-0000-000000000001')
ON CONFLICT DO NOTHING;
INSERT INTO deals (id, org_id, company_id, contact_id, title, status, amount, currency, exchange_rate, reporting_amount, probability, expected_close, closed_at, assigned_to, created_by)
VALUES ('00040006-0000-0000-0000-000000000033', '00040001-0000-0000-0000-000000000001', '00040003-0000-0000-0000-000000000006', '00040004-0000-0000-0000-000000000013', 'Carport – Villa Rosenlund #51', 'NEGOTIATION'::deal_status, 47098.47, 'SEK', 1.0, 47098.47, 73, '2026-01-18', NULL, '00040002-0000-0000-0000-000000000001', '00040002-0000-0000-0000-000000000001')
ON CONFLICT DO NOTHING;
INSERT INTO deals (id, org_id, company_id, contact_id, title, status, amount, currency, exchange_rate, reporting_amount, probability, expected_close, closed_at, assigned_to, created_by)
VALUES ('00040006-0000-0000-0000-000000000034', '00040001-0000-0000-0000-000000000001', '00040003-0000-0000-0000-00000000000f', '00040004-0000-0000-0000-00000000000e', 'Fönsterbyten 12 st – fam. Holm #52', 'OFFER'::deal_status, 31405.45, 'SEK', 1.0, 31405.45, 56, '2025-10-09', NULL, '00040002-0000-0000-0000-000000000002', '00040002-0000-0000-0000-000000000001')
ON CONFLICT DO NOTHING;
INSERT INTO deals (id, org_id, company_id, contact_id, title, status, amount, currency, exchange_rate, reporting_amount, probability, expected_close, closed_at, assigned_to, created_by)
VALUES ('00040006-0000-0000-0000-000000000035', '00040001-0000-0000-0000-000000000001', '00040003-0000-0000-0000-00000000001f', '00040004-0000-0000-0000-000000000009', 'Inredning sovrum – fam. Berg #53', 'WON'::deal_status, 61726.26, 'SEK', 1.0, 61726.26, 90, '2026-02-13', '2026-02-13', '00040002-0000-0000-0000-000000000003', '00040002-0000-0000-0000-000000000001')
ON CONFLICT DO NOTHING;
INSERT INTO deals (id, org_id, company_id, contact_id, title, status, amount, currency, exchange_rate, reporting_amount, probability, expected_close, closed_at, assigned_to, created_by)
VALUES ('00040006-0000-0000-0000-000000000036', '00040001-0000-0000-0000-000000000001', '00040003-0000-0000-0000-000000000012', '00040004-0000-0000-0000-00000000001c', 'Takbyte friggebod – Lars Nilsson #54', 'QUALIFIED'::deal_status, 36672.41, 'SEK', 1.0, 36672.41, 58, '2026-02-02', NULL, '00040002-0000-0000-0000-000000000002', '00040002-0000-0000-0000-000000000001')
ON CONFLICT DO NOTHING;
INSERT INTO deals (id, org_id, company_id, contact_id, title, status, amount, currency, exchange_rate, reporting_amount, probability, expected_close, closed_at, assigned_to, created_by)
VALUES ('00040006-0000-0000-0000-000000000037', '00040001-0000-0000-0000-000000000001', '00040003-0000-0000-0000-000000000014', '00040004-0000-0000-0000-000000000022', 'Garagedörr installation #55', 'LOST'::deal_status, 57028.67, 'SEK', 1.0, 57028.67, 10, '2025-10-17', '2025-06-20', '00040002-0000-0000-0000-000000000003', '00040002-0000-0000-0000-000000000001')
ON CONFLICT DO NOTHING;

INSERT INTO tasks (id, org_id, title, status, priority, due_date, completed_at, deal_id, assigned_to, created_by)
VALUES ('00040007-0000-0000-0000-000000000001', '00040001-0000-0000-0000-000000000001', 'Förbered kvartalsrapport #1', 'DONE'::task_status, 5, '2025-04-22', '2025-04-22', NULL, '00040002-0000-0000-0000-000000000003', '00040002-0000-0000-0000-000000000001')
ON CONFLICT DO NOTHING;
INSERT INTO tasks (id, org_id, title, status, priority, due_date, completed_at, deal_id, assigned_to, created_by)
VALUES ('00040007-0000-0000-0000-000000000002', '00040001-0000-0000-0000-000000000001', 'Kundmöte bokas #2', 'REVIEW'::task_status, 5, '2026-01-26', NULL, '00040006-0000-0000-0000-000000000013', '00040002-0000-0000-0000-000000000002', '00040002-0000-0000-0000-000000000001')
ON CONFLICT DO NOTHING;
INSERT INTO tasks (id, org_id, title, status, priority, due_date, completed_at, deal_id, assigned_to, created_by)
VALUES ('00040007-0000-0000-0000-000000000003', '00040001-0000-0000-0000-000000000001', 'Kontrollera lager #3', 'TODO'::task_status, 4, '2025-04-02', NULL, NULL, '00040002-0000-0000-0000-000000000002', '00040002-0000-0000-0000-000000000001')
ON CONFLICT DO NOTHING;
INSERT INTO tasks (id, org_id, title, status, priority, due_date, completed_at, deal_id, assigned_to, created_by)
VALUES ('00040007-0000-0000-0000-000000000004', '00040001-0000-0000-0000-000000000001', 'Uppdatera rutinbeskrivning #4', 'REVIEW'::task_status, 3, '2025-07-12', NULL, '00040006-0000-0000-0000-00000000002a', '00040002-0000-0000-0000-000000000002', '00040002-0000-0000-0000-000000000001')
ON CONFLICT DO NOTHING;
INSERT INTO tasks (id, org_id, title, status, priority, due_date, completed_at, deal_id, assigned_to, created_by)
VALUES ('00040007-0000-0000-0000-000000000005', '00040001-0000-0000-0000-000000000001', 'Följ upp offert #5', 'IN_PROGRESS'::task_status, 2, '2025-11-20', NULL, '00040006-0000-0000-0000-000000000004', '00040002-0000-0000-0000-000000000003', '00040002-0000-0000-0000-000000000001')
ON CONFLICT DO NOTHING;
INSERT INTO tasks (id, org_id, title, status, priority, due_date, completed_at, deal_id, assigned_to, created_by)
VALUES ('00040007-0000-0000-0000-000000000006', '00040001-0000-0000-0000-000000000001', 'Skicka faktura #6', 'DONE'::task_status, 3, '2026-02-12', '2026-02-12', NULL, '00040002-0000-0000-0000-000000000001', '00040002-0000-0000-0000-000000000001')
ON CONFLICT DO NOTHING;
INSERT INTO tasks (id, org_id, title, status, priority, due_date, completed_at, deal_id, assigned_to, created_by)
VALUES ('00040007-0000-0000-0000-000000000007', '00040001-0000-0000-0000-000000000001', 'Boka service #7', 'DONE'::task_status, 3, '2025-07-11', '2025-07-11', '00040006-0000-0000-0000-00000000001a', '00040002-0000-0000-0000-000000000002', '00040002-0000-0000-0000-000000000001')
ON CONFLICT DO NOTHING;
INSERT INTO tasks (id, org_id, title, status, priority, due_date, completed_at, deal_id, assigned_to, created_by)
VALUES ('00040007-0000-0000-0000-000000000008', '00040001-0000-0000-0000-000000000001', 'Genomför riskbedömning #8', 'TODO'::task_status, 5, '2026-02-26', NULL, '00040006-0000-0000-0000-000000000035', '00040002-0000-0000-0000-000000000001', '00040002-0000-0000-0000-000000000001')
ON CONFLICT DO NOTHING;
INSERT INTO tasks (id, org_id, title, status, priority, due_date, completed_at, deal_id, assigned_to, created_by)
VALUES ('00040007-0000-0000-0000-000000000009', '00040001-0000-0000-0000-000000000001', 'Planera personalsamtal #9', 'REVIEW'::task_status, 2, '2026-02-15', NULL, '00040006-0000-0000-0000-000000000033', '00040002-0000-0000-0000-000000000002', '00040002-0000-0000-0000-000000000001')
ON CONFLICT DO NOTHING;
INSERT INTO tasks (id, org_id, title, status, priority, due_date, completed_at, deal_id, assigned_to, created_by)
VALUES ('00040007-0000-0000-0000-00000000000a', '00040001-0000-0000-0000-000000000001', 'Uppdatera process-dokumentation #10', 'REVIEW'::task_status, 5, '2025-08-01', NULL, '00040006-0000-0000-0000-000000000036', '00040002-0000-0000-0000-000000000003', '00040002-0000-0000-0000-000000000001')
ON CONFLICT DO NOTHING;
INSERT INTO tasks (id, org_id, title, status, priority, due_date, completed_at, deal_id, assigned_to, created_by)
VALUES ('00040007-0000-0000-0000-00000000000b', '00040001-0000-0000-0000-000000000001', 'Genomför internrevision #11', 'BLOCKED'::task_status, 2, '2025-07-29', NULL, NULL, '00040002-0000-0000-0000-000000000001', '00040002-0000-0000-0000-000000000001')
ON CONFLICT DO NOTHING;
INSERT INTO tasks (id, org_id, title, status, priority, due_date, completed_at, deal_id, assigned_to, created_by)
VALUES ('00040007-0000-0000-0000-00000000000c', '00040001-0000-0000-0000-000000000001', 'Följ upp NC #12', 'REVIEW'::task_status, 5, '2025-06-02', NULL, '00040006-0000-0000-0000-000000000016', '00040002-0000-0000-0000-000000000003', '00040002-0000-0000-0000-000000000001')
ON CONFLICT DO NOTHING;
INSERT INTO tasks (id, org_id, title, status, priority, due_date, completed_at, deal_id, assigned_to, created_by)
VALUES ('00040007-0000-0000-0000-00000000000d', '00040001-0000-0000-0000-000000000001', 'Upprätta handlingsplan #13', 'TODO'::task_status, 2, '2025-08-29', NULL, NULL, '00040002-0000-0000-0000-000000000002', '00040002-0000-0000-0000-000000000001')
ON CONFLICT DO NOTHING;
INSERT INTO tasks (id, org_id, title, status, priority, due_date, completed_at, deal_id, assigned_to, created_by)
VALUES ('00040007-0000-0000-0000-00000000000e', '00040001-0000-0000-0000-000000000001', 'Kontakta leverantör #14', 'DONE'::task_status, 3, '2025-09-07', '2025-09-07', NULL, '00040002-0000-0000-0000-000000000002', '00040002-0000-0000-0000-000000000001')
ON CONFLICT DO NOTHING;
INSERT INTO tasks (id, org_id, title, status, priority, due_date, completed_at, deal_id, assigned_to, created_by)
VALUES ('00040007-0000-0000-0000-00000000000f', '00040001-0000-0000-0000-000000000001', 'Planera veckoschema #15', 'DONE'::task_status, 1, '2025-10-27', '2025-10-27', NULL, '00040002-0000-0000-0000-000000000003', '00040002-0000-0000-0000-000000000001')
ON CONFLICT DO NOTHING;
INSERT INTO tasks (id, org_id, title, status, priority, due_date, completed_at, deal_id, assigned_to, created_by)
VALUES ('00040007-0000-0000-0000-000000000010', '00040001-0000-0000-0000-000000000001', 'Granska avtal #16', 'BLOCKED'::task_status, 5, '2026-01-12', NULL, NULL, '00040002-0000-0000-0000-000000000001', '00040002-0000-0000-0000-000000000001')
ON CONFLICT DO NOTHING;
INSERT INTO tasks (id, org_id, title, status, priority, due_date, completed_at, deal_id, assigned_to, created_by)
VALUES ('00040007-0000-0000-0000-000000000011', '00040001-0000-0000-0000-000000000001', 'Uppdatera KPI-tavla #17', 'BLOCKED'::task_status, 1, '2026-02-12', NULL, NULL, '00040002-0000-0000-0000-000000000002', '00040002-0000-0000-0000-000000000001')
ON CONFLICT DO NOTHING;
INSERT INTO tasks (id, org_id, title, status, priority, due_date, completed_at, deal_id, assigned_to, created_by)
VALUES ('00040007-0000-0000-0000-000000000012', '00040001-0000-0000-0000-000000000001', 'Genomför kompetensbedömning #18', 'DONE'::task_status, 1, '2025-05-17', '2025-05-17', NULL, '00040002-0000-0000-0000-000000000001', '00040002-0000-0000-0000-000000000001')
ON CONFLICT DO NOTHING;
INSERT INTO tasks (id, org_id, title, status, priority, due_date, completed_at, deal_id, assigned_to, created_by)
VALUES ('00040007-0000-0000-0000-000000000013', '00040001-0000-0000-0000-000000000001', 'Boka utbildning #19', 'REVIEW'::task_status, 4, '2025-12-17', NULL, '00040006-0000-0000-0000-00000000001e', '00040002-0000-0000-0000-000000000001', '00040002-0000-0000-0000-000000000001')
ON CONFLICT DO NOTHING;
INSERT INTO tasks (id, org_id, title, status, priority, due_date, completed_at, deal_id, assigned_to, created_by)
VALUES ('00040007-0000-0000-0000-000000000014', '00040001-0000-0000-0000-000000000001', 'Skicka kundenkät #20', 'REVIEW'::task_status, 2, '2025-04-11', NULL, NULL, '00040002-0000-0000-0000-000000000003', '00040002-0000-0000-0000-000000000001')
ON CONFLICT DO NOTHING;
INSERT INTO tasks (id, org_id, title, status, priority, due_date, completed_at, deal_id, assigned_to, created_by)
VALUES ('00040007-0000-0000-0000-000000000015', '00040001-0000-0000-0000-000000000001', 'Uppdatera riskregister #21', 'IN_PROGRESS'::task_status, 3, '2026-01-19', NULL, NULL, '00040002-0000-0000-0000-000000000002', '00040002-0000-0000-0000-000000000001')
ON CONFLICT DO NOTHING;
INSERT INTO tasks (id, org_id, title, status, priority, due_date, completed_at, deal_id, assigned_to, created_by)
VALUES ('00040007-0000-0000-0000-000000000016', '00040001-0000-0000-0000-000000000001', 'Genomför brandövning #22', 'REVIEW'::task_status, 2, '2025-05-26', NULL, '00040006-0000-0000-0000-00000000000b', '00040002-0000-0000-0000-000000000002', '00040002-0000-0000-0000-000000000001')
ON CONFLICT DO NOTHING;
INSERT INTO tasks (id, org_id, title, status, priority, due_date, completed_at, deal_id, assigned_to, created_by)
VALUES ('00040007-0000-0000-0000-000000000017', '00040001-0000-0000-0000-000000000001', 'Kalibrering instrument #23', 'TODO'::task_status, 2, '2026-01-09', NULL, NULL, '00040002-0000-0000-0000-000000000002', '00040002-0000-0000-0000-000000000001')
ON CONFLICT DO NOTHING;
INSERT INTO tasks (id, org_id, title, status, priority, due_date, completed_at, deal_id, assigned_to, created_by)
VALUES ('00040007-0000-0000-0000-000000000018', '00040001-0000-0000-0000-000000000001', 'Följ upp certifiering #24', 'DONE'::task_status, 4, '2025-10-31', '2025-10-31', NULL, '00040002-0000-0000-0000-000000000001', '00040002-0000-0000-0000-000000000001')
ON CONFLICT DO NOTHING;
INSERT INTO tasks (id, org_id, title, status, priority, due_date, completed_at, deal_id, assigned_to, created_by)
VALUES ('00040007-0000-0000-0000-000000000019', '00040001-0000-0000-0000-000000000001', 'Förbered kvartalsrapport #25', 'BLOCKED'::task_status, 2, '2025-09-08', NULL, '00040006-0000-0000-0000-000000000015', '00040002-0000-0000-0000-000000000003', '00040002-0000-0000-0000-000000000001')
ON CONFLICT DO NOTHING;

INSERT INTO invoices (id, org_id, invoice_number, company_id, amount, currency, exchange_rate, reporting_amount, tax_amount, status, issued_at, due_at, paid_at, created_by)
VALUES ('00040008-0000-0000-0000-000000000001', '00040001-0000-0000-0000-000000000001', 'INV-04-2025-03', '00040003-0000-0000-0000-00000000000f', 122151.9, 'SEK', 1.0, 122151.9, 30537.97, 'PAID', '2025-03-05', '2025-03-30', '2025-03-28', '00040002-0000-0000-0000-000000000001')
ON CONFLICT (org_id, invoice_number) DO NOTHING;
INSERT INTO invoices (id, org_id, invoice_number, company_id, amount, currency, exchange_rate, reporting_amount, tax_amount, status, issued_at, due_at, paid_at, created_by)
VALUES ('00040008-0000-0000-0000-000000000002', '00040001-0000-0000-0000-000000000001', 'INV-04-2025-04', '00040003-0000-0000-0000-000000000009', 167417.23, 'SEK', 1.0, 167417.23, 41854.31, 'SENT', '2025-04-05', '2025-04-30', NULL, '00040002-0000-0000-0000-000000000001')
ON CONFLICT (org_id, invoice_number) DO NOTHING;
INSERT INTO invoices (id, org_id, invoice_number, company_id, amount, currency, exchange_rate, reporting_amount, tax_amount, status, issued_at, due_at, paid_at, created_by)
VALUES ('00040008-0000-0000-0000-000000000003', '00040001-0000-0000-0000-000000000001', 'INV-04-2025-05', '00040003-0000-0000-0000-000000000005', 114243.74, 'SEK', 1.0, 114243.74, 28560.94, 'PAID', '2025-05-05', '2025-05-30', '2025-05-28', '00040002-0000-0000-0000-000000000001')
ON CONFLICT (org_id, invoice_number) DO NOTHING;
INSERT INTO invoices (id, org_id, invoice_number, company_id, amount, currency, exchange_rate, reporting_amount, tax_amount, status, issued_at, due_at, paid_at, created_by)
VALUES ('00040008-0000-0000-0000-000000000004', '00040001-0000-0000-0000-000000000001', 'INV-04-2025-06', '00040003-0000-0000-0000-00000000001e', 179145.94, 'SEK', 1.0, 179145.94, 44786.49, 'SENT', '2025-06-05', '2025-06-30', NULL, '00040002-0000-0000-0000-000000000001')
ON CONFLICT (org_id, invoice_number) DO NOTHING;
INSERT INTO invoices (id, org_id, invoice_number, company_id, amount, currency, exchange_rate, reporting_amount, tax_amount, status, issued_at, due_at, paid_at, created_by)
VALUES ('00040008-0000-0000-0000-000000000005', '00040001-0000-0000-0000-000000000001', 'INV-04-2025-07', '00040003-0000-0000-0000-000000000009', 170504.87, 'SEK', 1.0, 170504.87, 42626.22, 'OVERDUE', '2025-07-05', '2025-07-30', NULL, '00040002-0000-0000-0000-000000000001')
ON CONFLICT (org_id, invoice_number) DO NOTHING;
INSERT INTO invoices (id, org_id, invoice_number, company_id, amount, currency, exchange_rate, reporting_amount, tax_amount, status, issued_at, due_at, paid_at, created_by)
VALUES ('00040008-0000-0000-0000-000000000006', '00040001-0000-0000-0000-000000000001', 'INV-04-2025-08', '00040003-0000-0000-0000-00000000000d', 135845.96, 'SEK', 1.0, 135845.96, 33961.49, 'SENT', '2025-08-05', '2025-08-30', NULL, '00040002-0000-0000-0000-000000000001')
ON CONFLICT (org_id, invoice_number) DO NOTHING;
INSERT INTO invoices (id, org_id, invoice_number, company_id, amount, currency, exchange_rate, reporting_amount, tax_amount, status, issued_at, due_at, paid_at, created_by)
VALUES ('00040008-0000-0000-0000-000000000007', '00040001-0000-0000-0000-000000000001', 'INV-04-2025-09', '00040003-0000-0000-0000-00000000000f', 119839.52, 'SEK', 1.0, 119839.52, 29959.88, 'PAID', '2025-09-05', '2025-09-30', '2025-09-28', '00040002-0000-0000-0000-000000000001')
ON CONFLICT (org_id, invoice_number) DO NOTHING;
INSERT INTO invoices (id, org_id, invoice_number, company_id, amount, currency, exchange_rate, reporting_amount, tax_amount, status, issued_at, due_at, paid_at, created_by)
VALUES ('00040008-0000-0000-0000-000000000008', '00040001-0000-0000-0000-000000000001', 'INV-04-2025-10', '00040003-0000-0000-0000-000000000002', 125188.92, 'SEK', 1.0, 125188.92, 31297.23, 'PAID', '2025-10-05', '2025-10-30', '2025-10-28', '00040002-0000-0000-0000-000000000001')
ON CONFLICT (org_id, invoice_number) DO NOTHING;
INSERT INTO invoices (id, org_id, invoice_number, company_id, amount, currency, exchange_rate, reporting_amount, tax_amount, status, issued_at, due_at, paid_at, created_by)
VALUES ('00040008-0000-0000-0000-000000000009', '00040001-0000-0000-0000-000000000001', 'INV-04-2025-11', '00040003-0000-0000-0000-000000000018', 158072.36, 'SEK', 1.0, 158072.36, 39518.09, 'PAID', '2025-11-05', '2025-11-30', '2025-11-28', '00040002-0000-0000-0000-000000000001')
ON CONFLICT (org_id, invoice_number) DO NOTHING;
INSERT INTO invoices (id, org_id, invoice_number, company_id, amount, currency, exchange_rate, reporting_amount, tax_amount, status, issued_at, due_at, paid_at, created_by)
VALUES ('00040008-0000-0000-0000-00000000000a', '00040001-0000-0000-0000-000000000001', 'INV-04-2025-12', '00040003-0000-0000-0000-000000000011', 168999.91, 'SEK', 1.0, 168999.91, 42249.98, 'OVERDUE', '2025-12-05', '2025-12-30', NULL, '00040002-0000-0000-0000-000000000001')
ON CONFLICT (org_id, invoice_number) DO NOTHING;
INSERT INTO invoices (id, org_id, invoice_number, company_id, amount, currency, exchange_rate, reporting_amount, tax_amount, status, issued_at, due_at, paid_at, created_by)
VALUES ('00040008-0000-0000-0000-00000000000b', '00040001-0000-0000-0000-000000000001', 'INV-04-2026-01', '00040003-0000-0000-0000-000000000007', 174412.47, 'SEK', 1.0, 174412.47, 43603.12, 'PAID', '2026-01-05', '2026-01-30', '2026-01-28', '00040002-0000-0000-0000-000000000001')
ON CONFLICT (org_id, invoice_number) DO NOTHING;
INSERT INTO invoices (id, org_id, invoice_number, company_id, amount, currency, exchange_rate, reporting_amount, tax_amount, status, issued_at, due_at, paid_at, created_by)
VALUES ('00040008-0000-0000-0000-00000000000c', '00040001-0000-0000-0000-000000000001', 'INV-04-2026-02', '00040003-0000-0000-0000-000000000008', 163821.09, 'SEK', 1.0, 163821.09, 40955.27, 'PAID', '2026-02-05', '2026-02-28', '2026-02-28', '00040002-0000-0000-0000-000000000001')
ON CONFLICT (org_id, invoice_number) DO NOTHING;

INSERT INTO transactions (id, org_id, account_code, account_name, credit, currency, exchange_rate, reporting_credit, description, invoice_id, booked_at, created_by)
VALUES ('00040009-0000-0000-0000-000000000001', '00040001-0000-0000-0000-000000000001', '3000', 'Försäljningsintäkter', 146254.9, 'SEK', 1.0, 146254.9, 'Månadsomsättning 2025-03', '00040008-0000-0000-0000-000000000002', '2025-03-15', '00040002-0000-0000-0000-000000000001')
ON CONFLICT DO NOTHING;
INSERT INTO transactions (id, org_id, account_code, account_name, debit, currency, exchange_rate, reporting_debit, description, booked_at, created_by)
VALUES ('00040009-0000-0000-0000-000000000002', '00040001-0000-0000-0000-000000000001', '4000', 'Råvaror och förnödenheter', 51189.21, 'SEK', 1.0, 51189.21, 'Leverantörskostnader 2025-03', '2025-03-10', '00040002-0000-0000-0000-000000000001')
ON CONFLICT DO NOTHING;
INSERT INTO transactions (id, org_id, account_code, account_name, debit, currency, exchange_rate, reporting_debit, description, booked_at, created_by)
VALUES ('00040009-0000-0000-0000-000000000003', '00040001-0000-0000-0000-000000000001', '7010', 'Löner tjänstemän', 90000, 'SEK', 1.0, 90000, 'Löner 2025-03', '2025-03-25', '00040002-0000-0000-0000-000000000001')
ON CONFLICT DO NOTHING;
INSERT INTO transactions (id, org_id, account_code, account_name, credit, currency, exchange_rate, reporting_credit, description, invoice_id, booked_at, created_by)
VALUES ('00040009-0000-0000-0000-000000000004', '00040001-0000-0000-0000-000000000001', '3000', 'Försäljningsintäkter', 152127.71, 'SEK', 1.0, 152127.71, 'Månadsomsättning 2025-04', '00040008-0000-0000-0000-00000000000c', '2025-04-15', '00040002-0000-0000-0000-000000000001')
ON CONFLICT DO NOTHING;
INSERT INTO transactions (id, org_id, account_code, account_name, debit, currency, exchange_rate, reporting_debit, description, booked_at, created_by)
VALUES ('00040009-0000-0000-0000-000000000005', '00040001-0000-0000-0000-000000000001', '4000', 'Råvaror och förnödenheter', 53244.7, 'SEK', 1.0, 53244.7, 'Leverantörskostnader 2025-04', '2025-04-10', '00040002-0000-0000-0000-000000000001')
ON CONFLICT DO NOTHING;
INSERT INTO transactions (id, org_id, account_code, account_name, debit, currency, exchange_rate, reporting_debit, description, booked_at, created_by)
VALUES ('00040009-0000-0000-0000-000000000006', '00040001-0000-0000-0000-000000000001', '7010', 'Löner tjänstemän', 90000, 'SEK', 1.0, 90000, 'Löner 2025-04', '2025-04-25', '00040002-0000-0000-0000-000000000001')
ON CONFLICT DO NOTHING;
INSERT INTO transactions (id, org_id, account_code, account_name, credit, currency, exchange_rate, reporting_credit, description, invoice_id, booked_at, created_by)
VALUES ('00040009-0000-0000-0000-000000000007', '00040001-0000-0000-0000-000000000001', '3000', 'Försäljningsintäkter', 134390.72, 'SEK', 1.0, 134390.72, 'Månadsomsättning 2025-05', '00040008-0000-0000-0000-000000000005', '2025-05-15', '00040002-0000-0000-0000-000000000001')
ON CONFLICT DO NOTHING;
INSERT INTO transactions (id, org_id, account_code, account_name, debit, currency, exchange_rate, reporting_debit, description, booked_at, created_by)
VALUES ('00040009-0000-0000-0000-000000000008', '00040001-0000-0000-0000-000000000001', '4000', 'Råvaror och förnödenheter', 47036.75, 'SEK', 1.0, 47036.75, 'Leverantörskostnader 2025-05', '2025-05-10', '00040002-0000-0000-0000-000000000001')
ON CONFLICT DO NOTHING;
INSERT INTO transactions (id, org_id, account_code, account_name, debit, currency, exchange_rate, reporting_debit, description, booked_at, created_by)
VALUES ('00040009-0000-0000-0000-000000000009', '00040001-0000-0000-0000-000000000001', '7010', 'Löner tjänstemän', 90000, 'SEK', 1.0, 90000, 'Löner 2025-05', '2025-05-25', '00040002-0000-0000-0000-000000000001')
ON CONFLICT DO NOTHING;
INSERT INTO transactions (id, org_id, account_code, account_name, credit, currency, exchange_rate, reporting_credit, description, invoice_id, booked_at, created_by)
VALUES ('00040009-0000-0000-0000-00000000000a', '00040001-0000-0000-0000-000000000001', '3000', 'Försäljningsintäkter', 146439.22, 'SEK', 1.0, 146439.22, 'Månadsomsättning 2025-06', '00040008-0000-0000-0000-00000000000b', '2025-06-15', '00040002-0000-0000-0000-000000000001')
ON CONFLICT DO NOTHING;
INSERT INTO transactions (id, org_id, account_code, account_name, debit, currency, exchange_rate, reporting_debit, description, booked_at, created_by)
VALUES ('00040009-0000-0000-0000-00000000000b', '00040001-0000-0000-0000-000000000001', '4000', 'Råvaror och förnödenheter', 51253.73, 'SEK', 1.0, 51253.73, 'Leverantörskostnader 2025-06', '2025-06-10', '00040002-0000-0000-0000-000000000001')
ON CONFLICT DO NOTHING;
INSERT INTO transactions (id, org_id, account_code, account_name, debit, currency, exchange_rate, reporting_debit, description, booked_at, created_by)
VALUES ('00040009-0000-0000-0000-00000000000c', '00040001-0000-0000-0000-000000000001', '7010', 'Löner tjänstemän', 90000, 'SEK', 1.0, 90000, 'Löner 2025-06', '2025-06-25', '00040002-0000-0000-0000-000000000001')
ON CONFLICT DO NOTHING;
INSERT INTO transactions (id, org_id, account_code, account_name, credit, currency, exchange_rate, reporting_credit, description, invoice_id, booked_at, created_by)
VALUES ('00040009-0000-0000-0000-00000000000d', '00040001-0000-0000-0000-000000000001', '3000', 'Försäljningsintäkter', 150913.92, 'SEK', 1.0, 150913.92, 'Månadsomsättning 2025-07', '00040008-0000-0000-0000-000000000007', '2025-07-15', '00040002-0000-0000-0000-000000000001')
ON CONFLICT DO NOTHING;
INSERT INTO transactions (id, org_id, account_code, account_name, debit, currency, exchange_rate, reporting_debit, description, booked_at, created_by)
VALUES ('00040009-0000-0000-0000-00000000000e', '00040001-0000-0000-0000-000000000001', '4000', 'Råvaror och förnödenheter', 52819.87, 'SEK', 1.0, 52819.87, 'Leverantörskostnader 2025-07', '2025-07-10', '00040002-0000-0000-0000-000000000001')
ON CONFLICT DO NOTHING;
INSERT INTO transactions (id, org_id, account_code, account_name, debit, currency, exchange_rate, reporting_debit, description, booked_at, created_by)
VALUES ('00040009-0000-0000-0000-00000000000f', '00040001-0000-0000-0000-000000000001', '7010', 'Löner tjänstemän', 90000, 'SEK', 1.0, 90000, 'Löner 2025-07', '2025-07-25', '00040002-0000-0000-0000-000000000001')
ON CONFLICT DO NOTHING;
INSERT INTO transactions (id, org_id, account_code, account_name, credit, currency, exchange_rate, reporting_credit, description, invoice_id, booked_at, created_by)
VALUES ('00040009-0000-0000-0000-000000000010', '00040001-0000-0000-0000-000000000001', '3000', 'Försäljningsintäkter', 164879.37, 'SEK', 1.0, 164879.37, 'Månadsomsättning 2025-08', '00040008-0000-0000-0000-000000000009', '2025-08-15', '00040002-0000-0000-0000-000000000001')
ON CONFLICT DO NOTHING;
INSERT INTO transactions (id, org_id, account_code, account_name, debit, currency, exchange_rate, reporting_debit, description, booked_at, created_by)
VALUES ('00040009-0000-0000-0000-000000000011', '00040001-0000-0000-0000-000000000001', '4000', 'Råvaror och förnödenheter', 57707.78, 'SEK', 1.0, 57707.78, 'Leverantörskostnader 2025-08', '2025-08-10', '00040002-0000-0000-0000-000000000001')
ON CONFLICT DO NOTHING;
INSERT INTO transactions (id, org_id, account_code, account_name, debit, currency, exchange_rate, reporting_debit, description, booked_at, created_by)
VALUES ('00040009-0000-0000-0000-000000000012', '00040001-0000-0000-0000-000000000001', '7010', 'Löner tjänstemän', 90000, 'SEK', 1.0, 90000, 'Löner 2025-08', '2025-08-25', '00040002-0000-0000-0000-000000000001')
ON CONFLICT DO NOTHING;
INSERT INTO transactions (id, org_id, account_code, account_name, credit, currency, exchange_rate, reporting_credit, description, invoice_id, booked_at, created_by)
VALUES ('00040009-0000-0000-0000-000000000013', '00040001-0000-0000-0000-000000000001', '3000', 'Försäljningsintäkter', 159844.48, 'SEK', 1.0, 159844.48, 'Månadsomsättning 2025-09', '00040008-0000-0000-0000-000000000005', '2025-09-15', '00040002-0000-0000-0000-000000000001')
ON CONFLICT DO NOTHING;
INSERT INTO transactions (id, org_id, account_code, account_name, debit, currency, exchange_rate, reporting_debit, description, booked_at, created_by)
VALUES ('00040009-0000-0000-0000-000000000014', '00040001-0000-0000-0000-000000000001', '4000', 'Råvaror och förnödenheter', 55945.57, 'SEK', 1.0, 55945.57, 'Leverantörskostnader 2025-09', '2025-09-10', '00040002-0000-0000-0000-000000000001')
ON CONFLICT DO NOTHING;
INSERT INTO transactions (id, org_id, account_code, account_name, debit, currency, exchange_rate, reporting_debit, description, booked_at, created_by)
VALUES ('00040009-0000-0000-0000-000000000015', '00040001-0000-0000-0000-000000000001', '7010', 'Löner tjänstemän', 90000, 'SEK', 1.0, 90000, 'Löner 2025-09', '2025-09-25', '00040002-0000-0000-0000-000000000001')
ON CONFLICT DO NOTHING;
INSERT INTO transactions (id, org_id, account_code, account_name, credit, currency, exchange_rate, reporting_credit, description, invoice_id, booked_at, created_by)
VALUES ('00040009-0000-0000-0000-000000000016', '00040001-0000-0000-0000-000000000001', '3000', 'Försäljningsintäkter', 132630.56, 'SEK', 1.0, 132630.56, 'Månadsomsättning 2025-10', '00040008-0000-0000-0000-000000000008', '2025-10-15', '00040002-0000-0000-0000-000000000001')
ON CONFLICT DO NOTHING;
INSERT INTO transactions (id, org_id, account_code, account_name, debit, currency, exchange_rate, reporting_debit, description, booked_at, created_by)
VALUES ('00040009-0000-0000-0000-000000000017', '00040001-0000-0000-0000-000000000001', '4000', 'Råvaror och förnödenheter', 46420.7, 'SEK', 1.0, 46420.7, 'Leverantörskostnader 2025-10', '2025-10-10', '00040002-0000-0000-0000-000000000001')
ON CONFLICT DO NOTHING;
INSERT INTO transactions (id, org_id, account_code, account_name, debit, currency, exchange_rate, reporting_debit, description, booked_at, created_by)
VALUES ('00040009-0000-0000-0000-000000000018', '00040001-0000-0000-0000-000000000001', '7010', 'Löner tjänstemän', 90000, 'SEK', 1.0, 90000, 'Löner 2025-10', '2025-10-25', '00040002-0000-0000-0000-000000000001')
ON CONFLICT DO NOTHING;
INSERT INTO transactions (id, org_id, account_code, account_name, credit, currency, exchange_rate, reporting_credit, description, invoice_id, booked_at, created_by)
VALUES ('00040009-0000-0000-0000-000000000019', '00040001-0000-0000-0000-000000000001', '3000', 'Försäljningsintäkter', 136439.1, 'SEK', 1.0, 136439.1, 'Månadsomsättning 2025-11', '00040008-0000-0000-0000-000000000005', '2025-11-15', '00040002-0000-0000-0000-000000000001')
ON CONFLICT DO NOTHING;
INSERT INTO transactions (id, org_id, account_code, account_name, debit, currency, exchange_rate, reporting_debit, description, booked_at, created_by)
VALUES ('00040009-0000-0000-0000-00000000001a', '00040001-0000-0000-0000-000000000001', '4000', 'Råvaror och förnödenheter', 47753.68, 'SEK', 1.0, 47753.68, 'Leverantörskostnader 2025-11', '2025-11-10', '00040002-0000-0000-0000-000000000001')
ON CONFLICT DO NOTHING;
INSERT INTO transactions (id, org_id, account_code, account_name, debit, currency, exchange_rate, reporting_debit, description, booked_at, created_by)
VALUES ('00040009-0000-0000-0000-00000000001b', '00040001-0000-0000-0000-000000000001', '7010', 'Löner tjänstemän', 90000, 'SEK', 1.0, 90000, 'Löner 2025-11', '2025-11-25', '00040002-0000-0000-0000-000000000001')
ON CONFLICT DO NOTHING;
INSERT INTO transactions (id, org_id, account_code, account_name, credit, currency, exchange_rate, reporting_credit, description, invoice_id, booked_at, created_by)
VALUES ('00040009-0000-0000-0000-00000000001c', '00040001-0000-0000-0000-000000000001', '3000', 'Försäljningsintäkter', 164917.45, 'SEK', 1.0, 164917.45, 'Månadsomsättning 2025-12', '00040008-0000-0000-0000-000000000006', '2025-12-15', '00040002-0000-0000-0000-000000000001')
ON CONFLICT DO NOTHING;
INSERT INTO transactions (id, org_id, account_code, account_name, debit, currency, exchange_rate, reporting_debit, description, booked_at, created_by)
VALUES ('00040009-0000-0000-0000-00000000001d', '00040001-0000-0000-0000-000000000001', '4000', 'Råvaror och förnödenheter', 57721.11, 'SEK', 1.0, 57721.11, 'Leverantörskostnader 2025-12', '2025-12-10', '00040002-0000-0000-0000-000000000001')
ON CONFLICT DO NOTHING;
INSERT INTO transactions (id, org_id, account_code, account_name, debit, currency, exchange_rate, reporting_debit, description, booked_at, created_by)
VALUES ('00040009-0000-0000-0000-00000000001e', '00040001-0000-0000-0000-000000000001', '7010', 'Löner tjänstemän', 90000, 'SEK', 1.0, 90000, 'Löner 2025-12', '2025-12-25', '00040002-0000-0000-0000-000000000001')
ON CONFLICT DO NOTHING;
INSERT INTO transactions (id, org_id, account_code, account_name, credit, currency, exchange_rate, reporting_credit, description, invoice_id, booked_at, created_by)
VALUES ('00040009-0000-0000-0000-00000000001f', '00040001-0000-0000-0000-000000000001', '3000', 'Försäljningsintäkter', 159154.65, 'SEK', 1.0, 159154.65, 'Månadsomsättning 2026-01', '00040008-0000-0000-0000-000000000003', '2026-01-15', '00040002-0000-0000-0000-000000000001')
ON CONFLICT DO NOTHING;
INSERT INTO transactions (id, org_id, account_code, account_name, debit, currency, exchange_rate, reporting_debit, description, booked_at, created_by)
VALUES ('00040009-0000-0000-0000-000000000020', '00040001-0000-0000-0000-000000000001', '4000', 'Råvaror och förnödenheter', 55704.13, 'SEK', 1.0, 55704.13, 'Leverantörskostnader 2026-01', '2026-01-10', '00040002-0000-0000-0000-000000000001')
ON CONFLICT DO NOTHING;
INSERT INTO transactions (id, org_id, account_code, account_name, debit, currency, exchange_rate, reporting_debit, description, booked_at, created_by)
VALUES ('00040009-0000-0000-0000-000000000021', '00040001-0000-0000-0000-000000000001', '7010', 'Löner tjänstemän', 90000, 'SEK', 1.0, 90000, 'Löner 2026-01', '2026-01-25', '00040002-0000-0000-0000-000000000001')
ON CONFLICT DO NOTHING;
INSERT INTO transactions (id, org_id, account_code, account_name, credit, currency, exchange_rate, reporting_credit, description, invoice_id, booked_at, created_by)
VALUES ('00040009-0000-0000-0000-000000000022', '00040001-0000-0000-0000-000000000001', '3000', 'Försäljningsintäkter', 129273.26, 'SEK', 1.0, 129273.26, 'Månadsomsättning 2026-02', '00040008-0000-0000-0000-000000000004', '2026-02-15', '00040002-0000-0000-0000-000000000001')
ON CONFLICT DO NOTHING;
INSERT INTO transactions (id, org_id, account_code, account_name, debit, currency, exchange_rate, reporting_debit, description, booked_at, created_by)
VALUES ('00040009-0000-0000-0000-000000000023', '00040001-0000-0000-0000-000000000001', '4000', 'Råvaror och förnödenheter', 45245.64, 'SEK', 1.0, 45245.64, 'Leverantörskostnader 2026-02', '2026-02-10', '00040002-0000-0000-0000-000000000001')
ON CONFLICT DO NOTHING;
INSERT INTO transactions (id, org_id, account_code, account_name, debit, currency, exchange_rate, reporting_debit, description, booked_at, created_by)
VALUES ('00040009-0000-0000-0000-000000000024', '00040001-0000-0000-0000-000000000001', '7010', 'Löner tjänstemän', 90000, 'SEK', 1.0, 90000, 'Löner 2026-02', '2026-02-25', '00040002-0000-0000-0000-000000000001')
ON CONFLICT DO NOTHING;

INSERT INTO processes (id, org_id, code, name, owner_id, is_active, avg_duration_min)
VALUES ('0004000b-0000-0000-0000-000000000001', '00040001-0000-0000-0000-000000000001', 'P-001', 'Offertprocess', '00040002-0000-0000-0000-000000000003', TRUE, 76)
ON CONFLICT (org_id, code) DO NOTHING;
INSERT INTO process_executions (id, org_id, process_id, status, started_at, completed_at, duration_min, executed_by)
VALUES ('0004000c-0000-0000-0000-000000000001', '00040001-0000-0000-0000-000000000001', '0004000b-0000-0000-0000-000000000001', 'RUNNING'::process_execution_status, '2025-06-29', NULL, 10, '00040002-0000-0000-0000-000000000001')
ON CONFLICT DO NOTHING;
INSERT INTO process_executions (id, org_id, process_id, status, started_at, completed_at, duration_min, executed_by)
VALUES ('0004000c-0000-0000-0000-000000000002', '00040001-0000-0000-0000-000000000001', '0004000b-0000-0000-0000-000000000001', 'COMPLETED'::process_execution_status, '2025-04-26', '2025-04-26', 156, '00040002-0000-0000-0000-000000000003')
ON CONFLICT DO NOTHING;
INSERT INTO process_executions (id, org_id, process_id, status, started_at, completed_at, duration_min, executed_by)
VALUES ('0004000c-0000-0000-0000-000000000003', '00040001-0000-0000-0000-000000000001', '0004000b-0000-0000-0000-000000000001', 'FAILED'::process_execution_status, '2025-05-16', '2025-05-16', 33, '00040002-0000-0000-0000-000000000003')
ON CONFLICT DO NOTHING;
INSERT INTO processes (id, org_id, code, name, owner_id, is_active, avg_duration_min)
VALUES ('0004000b-0000-0000-0000-000000000002', '00040001-0000-0000-0000-000000000001', 'P-002', 'Materialbeställning', '00040002-0000-0000-0000-000000000001', TRUE, 107)
ON CONFLICT (org_id, code) DO NOTHING;
INSERT INTO process_executions (id, org_id, process_id, status, started_at, completed_at, duration_min, executed_by)
VALUES ('0004000c-0000-0000-0000-000000000005', '00040001-0000-0000-0000-000000000001', '0004000b-0000-0000-0000-000000000002', 'COMPLETED'::process_execution_status, '2025-07-10', '2025-07-10', 174, '00040002-0000-0000-0000-000000000001')
ON CONFLICT DO NOTHING;
INSERT INTO process_executions (id, org_id, process_id, status, started_at, completed_at, duration_min, executed_by)
VALUES ('0004000c-0000-0000-0000-000000000006', '00040001-0000-0000-0000-000000000001', '0004000b-0000-0000-0000-000000000002', 'FAILED'::process_execution_status, '2025-07-30', '2025-07-30', 77, '00040002-0000-0000-0000-000000000002')
ON CONFLICT DO NOTHING;
INSERT INTO process_executions (id, org_id, process_id, status, started_at, completed_at, duration_min, executed_by)
VALUES ('0004000c-0000-0000-0000-000000000007', '00040001-0000-0000-0000-000000000001', '0004000b-0000-0000-0000-000000000002', 'COMPLETED'::process_execution_status, '2025-04-21', '2025-04-21', 54, '00040002-0000-0000-0000-000000000001')
ON CONFLICT DO NOTHING;
INSERT INTO processes (id, org_id, code, name, owner_id, is_active, avg_duration_min)
VALUES ('0004000b-0000-0000-0000-000000000003', '00040001-0000-0000-0000-000000000001', 'P-003', 'Arbetsplanering', '00040002-0000-0000-0000-000000000002', TRUE, 61)
ON CONFLICT (org_id, code) DO NOTHING;
INSERT INTO process_executions (id, org_id, process_id, status, started_at, completed_at, duration_min, executed_by)
VALUES ('0004000c-0000-0000-0000-000000000009', '00040001-0000-0000-0000-000000000001', '0004000b-0000-0000-0000-000000000003', 'RUNNING'::process_execution_status, '2025-10-05', NULL, 39, '00040002-0000-0000-0000-000000000001')
ON CONFLICT DO NOTHING;
INSERT INTO process_executions (id, org_id, process_id, status, started_at, completed_at, duration_min, executed_by)
VALUES ('0004000c-0000-0000-0000-00000000000a', '00040001-0000-0000-0000-000000000001', '0004000b-0000-0000-0000-000000000003', 'COMPLETED'::process_execution_status, '2025-03-05', '2025-03-05', 45, '00040002-0000-0000-0000-000000000003')
ON CONFLICT DO NOTHING;
INSERT INTO process_executions (id, org_id, process_id, status, started_at, completed_at, duration_min, executed_by)
VALUES ('0004000c-0000-0000-0000-00000000000b', '00040001-0000-0000-0000-000000000001', '0004000b-0000-0000-0000-000000000003', 'COMPLETED'::process_execution_status, '2025-08-16', '2025-08-16', 101, '00040002-0000-0000-0000-000000000002')
ON CONFLICT DO NOTHING;
INSERT INTO processes (id, org_id, code, name, owner_id, is_active, avg_duration_min)
VALUES ('0004000b-0000-0000-0000-000000000004', '00040001-0000-0000-0000-000000000001', 'P-004', 'Slutbesiktning kund', '00040002-0000-0000-0000-000000000003', TRUE, 49)
ON CONFLICT (org_id, code) DO NOTHING;
INSERT INTO process_executions (id, org_id, process_id, status, started_at, completed_at, duration_min, executed_by)
VALUES ('0004000c-0000-0000-0000-00000000000d', '00040001-0000-0000-0000-000000000001', '0004000b-0000-0000-0000-000000000004', 'COMPLETED'::process_execution_status, '2025-09-07', '2025-09-07', 97, '00040002-0000-0000-0000-000000000001')
ON CONFLICT DO NOTHING;
INSERT INTO process_executions (id, org_id, process_id, status, started_at, completed_at, duration_min, executed_by)
VALUES ('0004000c-0000-0000-0000-00000000000e', '00040001-0000-0000-0000-000000000001', '0004000b-0000-0000-0000-000000000004', 'COMPLETED'::process_execution_status, '2025-09-22', '2025-09-22', 112, '00040002-0000-0000-0000-000000000002')
ON CONFLICT DO NOTHING;
INSERT INTO process_executions (id, org_id, process_id, status, started_at, completed_at, duration_min, executed_by)
VALUES ('0004000c-0000-0000-0000-00000000000f', '00040001-0000-0000-0000-000000000001', '0004000b-0000-0000-0000-000000000004', 'RUNNING'::process_execution_status, '2025-09-14', NULL, 132, '00040002-0000-0000-0000-000000000002')
ON CONFLICT DO NOTHING;
INSERT INTO processes (id, org_id, code, name, owner_id, is_active, avg_duration_min)
VALUES ('0004000b-0000-0000-0000-000000000005', '00040001-0000-0000-0000-000000000001', 'P-005', 'Fakturering och uppföljning', '00040002-0000-0000-0000-000000000003', TRUE, 117)
ON CONFLICT (org_id, code) DO NOTHING;
INSERT INTO process_executions (id, org_id, process_id, status, started_at, completed_at, duration_min, executed_by)
VALUES ('0004000c-0000-0000-0000-000000000011', '00040001-0000-0000-0000-000000000001', '0004000b-0000-0000-0000-000000000005', 'COMPLETED'::process_execution_status, '2025-04-27', '2025-04-27', 43, '00040002-0000-0000-0000-000000000003')
ON CONFLICT DO NOTHING;
INSERT INTO process_executions (id, org_id, process_id, status, started_at, completed_at, duration_min, executed_by)
VALUES ('0004000c-0000-0000-0000-000000000012', '00040001-0000-0000-0000-000000000001', '0004000b-0000-0000-0000-000000000005', 'COMPLETED'::process_execution_status, '2025-05-21', '2025-05-21', 36, '00040002-0000-0000-0000-000000000002')
ON CONFLICT DO NOTHING;
INSERT INTO process_executions (id, org_id, process_id, status, started_at, completed_at, duration_min, executed_by)
VALUES ('0004000c-0000-0000-0000-000000000013', '00040001-0000-0000-0000-000000000001', '0004000b-0000-0000-0000-000000000005', 'FAILED'::process_execution_status, '2025-12-17', '2025-12-17', 122, '00040002-0000-0000-0000-000000000001')
ON CONFLICT DO NOTHING;
INSERT INTO processes (id, org_id, code, name, owner_id, is_active, avg_duration_min)
VALUES ('0004000b-0000-0000-0000-000000000006', '00040001-0000-0000-0000-000000000001', 'P-006', 'Garantihantering', '00040002-0000-0000-0000-000000000003', TRUE, 63)
ON CONFLICT (org_id, code) DO NOTHING;
INSERT INTO process_executions (id, org_id, process_id, status, started_at, completed_at, duration_min, executed_by)
VALUES ('0004000c-0000-0000-0000-000000000015', '00040001-0000-0000-0000-000000000001', '0004000b-0000-0000-0000-000000000006', 'RUNNING'::process_execution_status, '2026-01-08', NULL, 17, '00040002-0000-0000-0000-000000000003')
ON CONFLICT DO NOTHING;
INSERT INTO process_executions (id, org_id, process_id, status, started_at, completed_at, duration_min, executed_by)
VALUES ('0004000c-0000-0000-0000-000000000016', '00040001-0000-0000-0000-000000000001', '0004000b-0000-0000-0000-000000000006', 'COMPLETED'::process_execution_status, '2025-11-03', '2025-11-03', 134, '00040002-0000-0000-0000-000000000001')
ON CONFLICT DO NOTHING;
INSERT INTO process_executions (id, org_id, process_id, status, started_at, completed_at, duration_min, executed_by)
VALUES ('0004000c-0000-0000-0000-000000000017', '00040001-0000-0000-0000-000000000001', '0004000b-0000-0000-0000-000000000006', 'FAILED'::process_execution_status, '2025-10-12', '2025-10-12', 21, '00040002-0000-0000-0000-000000000001')
ON CONFLICT DO NOTHING;
INSERT INTO processes (id, org_id, code, name, owner_id, is_active, avg_duration_min)
VALUES ('0004000b-0000-0000-0000-000000000007', '00040001-0000-0000-0000-000000000001', 'P-007', 'Leveranskontroll material', '00040002-0000-0000-0000-000000000002', TRUE, 98)
ON CONFLICT (org_id, code) DO NOTHING;
INSERT INTO process_executions (id, org_id, process_id, status, started_at, completed_at, duration_min, executed_by)
VALUES ('0004000c-0000-0000-0000-000000000019', '00040001-0000-0000-0000-000000000001', '0004000b-0000-0000-0000-000000000007', 'RUNNING'::process_execution_status, '2025-03-07', NULL, 144, '00040002-0000-0000-0000-000000000003')
ON CONFLICT DO NOTHING;
INSERT INTO process_executions (id, org_id, process_id, status, started_at, completed_at, duration_min, executed_by)
VALUES ('0004000c-0000-0000-0000-00000000001a', '00040001-0000-0000-0000-000000000001', '0004000b-0000-0000-0000-000000000007', 'COMPLETED'::process_execution_status, '2026-02-06', '2026-02-06', 96, '00040002-0000-0000-0000-000000000003')
ON CONFLICT DO NOTHING;
INSERT INTO process_executions (id, org_id, process_id, status, started_at, completed_at, duration_min, executed_by)
VALUES ('0004000c-0000-0000-0000-00000000001b', '00040001-0000-0000-0000-000000000001', '0004000b-0000-0000-0000-000000000007', 'COMPLETED'::process_execution_status, '2025-10-08', '2025-10-08', 179, '00040002-0000-0000-0000-000000000003')
ON CONFLICT DO NOTHING;
INSERT INTO processes (id, org_id, code, name, owner_id, is_active, avg_duration_min)
VALUES ('0004000b-0000-0000-0000-000000000008', '00040001-0000-0000-0000-000000000001', 'P-008', 'Arbetsmiljörond', '00040002-0000-0000-0000-000000000001', TRUE, 76)
ON CONFLICT (org_id, code) DO NOTHING;
INSERT INTO process_executions (id, org_id, process_id, status, started_at, completed_at, duration_min, executed_by)
VALUES ('0004000c-0000-0000-0000-00000000001d', '00040001-0000-0000-0000-000000000001', '0004000b-0000-0000-0000-000000000008', 'RUNNING'::process_execution_status, '2026-02-03', NULL, 174, '00040002-0000-0000-0000-000000000002')
ON CONFLICT DO NOTHING;
INSERT INTO process_executions (id, org_id, process_id, status, started_at, completed_at, duration_min, executed_by)
VALUES ('0004000c-0000-0000-0000-00000000001e', '00040001-0000-0000-0000-000000000001', '0004000b-0000-0000-0000-000000000008', 'COMPLETED'::process_execution_status, '2025-12-11', '2025-12-11', 166, '00040002-0000-0000-0000-000000000001')
ON CONFLICT DO NOTHING;
INSERT INTO process_executions (id, org_id, process_id, status, started_at, completed_at, duration_min, executed_by)
VALUES ('0004000c-0000-0000-0000-00000000001f', '00040001-0000-0000-0000-000000000001', '0004000b-0000-0000-0000-000000000008', 'COMPLETED'::process_execution_status, '2026-01-24', '2026-01-24', 50, '00040002-0000-0000-0000-000000000003')
ON CONFLICT DO NOTHING;
INSERT INTO processes (id, org_id, code, name, owner_id, is_active, avg_duration_min)
VALUES ('0004000b-0000-0000-0000-000000000009', '00040001-0000-0000-0000-000000000001', 'P-009', 'Löneunderlag', '00040002-0000-0000-0000-000000000002', TRUE, 78)
ON CONFLICT (org_id, code) DO NOTHING;
INSERT INTO process_executions (id, org_id, process_id, status, started_at, completed_at, duration_min, executed_by)
VALUES ('0004000c-0000-0000-0000-000000000021', '00040001-0000-0000-0000-000000000001', '0004000b-0000-0000-0000-000000000009', 'COMPLETED'::process_execution_status, '2025-04-08', '2025-04-08', 135, '00040002-0000-0000-0000-000000000002')
ON CONFLICT DO NOTHING;
INSERT INTO process_executions (id, org_id, process_id, status, started_at, completed_at, duration_min, executed_by)
VALUES ('0004000c-0000-0000-0000-000000000022', '00040001-0000-0000-0000-000000000001', '0004000b-0000-0000-0000-000000000009', 'COMPLETED'::process_execution_status, '2025-08-17', '2025-08-17', 81, '00040002-0000-0000-0000-000000000001')
ON CONFLICT DO NOTHING;
INSERT INTO process_executions (id, org_id, process_id, status, started_at, completed_at, duration_min, executed_by)
VALUES ('0004000c-0000-0000-0000-000000000023', '00040001-0000-0000-0000-000000000001', '0004000b-0000-0000-0000-000000000009', 'COMPLETED'::process_execution_status, '2025-12-07', '2025-12-07', 174, '00040002-0000-0000-0000-000000000002')
ON CONFLICT DO NOTHING;
INSERT INTO processes (id, org_id, code, name, owner_id, is_active, avg_duration_min)
VALUES ('0004000b-0000-0000-0000-00000000000a', '00040001-0000-0000-0000-000000000001', 'P-010', 'Kunduppföljning', '00040002-0000-0000-0000-000000000002', TRUE, 119)
ON CONFLICT (org_id, code) DO NOTHING;
INSERT INTO process_executions (id, org_id, process_id, status, started_at, completed_at, duration_min, executed_by)
VALUES ('0004000c-0000-0000-0000-000000000025', '00040001-0000-0000-0000-000000000001', '0004000b-0000-0000-0000-00000000000a', 'COMPLETED'::process_execution_status, '2025-04-10', '2025-04-10', 127, '00040002-0000-0000-0000-000000000002')
ON CONFLICT DO NOTHING;
INSERT INTO process_executions (id, org_id, process_id, status, started_at, completed_at, duration_min, executed_by)
VALUES ('0004000c-0000-0000-0000-000000000026', '00040001-0000-0000-0000-000000000001', '0004000b-0000-0000-0000-00000000000a', 'FAILED'::process_execution_status, '2025-04-15', '2025-04-15', 137, '00040002-0000-0000-0000-000000000002')
ON CONFLICT DO NOTHING;
INSERT INTO process_executions (id, org_id, process_id, status, started_at, completed_at, duration_min, executed_by)
VALUES ('0004000c-0000-0000-0000-000000000027', '00040001-0000-0000-0000-000000000001', '0004000b-0000-0000-0000-00000000000a', 'RUNNING'::process_execution_status, '2025-04-30', NULL, 137, '00040002-0000-0000-0000-000000000003')
ON CONFLICT DO NOTHING;

INSERT INTO non_conformances (id, org_id, code, title, severity, status, process_id, reported_by, assigned_to, detected_at, closed_at)
VALUES ('0004000d-0000-0000-0000-000000000001', '00040001-0000-0000-0000-000000000001', 'NC-001', 'Fel material levererat – Byggmax', 'MINOR'::nc_severity, 'CLOSED'::nc_status, '0004000b-0000-0000-0000-000000000007', '00040002-0000-0000-0000-000000000001', '00040002-0000-0000-0000-000000000003', '2025-04-22', '2025-11-14')
ON CONFLICT (org_id, code) DO NOTHING;
INSERT INTO non_conformances (id, org_id, code, title, severity, status, process_id, reported_by, assigned_to, detected_at, closed_at)
VALUES ('0004000d-0000-0000-0000-000000000002', '00040001-0000-0000-0000-000000000001', 'NC-002', 'Kund missnöjd ytbehandling golv', 'MINOR'::nc_severity, 'ACTION_PLANNED'::nc_status, '0004000b-0000-0000-0000-000000000002', '00040002-0000-0000-0000-000000000003', '00040002-0000-0000-0000-000000000003', '2025-03-01', NULL)
ON CONFLICT (org_id, code) DO NOTHING;
INSERT INTO non_conformances (id, org_id, code, title, severity, status, process_id, reported_by, assigned_to, detected_at, closed_at)
VALUES ('0004000d-0000-0000-0000-000000000003', '00040001-0000-0000-0000-000000000001', 'NC-003', 'Saknad skyddsutrustning arbetsplats', 'MAJOR'::nc_severity, 'OPEN'::nc_status, '0004000b-0000-0000-0000-000000000009', '00040002-0000-0000-0000-000000000001', '00040002-0000-0000-0000-000000000003', '2025-11-16', NULL)
ON CONFLICT (org_id, code) DO NOTHING;
INSERT INTO non_conformances (id, org_id, code, title, severity, status, process_id, reported_by, assigned_to, detected_at, closed_at)
VALUES ('0004000d-0000-0000-0000-000000000004', '00040001-0000-0000-0000-000000000001', 'NC-004', 'Faktura skickad fel belopp', 'MINOR'::nc_severity, 'ANALYZING'::nc_status, '0004000b-0000-0000-0000-000000000006', '00040002-0000-0000-0000-000000000001', '00040002-0000-0000-0000-000000000001', '2025-08-22', NULL)
ON CONFLICT (org_id, code) DO NOTHING;
INSERT INTO non_conformances (id, org_id, code, title, severity, status, process_id, reported_by, assigned_to, detected_at, closed_at)
VALUES ('0004000d-0000-0000-0000-000000000005', '00040001-0000-0000-0000-000000000001', 'NC-005', 'Försenad leverans – 3 dagar', 'OBSERVATION'::nc_severity, 'ANALYZING'::nc_status, '0004000b-0000-0000-0000-000000000009', '00040002-0000-0000-0000-000000000003', '00040002-0000-0000-0000-000000000003', '2025-08-17', NULL)
ON CONFLICT (org_id, code) DO NOTHING;

INSERT INTO risks (id, org_id, code, title, category, probability, impact, risk_level, mitigation, owner_id, process_id, review_date)
VALUES ('0004000e-0000-0000-0000-000000000001', '00040001-0000-0000-0000-000000000001', 'R-001', 'Sjukfrånvaro litet team', 'OPERATIONAL'::risk_category, 4, 4, 'HIGH'::risk_level, 'Anlita timvikarie vid sjukdom', '00040002-0000-0000-0000-000000000002', '0004000b-0000-0000-0000-000000000006', '2025-10-18')
ON CONFLICT (org_id, code) DO NOTHING;
INSERT INTO risks (id, org_id, code, title, category, probability, impact, risk_level, mitigation, owner_id, process_id, review_date)
VALUES ('0004000e-0000-0000-0000-000000000002', '00040001-0000-0000-0000-000000000001', 'R-002', 'Materialprisstegring', 'FINANCIAL'::risk_category, 3, 3, 'MEDIUM'::risk_level, 'Prisklauser i offerter >3 månader', '00040002-0000-0000-0000-000000000001', '0004000b-0000-0000-0000-000000000002', '2026-02-01')
ON CONFLICT (org_id, code) DO NOTHING;
INSERT INTO risks (id, org_id, code, title, category, probability, impact, risk_level, mitigation, owner_id, process_id, review_date)
VALUES ('0004000e-0000-0000-0000-000000000003', '00040001-0000-0000-0000-000000000001', 'R-003', 'Enda bil/verktyg slutar fungera', 'OPERATIONAL'::risk_category, 2, 4, 'MEDIUM'::risk_level, 'Servicekontrakt på verktygspark', '00040002-0000-0000-0000-000000000001', '0004000b-0000-0000-0000-000000000001', '2025-08-22')
ON CONFLICT (org_id, code) DO NOTHING;

INSERT INTO kpis (id, org_id, name, value, target, unit, status, period, measured_at)
VALUES ('0004000f-0000-0000-0000-000000000001', '00040001-0000-0000-0000-000000000001', 'Omsättning', 139135.4, 150000.0, 'SEK', 'GREEN', '2025-03', '2025-03-28')
ON CONFLICT DO NOTHING;
INSERT INTO kpis (id, org_id, name, value, target, unit, status, period, measured_at)
VALUES ('0004000f-0000-0000-0000-000000000002', '00040001-0000-0000-0000-000000000001', 'Antal deals', 42.7, 40, 'st', 'GREEN', '2025-03', '2025-03-28')
ON CONFLICT DO NOTHING;
INSERT INTO kpis (id, org_id, name, value, target, unit, status, period, measured_at)
VALUES ('0004000f-0000-0000-0000-000000000003', '00040001-0000-0000-0000-000000000001', 'Kundnöjdhet', 97.7, 85, '%', 'GREEN', '2025-03', '2025-03-28')
ON CONFLICT DO NOTHING;
INSERT INTO kpis (id, org_id, name, value, target, unit, status, period, measured_at)
VALUES ('0004000f-0000-0000-0000-000000000004', '00040001-0000-0000-0000-000000000001', 'Ledtid', 5.1, 5, 'dagar', 'GREEN', '2025-03', '2025-03-28')
ON CONFLICT DO NOTHING;
INSERT INTO kpis (id, org_id, name, value, target, unit, status, period, measured_at)
VALUES ('0004000f-0000-0000-0000-000000000005', '00040001-0000-0000-0000-000000000001', 'Avvikelser', 1.9, 2, 'st', 'GREEN', '2025-03', '2025-03-28')
ON CONFLICT DO NOTHING;
INSERT INTO kpis (id, org_id, name, value, target, unit, status, period, measured_at)
VALUES ('0004000f-0000-0000-0000-000000000006', '00040001-0000-0000-0000-000000000001', 'Omsättning', 120474.2, 150000.0, 'SEK', 'YELLOW', '2025-04', '2025-04-28')
ON CONFLICT DO NOTHING;
INSERT INTO kpis (id, org_id, name, value, target, unit, status, period, measured_at)
VALUES ('0004000f-0000-0000-0000-000000000007', '00040001-0000-0000-0000-000000000001', 'Antal deals', 47.9, 40, 'st', 'GREEN', '2025-04', '2025-04-28')
ON CONFLICT DO NOTHING;
INSERT INTO kpis (id, org_id, name, value, target, unit, status, period, measured_at)
VALUES ('0004000f-0000-0000-0000-000000000008', '00040001-0000-0000-0000-000000000001', 'Kundnöjdhet', 84.7, 85, '%', 'GREEN', '2025-04', '2025-04-28')
ON CONFLICT DO NOTHING;
INSERT INTO kpis (id, org_id, name, value, target, unit, status, period, measured_at)
VALUES ('0004000f-0000-0000-0000-000000000009', '00040001-0000-0000-0000-000000000001', 'Ledtid', 5.8, 5, 'dagar', 'GREEN', '2025-04', '2025-04-28')
ON CONFLICT DO NOTHING;
INSERT INTO kpis (id, org_id, name, value, target, unit, status, period, measured_at)
VALUES ('0004000f-0000-0000-0000-00000000000a', '00040001-0000-0000-0000-000000000001', 'Avvikelser', 2.2, 2, 'st', 'GREEN', '2025-04', '2025-04-28')
ON CONFLICT DO NOTHING;
INSERT INTO kpis (id, org_id, name, value, target, unit, status, period, measured_at)
VALUES ('0004000f-0000-0000-0000-00000000000b', '00040001-0000-0000-0000-000000000001', 'Omsättning', 143190.8, 150000.0, 'SEK', 'GREEN', '2025-05', '2025-05-28')
ON CONFLICT DO NOTHING;
INSERT INTO kpis (id, org_id, name, value, target, unit, status, period, measured_at)
VALUES ('0004000f-0000-0000-0000-00000000000c', '00040001-0000-0000-0000-000000000001', 'Antal deals', 35.1, 40, 'st', 'YELLOW', '2025-05', '2025-05-28')
ON CONFLICT DO NOTHING;
INSERT INTO kpis (id, org_id, name, value, target, unit, status, period, measured_at)
VALUES ('0004000f-0000-0000-0000-00000000000d', '00040001-0000-0000-0000-000000000001', 'Kundnöjdhet', 72.1, 85, '%', 'YELLOW', '2025-05', '2025-05-28')
ON CONFLICT DO NOTHING;
INSERT INTO kpis (id, org_id, name, value, target, unit, status, period, measured_at)
VALUES ('0004000f-0000-0000-0000-00000000000e', '00040001-0000-0000-0000-000000000001', 'Ledtid', 4.1, 5, 'dagar', 'YELLOW', '2025-05', '2025-05-28')
ON CONFLICT DO NOTHING;
INSERT INTO kpis (id, org_id, name, value, target, unit, status, period, measured_at)
VALUES ('0004000f-0000-0000-0000-00000000000f', '00040001-0000-0000-0000-000000000001', 'Avvikelser', 2.4, 2, 'st', 'GREEN', '2025-05', '2025-05-28')
ON CONFLICT DO NOTHING;
INSERT INTO kpis (id, org_id, name, value, target, unit, status, period, measured_at)
VALUES ('0004000f-0000-0000-0000-000000000010', '00040001-0000-0000-0000-000000000001', 'Omsättning', 128669.2, 150000.0, 'SEK', 'YELLOW', '2025-06', '2025-06-28')
ON CONFLICT DO NOTHING;
INSERT INTO kpis (id, org_id, name, value, target, unit, status, period, measured_at)
VALUES ('0004000f-0000-0000-0000-000000000011', '00040001-0000-0000-0000-000000000001', 'Antal deals', 46.5, 40, 'st', 'GREEN', '2025-06', '2025-06-28')
ON CONFLICT DO NOTHING;
INSERT INTO kpis (id, org_id, name, value, target, unit, status, period, measured_at)
VALUES ('0004000f-0000-0000-0000-000000000012', '00040001-0000-0000-0000-000000000001', 'Kundnöjdhet', 71.8, 85, '%', 'YELLOW', '2025-06', '2025-06-28')
ON CONFLICT DO NOTHING;
INSERT INTO kpis (id, org_id, name, value, target, unit, status, period, measured_at)
VALUES ('0004000f-0000-0000-0000-000000000013', '00040001-0000-0000-0000-000000000001', 'Ledtid', 4.6, 5, 'dagar', 'GREEN', '2025-06', '2025-06-28')
ON CONFLICT DO NOTHING;
INSERT INTO kpis (id, org_id, name, value, target, unit, status, period, measured_at)
VALUES ('0004000f-0000-0000-0000-000000000014', '00040001-0000-0000-0000-000000000001', 'Avvikelser', 2.3, 2, 'st', 'GREEN', '2025-06', '2025-06-28')
ON CONFLICT DO NOTHING;
INSERT INTO kpis (id, org_id, name, value, target, unit, status, period, measured_at)
VALUES ('0004000f-0000-0000-0000-000000000015', '00040001-0000-0000-0000-000000000001', 'Omsättning', 115987.5, 150000.0, 'SEK', 'YELLOW', '2025-07', '2025-07-28')
ON CONFLICT DO NOTHING;
INSERT INTO kpis (id, org_id, name, value, target, unit, status, period, measured_at)
VALUES ('0004000f-0000-0000-0000-000000000016', '00040001-0000-0000-0000-000000000001', 'Antal deals', 42.7, 40, 'st', 'GREEN', '2025-07', '2025-07-28')
ON CONFLICT DO NOTHING;
INSERT INTO kpis (id, org_id, name, value, target, unit, status, period, measured_at)
VALUES ('0004000f-0000-0000-0000-000000000017', '00040001-0000-0000-0000-000000000001', 'Kundnöjdhet', 92.3, 85, '%', 'GREEN', '2025-07', '2025-07-28')
ON CONFLICT DO NOTHING;
INSERT INTO kpis (id, org_id, name, value, target, unit, status, period, measured_at)
VALUES ('0004000f-0000-0000-0000-000000000018', '00040001-0000-0000-0000-000000000001', 'Ledtid', 4.1, 5, 'dagar', 'YELLOW', '2025-07', '2025-07-28')
ON CONFLICT DO NOTHING;
INSERT INTO kpis (id, org_id, name, value, target, unit, status, period, measured_at)
VALUES ('0004000f-0000-0000-0000-000000000019', '00040001-0000-0000-0000-000000000001', 'Avvikelser', 2.4, 2, 'st', 'GREEN', '2025-07', '2025-07-28')
ON CONFLICT DO NOTHING;
INSERT INTO kpis (id, org_id, name, value, target, unit, status, period, measured_at)
VALUES ('0004000f-0000-0000-0000-00000000001a', '00040001-0000-0000-0000-000000000001', 'Omsättning', 146804.1, 150000.0, 'SEK', 'GREEN', '2025-08', '2025-08-28')
ON CONFLICT DO NOTHING;
INSERT INTO kpis (id, org_id, name, value, target, unit, status, period, measured_at)
VALUES ('0004000f-0000-0000-0000-00000000001b', '00040001-0000-0000-0000-000000000001', 'Antal deals', 41.8, 40, 'st', 'GREEN', '2025-08', '2025-08-28')
ON CONFLICT DO NOTHING;
INSERT INTO kpis (id, org_id, name, value, target, unit, status, period, measured_at)
VALUES ('0004000f-0000-0000-0000-00000000001c', '00040001-0000-0000-0000-000000000001', 'Kundnöjdhet', 85.2, 85, '%', 'GREEN', '2025-08', '2025-08-28')
ON CONFLICT DO NOTHING;
INSERT INTO kpis (id, org_id, name, value, target, unit, status, period, measured_at)
VALUES ('0004000f-0000-0000-0000-00000000001d', '00040001-0000-0000-0000-000000000001', 'Ledtid', 6.2, 5, 'dagar', 'GREEN', '2025-08', '2025-08-28')
ON CONFLICT DO NOTHING;
INSERT INTO kpis (id, org_id, name, value, target, unit, status, period, measured_at)
VALUES ('0004000f-0000-0000-0000-00000000001e', '00040001-0000-0000-0000-000000000001', 'Avvikelser', 1.5, 2, 'st', 'YELLOW', '2025-08', '2025-08-28')
ON CONFLICT DO NOTHING;
INSERT INTO kpis (id, org_id, name, value, target, unit, status, period, measured_at)
VALUES ('0004000f-0000-0000-0000-00000000001f', '00040001-0000-0000-0000-000000000001', 'Omsättning', 167716.0, 150000.0, 'SEK', 'GREEN', '2025-09', '2025-09-28')
ON CONFLICT DO NOTHING;
INSERT INTO kpis (id, org_id, name, value, target, unit, status, period, measured_at)
VALUES ('0004000f-0000-0000-0000-000000000020', '00040001-0000-0000-0000-000000000001', 'Antal deals', 41.1, 40, 'st', 'GREEN', '2025-09', '2025-09-28')
ON CONFLICT DO NOTHING;
INSERT INTO kpis (id, org_id, name, value, target, unit, status, period, measured_at)
VALUES ('0004000f-0000-0000-0000-000000000021', '00040001-0000-0000-0000-000000000001', 'Kundnöjdhet', 82.1, 85, '%', 'GREEN', '2025-09', '2025-09-28')
ON CONFLICT DO NOTHING;
INSERT INTO kpis (id, org_id, name, value, target, unit, status, period, measured_at)
VALUES ('0004000f-0000-0000-0000-000000000022', '00040001-0000-0000-0000-000000000001', 'Ledtid', 5.2, 5, 'dagar', 'GREEN', '2025-09', '2025-09-28')
ON CONFLICT DO NOTHING;
INSERT INTO kpis (id, org_id, name, value, target, unit, status, period, measured_at)
VALUES ('0004000f-0000-0000-0000-000000000023', '00040001-0000-0000-0000-000000000001', 'Avvikelser', 2.4, 2, 'st', 'GREEN', '2025-09', '2025-09-28')
ON CONFLICT DO NOTHING;
INSERT INTO kpis (id, org_id, name, value, target, unit, status, period, measured_at)
VALUES ('0004000f-0000-0000-0000-000000000024', '00040001-0000-0000-0000-000000000001', 'Omsättning', 171081.1, 150000.0, 'SEK', 'GREEN', '2025-10', '2025-10-28')
ON CONFLICT DO NOTHING;
INSERT INTO kpis (id, org_id, name, value, target, unit, status, period, measured_at)
VALUES ('0004000f-0000-0000-0000-000000000025', '00040001-0000-0000-0000-000000000001', 'Antal deals', 48.2, 40, 'st', 'GREEN', '2025-10', '2025-10-28')
ON CONFLICT DO NOTHING;
INSERT INTO kpis (id, org_id, name, value, target, unit, status, period, measured_at)
VALUES ('0004000f-0000-0000-0000-000000000026', '00040001-0000-0000-0000-000000000001', 'Kundnöjdhet', 93.2, 85, '%', 'GREEN', '2025-10', '2025-10-28')
ON CONFLICT DO NOTHING;
INSERT INTO kpis (id, org_id, name, value, target, unit, status, period, measured_at)
VALUES ('0004000f-0000-0000-0000-000000000027', '00040001-0000-0000-0000-000000000001', 'Ledtid', 4.2, 5, 'dagar', 'YELLOW', '2025-10', '2025-10-28')
ON CONFLICT DO NOTHING;
INSERT INTO kpis (id, org_id, name, value, target, unit, status, period, measured_at)
VALUES ('0004000f-0000-0000-0000-000000000028', '00040001-0000-0000-0000-000000000001', 'Avvikelser', 2.3, 2, 'st', 'GREEN', '2025-10', '2025-10-28')
ON CONFLICT DO NOTHING;
INSERT INTO kpis (id, org_id, name, value, target, unit, status, period, measured_at)
VALUES ('0004000f-0000-0000-0000-000000000029', '00040001-0000-0000-0000-000000000001', 'Omsättning', 120266.5, 150000.0, 'SEK', 'YELLOW', '2025-11', '2025-11-28')
ON CONFLICT DO NOTHING;
INSERT INTO kpis (id, org_id, name, value, target, unit, status, period, measured_at)
VALUES ('0004000f-0000-0000-0000-00000000002a', '00040001-0000-0000-0000-000000000001', 'Antal deals', 43.2, 40, 'st', 'GREEN', '2025-11', '2025-11-28')
ON CONFLICT DO NOTHING;
INSERT INTO kpis (id, org_id, name, value, target, unit, status, period, measured_at)
VALUES ('0004000f-0000-0000-0000-00000000002b', '00040001-0000-0000-0000-000000000001', 'Kundnöjdhet', 89.5, 85, '%', 'GREEN', '2025-11', '2025-11-28')
ON CONFLICT DO NOTHING;
INSERT INTO kpis (id, org_id, name, value, target, unit, status, period, measured_at)
VALUES ('0004000f-0000-0000-0000-00000000002c', '00040001-0000-0000-0000-000000000001', 'Ledtid', 4.6, 5, 'dagar', 'GREEN', '2025-11', '2025-11-28')
ON CONFLICT DO NOTHING;
INSERT INTO kpis (id, org_id, name, value, target, unit, status, period, measured_at)
VALUES ('0004000f-0000-0000-0000-00000000002d', '00040001-0000-0000-0000-000000000001', 'Avvikelser', 2.4, 2, 'st', 'GREEN', '2025-11', '2025-11-28')
ON CONFLICT DO NOTHING;
INSERT INTO kpis (id, org_id, name, value, target, unit, status, period, measured_at)
VALUES ('0004000f-0000-0000-0000-00000000002e', '00040001-0000-0000-0000-000000000001', 'Omsättning', 143899.9, 150000.0, 'SEK', 'GREEN', '2025-12', '2025-12-28')
ON CONFLICT DO NOTHING;
INSERT INTO kpis (id, org_id, name, value, target, unit, status, period, measured_at)
VALUES ('0004000f-0000-0000-0000-00000000002f', '00040001-0000-0000-0000-000000000001', 'Antal deals', 42.2, 40, 'st', 'GREEN', '2025-12', '2025-12-28')
ON CONFLICT DO NOTHING;
INSERT INTO kpis (id, org_id, name, value, target, unit, status, period, measured_at)
VALUES ('0004000f-0000-0000-0000-000000000030', '00040001-0000-0000-0000-000000000001', 'Kundnöjdhet', 93.2, 85, '%', 'GREEN', '2025-12', '2025-12-28')
ON CONFLICT DO NOTHING;
INSERT INTO kpis (id, org_id, name, value, target, unit, status, period, measured_at)
VALUES ('0004000f-0000-0000-0000-000000000031', '00040001-0000-0000-0000-000000000001', 'Ledtid', 4.4, 5, 'dagar', 'YELLOW', '2025-12', '2025-12-28')
ON CONFLICT DO NOTHING;
INSERT INTO kpis (id, org_id, name, value, target, unit, status, period, measured_at)
VALUES ('0004000f-0000-0000-0000-000000000032', '00040001-0000-0000-0000-000000000001', 'Avvikelser', 1.9, 2, 'st', 'GREEN', '2025-12', '2025-12-28')
ON CONFLICT DO NOTHING;
INSERT INTO kpis (id, org_id, name, value, target, unit, status, period, measured_at)
VALUES ('0004000f-0000-0000-0000-000000000033', '00040001-0000-0000-0000-000000000001', 'Omsättning', 138214.4, 150000.0, 'SEK', 'GREEN', '2026-01', '2026-01-28')
ON CONFLICT DO NOTHING;
INSERT INTO kpis (id, org_id, name, value, target, unit, status, period, measured_at)
VALUES ('0004000f-0000-0000-0000-000000000034', '00040001-0000-0000-0000-000000000001', 'Antal deals', 35.9, 40, 'st', 'YELLOW', '2026-01', '2026-01-28')
ON CONFLICT DO NOTHING;
INSERT INTO kpis (id, org_id, name, value, target, unit, status, period, measured_at)
VALUES ('0004000f-0000-0000-0000-000000000035', '00040001-0000-0000-0000-000000000001', 'Kundnöjdhet', 98.0, 85, '%', 'GREEN', '2026-01', '2026-01-28')
ON CONFLICT DO NOTHING;
INSERT INTO kpis (id, org_id, name, value, target, unit, status, period, measured_at)
VALUES ('0004000f-0000-0000-0000-000000000036', '00040001-0000-0000-0000-000000000001', 'Ledtid', 4.1, 5, 'dagar', 'YELLOW', '2026-01', '2026-01-28')
ON CONFLICT DO NOTHING;
INSERT INTO kpis (id, org_id, name, value, target, unit, status, period, measured_at)
VALUES ('0004000f-0000-0000-0000-000000000037', '00040001-0000-0000-0000-000000000001', 'Avvikelser', 2.1, 2, 'st', 'GREEN', '2026-01', '2026-01-28')
ON CONFLICT DO NOTHING;
INSERT INTO kpis (id, org_id, name, value, target, unit, status, period, measured_at)
VALUES ('0004000f-0000-0000-0000-000000000038', '00040001-0000-0000-0000-000000000001', 'Omsättning', 178982.8, 150000.0, 'SEK', 'GREEN', '2026-02', '2026-02-28')
ON CONFLICT DO NOTHING;
INSERT INTO kpis (id, org_id, name, value, target, unit, status, period, measured_at)
VALUES ('0004000f-0000-0000-0000-000000000039', '00040001-0000-0000-0000-000000000001', 'Antal deals', 40.2, 40, 'st', 'GREEN', '2026-02', '2026-02-28')
ON CONFLICT DO NOTHING;
INSERT INTO kpis (id, org_id, name, value, target, unit, status, period, measured_at)
VALUES ('0004000f-0000-0000-0000-00000000003a', '00040001-0000-0000-0000-000000000001', 'Kundnöjdhet', 99.6, 85, '%', 'GREEN', '2026-02', '2026-02-28')
ON CONFLICT DO NOTHING;
INSERT INTO kpis (id, org_id, name, value, target, unit, status, period, measured_at)
VALUES ('0004000f-0000-0000-0000-00000000003b', '00040001-0000-0000-0000-000000000001', 'Ledtid', 5.1, 5, 'dagar', 'GREEN', '2026-02', '2026-02-28')
ON CONFLICT DO NOTHING;
INSERT INTO kpis (id, org_id, name, value, target, unit, status, period, measured_at)
VALUES ('0004000f-0000-0000-0000-00000000003c', '00040001-0000-0000-0000-000000000001', 'Avvikelser', 1.8, 2, 'st', 'GREEN', '2026-02', '2026-02-28')
ON CONFLICT DO NOTHING;

INSERT INTO goals (id, org_id, title, current_value, target_value, unit, status, start_date, end_date, owner_id, created_by)
VALUES ('00040011-0000-0000-0000-000000000001', '00040001-0000-0000-0000-000000000001', 'Öka omsättning med 15%', 193398.7, 270000.0, 'SEK', 'AT_RISK'::goal_status, '2025-03-01', '2026-02-28', '00040002-0000-0000-0000-000000000003', '00040002-0000-0000-0000-000000000001')
ON CONFLICT DO NOTHING;
INSERT INTO goals (id, org_id, title, current_value, target_value, unit, status, start_date, end_date, owner_id, created_by)
VALUES ('00040011-0000-0000-0000-000000000002', '00040001-0000-0000-0000-000000000001', 'Minska avvikelser till <3/månad', 2.1, 3, 'st', 'ACTIVE'::goal_status, '2025-03-01', '2026-02-28', '00040002-0000-0000-0000-000000000001', '00040002-0000-0000-0000-000000000001')
ON CONFLICT DO NOTHING;
INSERT INTO goals (id, org_id, title, current_value, target_value, unit, status, start_date, end_date, owner_id, created_by)
VALUES ('00040011-0000-0000-0000-000000000003', '00040001-0000-0000-0000-000000000001', 'Kundnöjdhet > 90%', 51.5, 90, '%', 'AT_RISK'::goal_status, '2025-03-01', '2026-02-28', '00040002-0000-0000-0000-000000000002', '00040002-0000-0000-0000-000000000001')
ON CONFLICT DO NOTHING;


-- ============================================================
-- ORG 5: VVS Proffsen AB
-- ============================================================

INSERT INTO organizations (id, name, slug, domain, reporting_currency, settings)
VALUES ('00050001-0000-0000-0000-000000000001', 'VVS Proffsen AB', 'vvs-proffsen', 'vvsproffsen.se', 'SEK', '{}'::JSONB)
ON CONFLICT (slug) DO NOTHING;

INSERT INTO users (id, org_id, email, full_name, role, title)
VALUES ('00050002-0000-0000-0000-000000000001', '00050001-0000-0000-0000-000000000001', 'christer.magnusson@vvsproffsen.se', 'Christer Magnusson', 'ADMIN'::user_role, 'VD')
ON CONFLICT (org_id, email) DO NOTHING;
INSERT INTO users (id, org_id, email, full_name, role, title)
VALUES ('00050002-0000-0000-0000-000000000002', '00050001-0000-0000-0000-000000000001', 'susanne.bergstrom@vvsproffsen.se', 'Susanne Bergström', 'MANAGER'::user_role, 'Projektledare')
ON CONFLICT (org_id, email) DO NOTHING;
INSERT INTO users (id, org_id, email, full_name, role, title)
VALUES ('00050002-0000-0000-0000-000000000003', '00050001-0000-0000-0000-000000000001', 'hans.eliasson@vvsproffsen.se', 'Hans Eliasson', 'FINANCE'::user_role, 'Ekonomichef')
ON CONFLICT (org_id, email) DO NOTHING;
INSERT INTO users (id, org_id, email, full_name, role, title)
VALUES ('00050002-0000-0000-0000-000000000004', '00050001-0000-0000-0000-000000000001', 'bjorn.pettersson@vvsproffsen.se', 'Björn Pettersson', 'OPS'::user_role, 'Rörläggare')
ON CONFLICT (org_id, email) DO NOTHING;
INSERT INTO users (id, org_id, email, full_name, role, title)
VALUES ('00050002-0000-0000-0000-000000000005', '00050001-0000-0000-0000-000000000001', 'ake.nordin@vvsproffsen.se', 'Åke Nordin', 'OPS'::user_role, 'Rörläggare')
ON CONFLICT (org_id, email) DO NOTHING;
INSERT INTO users (id, org_id, email, full_name, role, title)
VALUES ('00050002-0000-0000-0000-000000000006', '00050001-0000-0000-0000-000000000001', 'conny.sjoberg@vvsproffsen.se', 'Conny Sjöberg', 'OPS'::user_role, 'Rörläggare')
ON CONFLICT (org_id, email) DO NOTHING;
INSERT INTO users (id, org_id, email, full_name, role, title)
VALUES ('00050002-0000-0000-0000-000000000007', '00050001-0000-0000-0000-000000000001', 'roger.hansson@vvsproffsen.se', 'Roger Hansson', 'OPS'::user_role, 'Rörläggare')
ON CONFLICT (org_id, email) DO NOTHING;
INSERT INTO users (id, org_id, email, full_name, role, title)
VALUES ('00050002-0000-0000-0000-000000000008', '00050001-0000-0000-0000-000000000001', 'marianne.lundqvist@vvsproffsen.se', 'Marianne Lundqvist', 'OPS'::user_role, 'Rörläggare')
ON CONFLICT (org_id, email) DO NOTHING;
INSERT INTO users (id, org_id, email, full_name, role, title)
VALUES ('00050002-0000-0000-0000-000000000009', '00050001-0000-0000-0000-000000000001', 'stefan.ek@vvsproffsen.se', 'Stefan Ek', 'OPS'::user_role, 'Montör')
ON CONFLICT (org_id, email) DO NOTHING;
INSERT INTO users (id, org_id, email, full_name, role, title)
VALUES ('00050002-0000-0000-0000-00000000000a', '00050001-0000-0000-0000-000000000001', 'jimmy.strand@vvsproffsen.se', 'Jimmy Strand', 'OPS'::user_role, 'Montör')
ON CONFLICT (org_id, email) DO NOTHING;
INSERT INTO users (id, org_id, email, full_name, role, title)
VALUES ('00050002-0000-0000-0000-00000000000b', '00050001-0000-0000-0000-000000000001', 'mattias.bjork@vvsproffsen.se', 'Mattias Björk', 'OPS'::user_role, 'Serviceingenjör')
ON CONFLICT (org_id, email) DO NOTHING;
INSERT INTO users (id, org_id, email, full_name, role, title)
VALUES ('00050002-0000-0000-0000-00000000000c', '00050001-0000-0000-0000-000000000001', 'annakarin.fredriksson@vvsproffsen.se', 'Anna-Karin Fredriksson', 'OPS'::user_role, 'Serviceingenjör')
ON CONFLICT (org_id, email) DO NOTHING;
INSERT INTO users (id, org_id, email, full_name, role, title)
VALUES ('00050002-0000-0000-0000-00000000000d', '00050001-0000-0000-0000-000000000001', 'peter.lindén@vvsproffsen.se', 'Peter Lindén', 'OPS'::user_role, 'Rörläggare')
ON CONFLICT (org_id, email) DO NOTHING;
INSERT INTO users (id, org_id, email, full_name, role, title)
VALUES ('00050002-0000-0000-0000-00000000000e', '00050001-0000-0000-0000-000000000001', 'marcus.jonsson@vvsproffsen.se', 'Marcus Jonsson', 'OPS'::user_role, 'Rörläggare')
ON CONFLICT (org_id, email) DO NOTHING;
INSERT INTO users (id, org_id, email, full_name, role, title)
VALUES ('00050002-0000-0000-0000-00000000000f', '00050001-0000-0000-0000-000000000001', 'gunilla.ahman@vvsproffsen.se', 'Gunilla Åhman', 'OPS'::user_role, 'Administratör')
ON CONFLICT (org_id, email) DO NOTHING;
INSERT INTO users (id, org_id, email, full_name, role, title)
VALUES ('00050002-0000-0000-0000-000000000010', '00050001-0000-0000-0000-000000000001', 'tommy.berglund@vvsproffsen.se', 'Tommy Berglund', 'OPS'::user_role, 'Rörläggare')
ON CONFLICT (org_id, email) DO NOTHING;
INSERT INTO users (id, org_id, email, full_name, role, title)
VALUES ('00050002-0000-0000-0000-000000000011', '00050001-0000-0000-0000-000000000001', 'evalena.svensson@vvsproffsen.se', 'Eva-Lena Svensson', 'OPS'::user_role, 'Rörläggare')
ON CONFLICT (org_id, email) DO NOTHING;
INSERT INTO users (id, org_id, email, full_name, role, title)
VALUES ('00050002-0000-0000-0000-000000000012', '00050001-0000-0000-0000-000000000001', 'larserik.johansson@vvsproffsen.se', 'Lars-Erik Johansson', 'SALES'::user_role, 'Säljare')
ON CONFLICT (org_id, email) DO NOTHING;

INSERT INTO companies (id, org_id, name, industry, country, created_by)
VALUES ('00050003-0000-0000-0000-000000000001', '00050001-0000-0000-0000-000000000001', 'Beijer Ref AB', 'VVS-material', 'SE', '00050002-0000-0000-0000-000000000001')
ON CONFLICT DO NOTHING;
INSERT INTO companies (id, org_id, name, industry, country, created_by)
VALUES ('00050003-0000-0000-0000-000000000002', '00050001-0000-0000-0000-000000000001', 'Rörexperten AB', 'Rördelar', 'SE', '00050002-0000-0000-0000-000000000001')
ON CONFLICT DO NOTHING;
INSERT INTO companies (id, org_id, name, industry, country, created_by)
VALUES ('00050003-0000-0000-0000-000000000003', '00050001-0000-0000-0000-000000000001', 'Komfortgruppen AB', 'Värmepumpar', 'SE', '00050002-0000-0000-0000-000000000001')
ON CONFLICT DO NOTHING;
INSERT INTO companies (id, org_id, name, industry, country, created_by)
VALUES ('00050003-0000-0000-0000-000000000004', '00050001-0000-0000-0000-000000000001', 'Grundfos Sverige AB', 'Pumpar', 'SE', '00050002-0000-0000-0000-000000000001')
ON CONFLICT DO NOTHING;
INSERT INTO companies (id, org_id, name, industry, country, created_by)
VALUES ('00050003-0000-0000-0000-000000000005', '00050001-0000-0000-0000-000000000001', 'Uponor AB', 'Rörinstallation', 'SE', '00050002-0000-0000-0000-000000000001')
ON CONFLICT DO NOTHING;
INSERT INTO companies (id, org_id, name, industry, country, city, created_by)
VALUES ('00050003-0000-0000-0000-000000000006', '00050001-0000-0000-0000-000000000001', 'Persson Invest AB', 'VVS/Installation', 'SE', 'Malmö', '00050002-0000-0000-0000-000000000001')
ON CONFLICT DO NOTHING;
INSERT INTO companies (id, org_id, name, industry, country, city, created_by)
VALUES ('00050003-0000-0000-0000-000000000007', '00050001-0000-0000-0000-000000000001', 'Björn Bygg AB', 'VVS/Installation', 'SE', 'Malmö', '00050002-0000-0000-0000-000000000001')
ON CONFLICT DO NOTHING;
INSERT INTO companies (id, org_id, name, industry, country, city, created_by)
VALUES ('00050003-0000-0000-0000-000000000008', '00050001-0000-0000-0000-000000000001', 'Björn Projekt AB', 'VVS/Installation', 'SE', 'Malmö', '00050002-0000-0000-0000-000000000001')
ON CONFLICT DO NOTHING;
INSERT INTO companies (id, org_id, name, industry, country, city, created_by)
VALUES ('00050003-0000-0000-0000-000000000009', '00050001-0000-0000-0000-000000000001', 'Holm Lösningar AB', 'VVS/Installation', 'SE', 'Malmö', '00050002-0000-0000-0000-000000000001')
ON CONFLICT DO NOTHING;
INSERT INTO companies (id, org_id, name, industry, country, city, created_by)
VALUES ('00050003-0000-0000-0000-00000000000a', '00050001-0000-0000-0000-000000000001', 'Holm Fastigheter AB', 'VVS/Installation', 'SE', 'Malmö', '00050002-0000-0000-0000-000000000001')
ON CONFLICT DO NOTHING;
INSERT INTO companies (id, org_id, name, industry, country, city, created_by)
VALUES ('00050003-0000-0000-0000-00000000000b', '00050001-0000-0000-0000-000000000001', 'Karlsson Fastigheter AB', 'VVS/Installation', 'SE', 'Malmö', '00050002-0000-0000-0000-000000000001')
ON CONFLICT DO NOTHING;
INSERT INTO companies (id, org_id, name, industry, country, city, created_by)
VALUES ('00050003-0000-0000-0000-00000000000c', '00050001-0000-0000-0000-000000000001', 'Holm Invest AB', 'VVS/Installation', 'SE', 'Malmö', '00050002-0000-0000-0000-000000000001')
ON CONFLICT DO NOTHING;
INSERT INTO companies (id, org_id, name, industry, country, city, created_by)
VALUES ('00050003-0000-0000-0000-00000000000d', '00050001-0000-0000-0000-000000000001', 'Nilsson Fastigheter AB', 'VVS/Installation', 'SE', 'Malmö', '00050002-0000-0000-0000-000000000001')
ON CONFLICT DO NOTHING;
INSERT INTO companies (id, org_id, name, industry, country, city, created_by)
VALUES ('00050003-0000-0000-0000-00000000000e', '00050001-0000-0000-0000-000000000001', 'Lindgren Lösningar AB', 'VVS/Installation', 'SE', 'Malmö', '00050002-0000-0000-0000-000000000001')
ON CONFLICT DO NOTHING;
INSERT INTO companies (id, org_id, name, industry, country, city, created_by)
VALUES ('00050003-0000-0000-0000-00000000000f', '00050001-0000-0000-0000-000000000001', 'Persson Lösningar AB', 'VVS/Installation', 'SE', 'Malmö', '00050002-0000-0000-0000-000000000001')
ON CONFLICT DO NOTHING;
INSERT INTO companies (id, org_id, name, industry, country, city, created_by)
VALUES ('00050003-0000-0000-0000-000000000010', '00050001-0000-0000-0000-000000000001', 'Ek Invest AB', 'VVS/Installation', 'SE', 'Malmö', '00050002-0000-0000-0000-000000000001')
ON CONFLICT DO NOTHING;
INSERT INTO companies (id, org_id, name, industry, country, city, created_by)
VALUES ('00050003-0000-0000-0000-000000000011', '00050001-0000-0000-0000-000000000001', 'Nilsson Lösningar AB', 'VVS/Installation', 'SE', 'Malmö', '00050002-0000-0000-0000-000000000001')
ON CONFLICT DO NOTHING;
INSERT INTO companies (id, org_id, name, industry, country, city, created_by)
VALUES ('00050003-0000-0000-0000-000000000012', '00050001-0000-0000-0000-000000000001', 'Lindgren Fastigheter AB', 'VVS/Installation', 'SE', 'Malmö', '00050002-0000-0000-0000-000000000001')
ON CONFLICT DO NOTHING;
INSERT INTO companies (id, org_id, name, industry, country, city, created_by)
VALUES ('00050003-0000-0000-0000-000000000013', '00050001-0000-0000-0000-000000000001', 'Björn Projekt AB', 'VVS/Installation', 'SE', 'Malmö', '00050002-0000-0000-0000-000000000001')
ON CONFLICT DO NOTHING;
INSERT INTO companies (id, org_id, name, industry, country, city, created_by)
VALUES ('00050003-0000-0000-0000-000000000014', '00050001-0000-0000-0000-000000000001', 'Karlsson Handel AB', 'VVS/Installation', 'SE', 'Malmö', '00050002-0000-0000-0000-000000000001')
ON CONFLICT DO NOTHING;
INSERT INTO companies (id, org_id, name, industry, country, city, created_by)
VALUES ('00050003-0000-0000-0000-000000000015', '00050001-0000-0000-0000-000000000001', 'Holm Handel AB', 'VVS/Installation', 'SE', 'Malmö', '00050002-0000-0000-0000-000000000001')
ON CONFLICT DO NOTHING;
INSERT INTO companies (id, org_id, name, industry, country, city, created_by)
VALUES ('00050003-0000-0000-0000-000000000016', '00050001-0000-0000-0000-000000000001', 'Ek Fastigheter AB', 'VVS/Installation', 'SE', 'Malmö', '00050002-0000-0000-0000-000000000001')
ON CONFLICT DO NOTHING;
INSERT INTO companies (id, org_id, name, industry, country, city, created_by)
VALUES ('00050003-0000-0000-0000-000000000017', '00050001-0000-0000-0000-000000000001', 'Holm Partner AB', 'VVS/Installation', 'SE', 'Malmö', '00050002-0000-0000-0000-000000000001')
ON CONFLICT DO NOTHING;
INSERT INTO companies (id, org_id, name, industry, country, city, created_by)
VALUES ('00050003-0000-0000-0000-000000000018', '00050001-0000-0000-0000-000000000001', 'Holm Service AB', 'VVS/Installation', 'SE', 'Malmö', '00050002-0000-0000-0000-000000000001')
ON CONFLICT DO NOTHING;
INSERT INTO companies (id, org_id, name, industry, country, city, created_by)
VALUES ('00050003-0000-0000-0000-000000000019', '00050001-0000-0000-0000-000000000001', 'Nilsson Fastigheter AB', 'VVS/Installation', 'SE', 'Malmö', '00050002-0000-0000-0000-000000000001')
ON CONFLICT DO NOTHING;
INSERT INTO companies (id, org_id, name, industry, country, city, created_by)
VALUES ('00050003-0000-0000-0000-00000000001a', '00050001-0000-0000-0000-000000000001', 'Ek Handel AB', 'VVS/Installation', 'SE', 'Malmö', '00050002-0000-0000-0000-000000000001')
ON CONFLICT DO NOTHING;
INSERT INTO companies (id, org_id, name, industry, country, city, created_by)
VALUES ('00050003-0000-0000-0000-00000000001b', '00050001-0000-0000-0000-000000000001', 'Berg Handel AB', 'VVS/Installation', 'SE', 'Malmö', '00050002-0000-0000-0000-000000000001')
ON CONFLICT DO NOTHING;
INSERT INTO companies (id, org_id, name, industry, country, city, created_by)
VALUES ('00050003-0000-0000-0000-00000000001c', '00050001-0000-0000-0000-000000000001', 'Björn Handel AB', 'VVS/Installation', 'SE', 'Malmö', '00050002-0000-0000-0000-000000000001')
ON CONFLICT DO NOTHING;
INSERT INTO companies (id, org_id, name, industry, country, city, created_by)
VALUES ('00050003-0000-0000-0000-00000000001d', '00050001-0000-0000-0000-000000000001', 'Lindgren Lösningar AB', 'VVS/Installation', 'SE', 'Malmö', '00050002-0000-0000-0000-000000000001')
ON CONFLICT DO NOTHING;
INSERT INTO companies (id, org_id, name, industry, country, city, created_by)
VALUES ('00050003-0000-0000-0000-00000000001e', '00050001-0000-0000-0000-000000000001', 'Berg Invest AB', 'VVS/Installation', 'SE', 'Malmö', '00050002-0000-0000-0000-000000000001')
ON CONFLICT DO NOTHING;
INSERT INTO companies (id, org_id, name, industry, country, city, created_by)
VALUES ('00050003-0000-0000-0000-00000000001f', '00050001-0000-0000-0000-000000000001', 'Karlsson Invest AB', 'VVS/Installation', 'SE', 'Malmö', '00050002-0000-0000-0000-000000000001')
ON CONFLICT DO NOTHING;
INSERT INTO companies (id, org_id, name, industry, country, city, created_by)
VALUES ('00050003-0000-0000-0000-000000000020', '00050001-0000-0000-0000-000000000001', 'Persson Bygg AB', 'VVS/Installation', 'SE', 'Malmö', '00050002-0000-0000-0000-000000000001')
ON CONFLICT DO NOTHING;
INSERT INTO companies (id, org_id, name, industry, country, city, created_by)
VALUES ('00050003-0000-0000-0000-000000000021', '00050001-0000-0000-0000-000000000001', 'Holm Fastigheter AB', 'VVS/Installation', 'SE', 'Malmö', '00050002-0000-0000-0000-000000000001')
ON CONFLICT DO NOTHING;
INSERT INTO companies (id, org_id, name, industry, country, city, created_by)
VALUES ('00050003-0000-0000-0000-000000000022', '00050001-0000-0000-0000-000000000001', 'Holm Lösningar AB', 'VVS/Installation', 'SE', 'Malmö', '00050002-0000-0000-0000-000000000001')
ON CONFLICT DO NOTHING;
INSERT INTO companies (id, org_id, name, industry, country, city, created_by)
VALUES ('00050003-0000-0000-0000-000000000023', '00050001-0000-0000-0000-000000000001', 'Ek Invest AB', 'VVS/Installation', 'SE', 'Malmö', '00050002-0000-0000-0000-000000000001')
ON CONFLICT DO NOTHING;

INSERT INTO contacts (id, org_id, company_id, first_name, last_name, email, created_by)
VALUES ('00050004-0000-0000-0000-000000000001', '00050001-0000-0000-0000-000000000001', '00050003-0000-0000-0000-000000000011', 'Karin', 'Berg', 'karin.berg@example.com', '00050002-0000-0000-0000-000000000001')
ON CONFLICT DO NOTHING;
INSERT INTO contacts (id, org_id, company_id, first_name, last_name, email, created_by)
VALUES ('00050004-0000-0000-0000-000000000002', '00050001-0000-0000-0000-000000000001', '00050003-0000-0000-0000-00000000001e', 'Anna', 'Larsson', 'anna.larsson@example.com', '00050002-0000-0000-0000-000000000001')
ON CONFLICT DO NOTHING;
INSERT INTO contacts (id, org_id, company_id, first_name, last_name, email, created_by)
VALUES ('00050004-0000-0000-0000-000000000003', '00050001-0000-0000-0000-000000000001', '00050003-0000-0000-0000-00000000000a', 'Marcus', 'Nyman', 'marcus.nyman@example.com', '00050002-0000-0000-0000-000000000001')
ON CONFLICT DO NOTHING;
INSERT INTO contacts (id, org_id, company_id, first_name, last_name, email, created_by)
VALUES ('00050004-0000-0000-0000-000000000004', '00050001-0000-0000-0000-000000000001', '00050003-0000-0000-0000-000000000015', 'Maria', 'Nilsson', 'maria.nilsson@example.com', '00050002-0000-0000-0000-000000000001')
ON CONFLICT DO NOTHING;
INSERT INTO contacts (id, org_id, company_id, first_name, last_name, email, created_by)
VALUES ('00050004-0000-0000-0000-000000000005', '00050001-0000-0000-0000-000000000001', '00050003-0000-0000-0000-000000000014', 'Magnus', 'Svensson', 'magnus.svensson@example.com', '00050002-0000-0000-0000-000000000001')
ON CONFLICT DO NOTHING;
INSERT INTO contacts (id, org_id, company_id, first_name, last_name, email, created_by)
VALUES ('00050004-0000-0000-0000-000000000006', '00050001-0000-0000-0000-000000000001', '00050003-0000-0000-0000-000000000017', 'Mikael', 'Strand', 'mikael.strand@example.com', '00050002-0000-0000-0000-000000000001')
ON CONFLICT DO NOTHING;
INSERT INTO contacts (id, org_id, company_id, first_name, last_name, email, created_by)
VALUES ('00050004-0000-0000-0000-000000000007', '00050001-0000-0000-0000-000000000001', '00050003-0000-0000-0000-000000000015', 'Sara', 'Strand', 'sara.strand@example.com', '00050002-0000-0000-0000-000000000001')
ON CONFLICT DO NOTHING;
INSERT INTO contacts (id, org_id, company_id, first_name, last_name, email, created_by)
VALUES ('00050004-0000-0000-0000-000000000008', '00050001-0000-0000-0000-000000000001', '00050003-0000-0000-0000-00000000000c', 'Anders', 'Eriksson', 'anders.eriksson@example.com', '00050002-0000-0000-0000-000000000001')
ON CONFLICT DO NOTHING;
INSERT INTO contacts (id, org_id, company_id, first_name, last_name, email, created_by)
VALUES ('00050004-0000-0000-0000-000000000009', '00050001-0000-0000-0000-000000000001', '00050003-0000-0000-0000-000000000021', 'Anders', 'Johansson', 'anders.johansson@example.com', '00050002-0000-0000-0000-000000000001')
ON CONFLICT DO NOTHING;
INSERT INTO contacts (id, org_id, company_id, first_name, last_name, email, created_by)
VALUES ('00050004-0000-0000-0000-00000000000a', '00050001-0000-0000-0000-000000000001', '00050003-0000-0000-0000-000000000023', 'Karin', 'Persson', 'karin.persson@example.com', '00050002-0000-0000-0000-000000000001')
ON CONFLICT DO NOTHING;
INSERT INTO contacts (id, org_id, company_id, first_name, last_name, email, created_by)
VALUES ('00050004-0000-0000-0000-00000000000b', '00050001-0000-0000-0000-000000000001', '00050003-0000-0000-0000-000000000006', 'Stefan', 'Persson', 'stefan.persson@example.com', '00050002-0000-0000-0000-000000000001')
ON CONFLICT DO NOTHING;
INSERT INTO contacts (id, org_id, company_id, first_name, last_name, email, created_by)
VALUES ('00050004-0000-0000-0000-00000000000c', '00050001-0000-0000-0000-000000000001', '00050003-0000-0000-0000-00000000000e', 'Maja', 'Eriksson', 'maja.eriksson@example.com', '00050002-0000-0000-0000-000000000001')
ON CONFLICT DO NOTHING;
INSERT INTO contacts (id, org_id, company_id, first_name, last_name, email, created_by)
VALUES ('00050004-0000-0000-0000-00000000000d', '00050001-0000-0000-0000-000000000001', '00050003-0000-0000-0000-000000000016', 'Daniel', 'Larsson', 'daniel.larsson@example.com', '00050002-0000-0000-0000-000000000001')
ON CONFLICT DO NOTHING;
INSERT INTO contacts (id, org_id, company_id, first_name, last_name, email, created_by)
VALUES ('00050004-0000-0000-0000-00000000000e', '00050001-0000-0000-0000-000000000001', '00050003-0000-0000-0000-00000000000e', 'Maja', 'Karlsson', 'maja.karlsson@example.com', '00050002-0000-0000-0000-000000000001')
ON CONFLICT DO NOTHING;
INSERT INTO contacts (id, org_id, company_id, first_name, last_name, email, created_by)
VALUES ('00050004-0000-0000-0000-00000000000f', '00050001-0000-0000-0000-000000000001', '00050003-0000-0000-0000-00000000001f', 'Magnus', 'Lindqvist', 'magnus.lindqvist@example.com', '00050002-0000-0000-0000-000000000001')
ON CONFLICT DO NOTHING;
INSERT INTO contacts (id, org_id, company_id, first_name, last_name, email, created_by)
VALUES ('00050004-0000-0000-0000-000000000010', '00050001-0000-0000-0000-000000000001', '00050003-0000-0000-0000-000000000001', 'Stefan', 'Ekström', 'stefan.ekström@example.com', '00050002-0000-0000-0000-000000000001')
ON CONFLICT DO NOTHING;
INSERT INTO contacts (id, org_id, company_id, first_name, last_name, email, created_by)
VALUES ('00050004-0000-0000-0000-000000000011', '00050001-0000-0000-0000-000000000001', '00050003-0000-0000-0000-000000000017', 'Lena', 'Holm', 'lena.holm@example.com', '00050002-0000-0000-0000-000000000001')
ON CONFLICT DO NOTHING;
INSERT INTO contacts (id, org_id, company_id, first_name, last_name, email, created_by)
VALUES ('00050004-0000-0000-0000-000000000012', '00050001-0000-0000-0000-000000000001', '00050003-0000-0000-0000-000000000010', 'Erik', 'Eriksson', 'erik.eriksson@example.com', '00050002-0000-0000-0000-000000000001')
ON CONFLICT DO NOTHING;
INSERT INTO contacts (id, org_id, company_id, first_name, last_name, email, created_by)
VALUES ('00050004-0000-0000-0000-000000000013', '00050001-0000-0000-0000-000000000001', '00050003-0000-0000-0000-000000000015', 'Maria', 'Holm', 'maria.holm@example.com', '00050002-0000-0000-0000-000000000001')
ON CONFLICT DO NOTHING;
INSERT INTO contacts (id, org_id, company_id, first_name, last_name, email, created_by)
VALUES ('00050004-0000-0000-0000-000000000014', '00050001-0000-0000-0000-000000000001', '00050003-0000-0000-0000-000000000008', 'Lars', 'Nyman', 'lars.nyman@example.com', '00050002-0000-0000-0000-000000000001')
ON CONFLICT DO NOTHING;
INSERT INTO contacts (id, org_id, company_id, first_name, last_name, email, created_by)
VALUES ('00050004-0000-0000-0000-000000000015', '00050001-0000-0000-0000-000000000001', '00050003-0000-0000-0000-000000000023', 'Lars', 'Karlsson', 'lars.karlsson@example.com', '00050002-0000-0000-0000-000000000001')
ON CONFLICT DO NOTHING;
INSERT INTO contacts (id, org_id, company_id, first_name, last_name, email, created_by)
VALUES ('00050004-0000-0000-0000-000000000016', '00050001-0000-0000-0000-000000000001', '00050003-0000-0000-0000-000000000002', 'Niklas', 'Karlsson', 'niklas.karlsson@example.com', '00050002-0000-0000-0000-000000000001')
ON CONFLICT DO NOTHING;
INSERT INTO contacts (id, org_id, company_id, first_name, last_name, email, created_by)
VALUES ('00050004-0000-0000-0000-000000000017', '00050001-0000-0000-0000-000000000001', '00050003-0000-0000-0000-000000000018', 'Anders', 'Ekström', 'anders.ekström@example.com', '00050002-0000-0000-0000-000000000001')
ON CONFLICT DO NOTHING;
INSERT INTO contacts (id, org_id, company_id, first_name, last_name, email, created_by)
VALUES ('00050004-0000-0000-0000-000000000018', '00050001-0000-0000-0000-000000000001', '00050003-0000-0000-0000-000000000021', 'Anders', 'Strand', 'anders.strand@example.com', '00050002-0000-0000-0000-000000000001')
ON CONFLICT DO NOTHING;
INSERT INTO contacts (id, org_id, company_id, first_name, last_name, email, created_by)
VALUES ('00050004-0000-0000-0000-000000000019', '00050001-0000-0000-0000-000000000001', '00050003-0000-0000-0000-000000000003', 'Erik', 'Andersson', 'erik.andersson@example.com', '00050002-0000-0000-0000-000000000001')
ON CONFLICT DO NOTHING;
INSERT INTO contacts (id, org_id, company_id, first_name, last_name, email, created_by)
VALUES ('00050004-0000-0000-0000-00000000001a', '00050001-0000-0000-0000-000000000001', '00050003-0000-0000-0000-00000000000d', 'Linda', 'Nyman', 'linda.nyman@example.com', '00050002-0000-0000-0000-000000000001')
ON CONFLICT DO NOTHING;
INSERT INTO contacts (id, org_id, company_id, first_name, last_name, email, created_by)
VALUES ('00050004-0000-0000-0000-00000000001b', '00050001-0000-0000-0000-000000000001', '00050003-0000-0000-0000-000000000006', 'Emma', 'Lindqvist', 'emma.lindqvist@example.com', '00050002-0000-0000-0000-000000000001')
ON CONFLICT DO NOTHING;
INSERT INTO contacts (id, org_id, company_id, first_name, last_name, email, created_by)
VALUES ('00050004-0000-0000-0000-00000000001c', '00050001-0000-0000-0000-000000000001', '00050003-0000-0000-0000-000000000023', 'Lena', 'Nilsson', 'lena.nilsson@example.com', '00050002-0000-0000-0000-000000000001')
ON CONFLICT DO NOTHING;
INSERT INTO contacts (id, org_id, company_id, first_name, last_name, email, created_by)
VALUES ('00050004-0000-0000-0000-00000000001d', '00050001-0000-0000-0000-000000000001', '00050003-0000-0000-0000-000000000005', 'Stefan', 'Svensson', 'stefan.svensson@example.com', '00050002-0000-0000-0000-000000000001')
ON CONFLICT DO NOTHING;
INSERT INTO contacts (id, org_id, company_id, first_name, last_name, email, created_by)
VALUES ('00050004-0000-0000-0000-00000000001e', '00050001-0000-0000-0000-000000000001', '00050003-0000-0000-0000-00000000000e', 'Helena', 'Holm', 'helena.holm@example.com', '00050002-0000-0000-0000-000000000001')
ON CONFLICT DO NOTHING;
INSERT INTO contacts (id, org_id, company_id, first_name, last_name, email, created_by)
VALUES ('00050004-0000-0000-0000-00000000001f', '00050001-0000-0000-0000-000000000001', '00050003-0000-0000-0000-000000000007', 'Daniel', 'Persson', 'daniel.persson@example.com', '00050002-0000-0000-0000-000000000001')
ON CONFLICT DO NOTHING;
INSERT INTO contacts (id, org_id, company_id, first_name, last_name, email, created_by)
VALUES ('00050004-0000-0000-0000-000000000020', '00050001-0000-0000-0000-000000000001', '00050003-0000-0000-0000-00000000001c', 'Helena', 'Lindqvist', 'helena.lindqvist@example.com', '00050002-0000-0000-0000-000000000001')
ON CONFLICT DO NOTHING;
INSERT INTO contacts (id, org_id, company_id, first_name, last_name, email, created_by)
VALUES ('00050004-0000-0000-0000-000000000021', '00050001-0000-0000-0000-000000000001', '00050003-0000-0000-0000-000000000005', 'Tobias', 'Ekström', 'tobias.ekström@example.com', '00050002-0000-0000-0000-000000000001')
ON CONFLICT DO NOTHING;
INSERT INTO contacts (id, org_id, company_id, first_name, last_name, email, created_by)
VALUES ('00050004-0000-0000-0000-000000000022', '00050001-0000-0000-0000-000000000001', '00050003-0000-0000-0000-00000000000a', 'Niklas', 'Holm', 'niklas.holm@example.com', '00050002-0000-0000-0000-000000000001')
ON CONFLICT DO NOTHING;
INSERT INTO contacts (id, org_id, company_id, first_name, last_name, email, created_by)
VALUES ('00050004-0000-0000-0000-000000000023', '00050001-0000-0000-0000-000000000001', '00050003-0000-0000-0000-000000000016', 'Anna', 'Andersson', 'anna.andersson@example.com', '00050002-0000-0000-0000-000000000001')
ON CONFLICT DO NOTHING;

INSERT INTO deals (id, org_id, company_id, contact_id, title, status, amount, currency, exchange_rate, reporting_amount, probability, expected_close, closed_at, assigned_to, created_by)
VALUES ('00050006-0000-0000-0000-000000000001', '00050001-0000-0000-0000-000000000001', '00050003-0000-0000-0000-000000000005', '00050004-0000-0000-0000-00000000000f', 'Värmepumpsinstallation – BRF Solhem #1', 'NEW'::deal_status, 157643.09, 'SEK', 1.0, 157643.09, 31, '2025-11-26', NULL, '00050002-0000-0000-0000-000000000009', '00050002-0000-0000-0000-000000000001')
ON CONFLICT DO NOTHING;
INSERT INTO deals (id, org_id, company_id, contact_id, title, status, amount, currency, exchange_rate, reporting_amount, probability, expected_close, closed_at, assigned_to, created_by)
VALUES ('00050006-0000-0000-0000-000000000002', '00050001-0000-0000-0000-000000000001', '00050003-0000-0000-0000-000000000002', '00050004-0000-0000-0000-000000000019', 'Stambyte kvarteret Linden #2', 'OFFER'::deal_status, 375649.42, 'SEK', 1.0, 375649.42, 45, '2025-12-27', NULL, '00050002-0000-0000-0000-000000000004', '00050002-0000-0000-0000-000000000001')
ON CONFLICT DO NOTHING;
INSERT INTO deals (id, org_id, company_id, contact_id, title, status, amount, currency, exchange_rate, reporting_amount, probability, expected_close, closed_at, assigned_to, created_by)
VALUES ('00050006-0000-0000-0000-000000000003', '00050001-0000-0000-0000-000000000001', '00050003-0000-0000-0000-000000000003', '00050004-0000-0000-0000-000000000005', 'VVS nyproduktion Malmö Port 24 lgh #3', 'NEGOTIATION'::deal_status, 485436.2, 'SEK', 1.0, 485436.2, 59, '2026-01-26', NULL, '00050002-0000-0000-0000-00000000000c', '00050002-0000-0000-0000-000000000001')
ON CONFLICT DO NOTHING;
INSERT INTO deals (id, org_id, company_id, contact_id, title, status, amount, currency, exchange_rate, reporting_amount, probability, expected_close, closed_at, assigned_to, created_by)
VALUES ('00050006-0000-0000-0000-000000000004', '00050001-0000-0000-0000-000000000001', '00050003-0000-0000-0000-000000000006', '00050004-0000-0000-0000-000000000013', 'Serviceavtal fastighet Klippan #4', 'NEGOTIATION'::deal_status, 282598.04, 'SEK', 1.0, 282598.04, 63, '2026-01-04', NULL, '00050002-0000-0000-0000-00000000000f', '00050002-0000-0000-0000-000000000001')
ON CONFLICT DO NOTHING;
INSERT INTO deals (id, org_id, company_id, contact_id, title, status, amount, currency, exchange_rate, reporting_amount, probability, expected_close, closed_at, assigned_to, created_by)
VALUES ('00050006-0000-0000-0000-000000000005', '00050001-0000-0000-0000-000000000001', '00050003-0000-0000-0000-000000000023', '00050004-0000-0000-0000-00000000000f', 'Badrumsrenovering – fam. Persson #5', 'OFFER'::deal_status, 589685.98, 'SEK', 1.0, 589685.98, 21, '2025-11-18', NULL, '00050002-0000-0000-0000-000000000005', '00050002-0000-0000-0000-000000000001')
ON CONFLICT DO NOTHING;
INSERT INTO deals (id, org_id, company_id, contact_id, title, status, amount, currency, exchange_rate, reporting_amount, probability, expected_close, closed_at, assigned_to, created_by)
VALUES ('00050006-0000-0000-0000-000000000006', '00050001-0000-0000-0000-000000000001', '00050003-0000-0000-0000-00000000000a', '00050004-0000-0000-0000-000000000014', 'Golvvärme 200 kvm – villa Åhus #6', 'WON'::deal_status, 575059.87, 'SEK', 1.0, 575059.87, 90, '2026-01-11', '2025-12-05', '00050002-0000-0000-0000-00000000000c', '00050002-0000-0000-0000-000000000001')
ON CONFLICT DO NOTHING;
INSERT INTO deals (id, org_id, company_id, contact_id, title, status, amount, currency, exchange_rate, reporting_amount, probability, expected_close, closed_at, assigned_to, created_by)
VALUES ('00050006-0000-0000-0000-000000000007', '00050001-0000-0000-0000-000000000001', '00050003-0000-0000-0000-000000000023', '00050004-0000-0000-0000-000000000006', 'Vattenläcka akutreparation Emporia #7', 'NEW'::deal_status, 186481.82, 'SEK', 1.0, 186481.82, 20, '2026-02-07', NULL, '00050002-0000-0000-0000-00000000000a', '00050002-0000-0000-0000-000000000001')
ON CONFLICT DO NOTHING;
INSERT INTO deals (id, org_id, company_id, contact_id, title, status, amount, currency, exchange_rate, reporting_amount, probability, expected_close, closed_at, assigned_to, created_by)
VALUES ('00050006-0000-0000-0000-000000000008', '00050001-0000-0000-0000-000000000001', '00050003-0000-0000-0000-00000000000a', '00050004-0000-0000-0000-00000000000b', 'Sprinklerinstallation lagerhall #8', 'QUALIFIED'::deal_status, 237540.54, 'SEK', 1.0, 237540.54, 77, '2026-02-26', NULL, '00050002-0000-0000-0000-000000000006', '00050002-0000-0000-0000-000000000001')
ON CONFLICT DO NOTHING;
INSERT INTO deals (id, org_id, company_id, contact_id, title, status, amount, currency, exchange_rate, reporting_amount, probability, expected_close, closed_at, assigned_to, created_by)
VALUES ('00050006-0000-0000-0000-000000000009', '00050001-0000-0000-0000-000000000001', '00050003-0000-0000-0000-000000000004', '00050004-0000-0000-0000-00000000001e', 'Fjärrvärmekonvertering kv. Björnen #9', 'QUALIFIED'::deal_status, 227495.89, 'SEK', 1.0, 227495.89, 31, '2026-02-25', NULL, '00050002-0000-0000-0000-000000000012', '00050002-0000-0000-0000-000000000001')
ON CONFLICT DO NOTHING;
INSERT INTO deals (id, org_id, company_id, contact_id, title, status, amount, currency, exchange_rate, reporting_amount, probability, expected_close, closed_at, assigned_to, created_by)
VALUES ('00050006-0000-0000-0000-00000000000a', '00050001-0000-0000-0000-000000000001', '00050003-0000-0000-0000-000000000020', '00050004-0000-0000-0000-000000000016', 'Ventilationsservice årsavtal #10', 'NEW'::deal_status, 502895.34, 'SEK', 1.0, 502895.34, 36, '2025-07-30', NULL, '00050002-0000-0000-0000-00000000000c', '00050002-0000-0000-0000-000000000001')
ON CONFLICT DO NOTHING;
INSERT INTO deals (id, org_id, company_id, contact_id, title, status, amount, currency, exchange_rate, reporting_amount, probability, expected_close, closed_at, assigned_to, created_by)
VALUES ('00050006-0000-0000-0000-00000000000b', '00050001-0000-0000-0000-000000000001', '00050003-0000-0000-0000-000000000015', '00050004-0000-0000-0000-000000000020', 'Kylinstallation serverrum #11', 'QUALIFIED'::deal_status, 173102.92, 'SEK', 1.0, 173102.92, 59, '2025-07-13', NULL, '00050002-0000-0000-0000-00000000000f', '00050002-0000-0000-0000-000000000001')
ON CONFLICT DO NOTHING;
INSERT INTO deals (id, org_id, company_id, contact_id, title, status, amount, currency, exchange_rate, reporting_amount, probability, expected_close, closed_at, assigned_to, created_by)
VALUES ('00050006-0000-0000-0000-00000000000c', '00050001-0000-0000-0000-000000000001', '00050003-0000-0000-0000-000000000018', '00050004-0000-0000-0000-000000000015', 'Mark-VVS nybyggnation #12', 'DEMO'::deal_status, 515456.61, 'SEK', 1.0, 515456.61, 29, '2026-02-25', NULL, '00050002-0000-0000-0000-00000000000e', '00050002-0000-0000-0000-000000000001')
ON CONFLICT DO NOTHING;
INSERT INTO deals (id, org_id, company_id, contact_id, title, status, amount, currency, exchange_rate, reporting_amount, probability, expected_close, closed_at, assigned_to, created_by)
VALUES ('00050006-0000-0000-0000-00000000000d', '00050001-0000-0000-0000-000000000001', '00050003-0000-0000-0000-00000000001c', '00050004-0000-0000-0000-000000000012', 'Värmepumpsinstallation – BRF Solhem #13', 'QUALIFIED'::deal_status, 296085.45, 'SEK', 1.0, 296085.45, 70, '2025-12-21', NULL, '00050002-0000-0000-0000-00000000000c', '00050002-0000-0000-0000-000000000001')
ON CONFLICT DO NOTHING;
INSERT INTO deals (id, org_id, company_id, contact_id, title, status, amount, currency, exchange_rate, reporting_amount, probability, expected_close, closed_at, assigned_to, created_by)
VALUES ('00050006-0000-0000-0000-00000000000e', '00050001-0000-0000-0000-000000000001', '00050003-0000-0000-0000-000000000014', '00050004-0000-0000-0000-000000000020', 'Stambyte kvarteret Linden #14', 'QUALIFIED'::deal_status, 621857.21, 'SEK', 1.0, 621857.21, 49, '2026-01-14', NULL, '00050002-0000-0000-0000-000000000012', '00050002-0000-0000-0000-000000000001')
ON CONFLICT DO NOTHING;
INSERT INTO deals (id, org_id, company_id, contact_id, title, status, amount, currency, exchange_rate, reporting_amount, probability, expected_close, closed_at, assigned_to, created_by)
VALUES ('00050006-0000-0000-0000-00000000000f', '00050001-0000-0000-0000-000000000001', '00050003-0000-0000-0000-000000000009', '00050004-0000-0000-0000-000000000023', 'VVS nyproduktion Malmö Port 24 lgh #15', 'NEW'::deal_status, 487818.23, 'SEK', 1.0, 487818.23, 25, '2026-02-26', NULL, '00050002-0000-0000-0000-000000000007', '00050002-0000-0000-0000-000000000001')
ON CONFLICT DO NOTHING;
INSERT INTO deals (id, org_id, company_id, contact_id, title, status, amount, currency, exchange_rate, reporting_amount, probability, expected_close, closed_at, assigned_to, created_by)
VALUES ('00050006-0000-0000-0000-000000000010', '00050001-0000-0000-0000-000000000001', '00050003-0000-0000-0000-000000000002', '00050004-0000-0000-0000-00000000001a', 'Serviceavtal fastighet Klippan #16', 'DEMO'::deal_status, 535053.1, 'SEK', 1.0, 535053.1, 77, '2025-11-24', NULL, '00050002-0000-0000-0000-000000000007', '00050002-0000-0000-0000-000000000001')
ON CONFLICT DO NOTHING;
INSERT INTO deals (id, org_id, company_id, contact_id, title, status, amount, currency, exchange_rate, reporting_amount, probability, expected_close, closed_at, assigned_to, created_by)
VALUES ('00050006-0000-0000-0000-000000000011', '00050001-0000-0000-0000-000000000001', '00050003-0000-0000-0000-00000000000a', '00050004-0000-0000-0000-000000000018', 'Badrumsrenovering – fam. Persson #17', 'NEW'::deal_status, 428924.61, 'SEK', 1.0, 428924.61, 54, '2026-01-19', NULL, '00050002-0000-0000-0000-00000000000d', '00050002-0000-0000-0000-000000000001')
ON CONFLICT DO NOTHING;
INSERT INTO deals (id, org_id, company_id, contact_id, title, status, amount, currency, exchange_rate, reporting_amount, probability, expected_close, closed_at, assigned_to, created_by)
VALUES ('00050006-0000-0000-0000-000000000012', '00050001-0000-0000-0000-000000000001', '00050003-0000-0000-0000-00000000001a', '00050004-0000-0000-0000-000000000018', 'Golvvärme 200 kvm – villa Åhus #18', 'QUALIFIED'::deal_status, 192623.8, 'SEK', 1.0, 192623.8, 52, '2025-11-28', NULL, '00050002-0000-0000-0000-000000000011', '00050002-0000-0000-0000-000000000001')
ON CONFLICT DO NOTHING;
INSERT INTO deals (id, org_id, company_id, contact_id, title, status, amount, currency, exchange_rate, reporting_amount, probability, expected_close, closed_at, assigned_to, created_by)
VALUES ('00050006-0000-0000-0000-000000000013', '00050001-0000-0000-0000-000000000001', '00050003-0000-0000-0000-00000000000b', '00050004-0000-0000-0000-000000000021', 'Vattenläcka akutreparation Emporia #19', 'NEW'::deal_status, 604604.91, 'SEK', 1.0, 604604.91, 71, '2026-02-21', NULL, '00050002-0000-0000-0000-000000000005', '00050002-0000-0000-0000-000000000001')
ON CONFLICT DO NOTHING;
INSERT INTO deals (id, org_id, company_id, contact_id, title, status, amount, currency, exchange_rate, reporting_amount, probability, expected_close, closed_at, assigned_to, created_by)
VALUES ('00050006-0000-0000-0000-000000000014', '00050001-0000-0000-0000-000000000001', '00050003-0000-0000-0000-00000000001f', '00050004-0000-0000-0000-000000000017', 'Sprinklerinstallation lagerhall #20', 'OFFER'::deal_status, 218737.61, 'SEK', 1.0, 218737.61, 80, '2026-01-02', NULL, '00050002-0000-0000-0000-000000000002', '00050002-0000-0000-0000-000000000001')
ON CONFLICT DO NOTHING;
INSERT INTO deals (id, org_id, company_id, contact_id, title, status, amount, currency, exchange_rate, reporting_amount, probability, expected_close, closed_at, assigned_to, created_by)
VALUES ('00050006-0000-0000-0000-000000000015', '00050001-0000-0000-0000-000000000001', '00050003-0000-0000-0000-000000000003', '00050004-0000-0000-0000-00000000000e', 'Fjärrvärmekonvertering kv. Björnen #21', 'QUALIFIED'::deal_status, 249086.49, 'SEK', 1.0, 249086.49, 36, '2025-11-04', NULL, '00050002-0000-0000-0000-000000000011', '00050002-0000-0000-0000-000000000001')
ON CONFLICT DO NOTHING;
INSERT INTO deals (id, org_id, company_id, contact_id, title, status, amount, currency, exchange_rate, reporting_amount, probability, expected_close, closed_at, assigned_to, created_by)
VALUES ('00050006-0000-0000-0000-000000000016', '00050001-0000-0000-0000-000000000001', '00050003-0000-0000-0000-000000000003', '00050004-0000-0000-0000-000000000015', 'Ventilationsservice årsavtal #22', 'LOST'::deal_status, 339284.49, 'SEK', 1.0, 339284.49, 10, '2025-10-30', '2025-10-19', '00050002-0000-0000-0000-000000000004', '00050002-0000-0000-0000-000000000001')
ON CONFLICT DO NOTHING;
INSERT INTO deals (id, org_id, company_id, contact_id, title, status, amount, currency, exchange_rate, reporting_amount, probability, expected_close, closed_at, assigned_to, created_by)
VALUES ('00050006-0000-0000-0000-000000000017', '00050001-0000-0000-0000-000000000001', '00050003-0000-0000-0000-000000000023', '00050004-0000-0000-0000-00000000000c', 'Kylinstallation serverrum #23', 'WON'::deal_status, 597041.69, 'SEK', 1.0, 597041.69, 90, '2025-12-08', '2025-07-13', '00050002-0000-0000-0000-00000000000d', '00050002-0000-0000-0000-000000000001')
ON CONFLICT DO NOTHING;
INSERT INTO deals (id, org_id, company_id, contact_id, title, status, amount, currency, exchange_rate, reporting_amount, probability, expected_close, closed_at, assigned_to, created_by)
VALUES ('00050006-0000-0000-0000-000000000018', '00050001-0000-0000-0000-000000000001', '00050003-0000-0000-0000-000000000005', '00050004-0000-0000-0000-000000000022', 'Mark-VVS nybyggnation #24', 'WON'::deal_status, 326132.76, 'SEK', 1.0, 326132.76, 90, '2026-02-26', '2026-01-29', '00050002-0000-0000-0000-000000000009', '00050002-0000-0000-0000-000000000001')
ON CONFLICT DO NOTHING;
INSERT INTO deals (id, org_id, company_id, contact_id, title, status, amount, currency, exchange_rate, reporting_amount, probability, expected_close, closed_at, assigned_to, created_by)
VALUES ('00050006-0000-0000-0000-000000000019', '00050001-0000-0000-0000-000000000001', '00050003-0000-0000-0000-00000000001f', '00050004-0000-0000-0000-000000000001', 'Värmepumpsinstallation – BRF Solhem #25', 'OFFER'::deal_status, 413291.41, 'SEK', 1.0, 413291.41, 42, '2025-12-26', NULL, '00050002-0000-0000-0000-000000000011', '00050002-0000-0000-0000-000000000001')
ON CONFLICT DO NOTHING;
INSERT INTO deals (id, org_id, company_id, contact_id, title, status, amount, currency, exchange_rate, reporting_amount, probability, expected_close, closed_at, assigned_to, created_by)
VALUES ('00050006-0000-0000-0000-00000000001a', '00050001-0000-0000-0000-000000000001', '00050003-0000-0000-0000-000000000012', '00050004-0000-0000-0000-00000000000e', 'Stambyte kvarteret Linden #26', 'QUALIFIED'::deal_status, 210926.44, 'SEK', 1.0, 210926.44, 24, '2026-02-09', NULL, '00050002-0000-0000-0000-000000000005', '00050002-0000-0000-0000-000000000001')
ON CONFLICT DO NOTHING;
INSERT INTO deals (id, org_id, company_id, contact_id, title, status, amount, currency, exchange_rate, reporting_amount, probability, expected_close, closed_at, assigned_to, created_by)
VALUES ('00050006-0000-0000-0000-00000000001b', '00050001-0000-0000-0000-000000000001', '00050003-0000-0000-0000-00000000001b', '00050004-0000-0000-0000-000000000016', 'VVS nyproduktion Malmö Port 24 lgh #27', 'QUALIFIED'::deal_status, 324359.39, 'SEK', 1.0, 324359.39, 65, '2025-08-25', NULL, '00050002-0000-0000-0000-000000000004', '00050002-0000-0000-0000-000000000001')
ON CONFLICT DO NOTHING;
INSERT INTO deals (id, org_id, company_id, contact_id, title, status, amount, currency, exchange_rate, reporting_amount, probability, expected_close, closed_at, assigned_to, created_by)
VALUES ('00050006-0000-0000-0000-00000000001c', '00050001-0000-0000-0000-000000000001', '00050003-0000-0000-0000-000000000002', '00050004-0000-0000-0000-000000000010', 'Serviceavtal fastighet Klippan #28', 'OFFER'::deal_status, 391742.98, 'SEK', 1.0, 391742.98, 57, '2025-12-18', NULL, '00050002-0000-0000-0000-000000000002', '00050002-0000-0000-0000-000000000001')
ON CONFLICT DO NOTHING;
INSERT INTO deals (id, org_id, company_id, contact_id, title, status, amount, currency, exchange_rate, reporting_amount, probability, expected_close, closed_at, assigned_to, created_by)
VALUES ('00050006-0000-0000-0000-00000000001d', '00050001-0000-0000-0000-000000000001', '00050003-0000-0000-0000-00000000000a', '00050004-0000-0000-0000-000000000004', 'Badrumsrenovering – fam. Persson #29', 'QUALIFIED'::deal_status, 193110.03, 'SEK', 1.0, 193110.03, 52, '2026-01-08', NULL, '00050002-0000-0000-0000-000000000006', '00050002-0000-0000-0000-000000000001')
ON CONFLICT DO NOTHING;
INSERT INTO deals (id, org_id, company_id, contact_id, title, status, amount, currency, exchange_rate, reporting_amount, probability, expected_close, closed_at, assigned_to, created_by)
VALUES ('00050006-0000-0000-0000-00000000001e', '00050001-0000-0000-0000-000000000001', '00050003-0000-0000-0000-000000000002', '00050004-0000-0000-0000-000000000013', 'Golvvärme 200 kvm – villa Åhus #30', 'DEMO'::deal_status, 413446.55, 'SEK', 1.0, 413446.55, 45, '2026-02-06', NULL, '00050002-0000-0000-0000-000000000003', '00050002-0000-0000-0000-000000000001')
ON CONFLICT DO NOTHING;
INSERT INTO deals (id, org_id, company_id, contact_id, title, status, amount, currency, exchange_rate, reporting_amount, probability, expected_close, closed_at, assigned_to, created_by)
VALUES ('00050006-0000-0000-0000-00000000001f', '00050001-0000-0000-0000-000000000001', '00050003-0000-0000-0000-00000000000f', '00050004-0000-0000-0000-00000000001b', 'Vattenläcka akutreparation Emporia #31', 'QUALIFIED'::deal_status, 465303.4, 'SEK', 1.0, 465303.4, 50, '2025-11-23', NULL, '00050002-0000-0000-0000-000000000005', '00050002-0000-0000-0000-000000000001')
ON CONFLICT DO NOTHING;
INSERT INTO deals (id, org_id, company_id, contact_id, title, status, amount, currency, exchange_rate, reporting_amount, probability, expected_close, closed_at, assigned_to, created_by)
VALUES ('00050006-0000-0000-0000-000000000020', '00050001-0000-0000-0000-000000000001', '00050003-0000-0000-0000-00000000000b', '00050004-0000-0000-0000-000000000016', 'Sprinklerinstallation lagerhall #32', 'LOST'::deal_status, 474929.85, 'SEK', 1.0, 474929.85, 10, '2025-12-20', '2025-11-17', '00050002-0000-0000-0000-00000000000f', '00050002-0000-0000-0000-000000000001')
ON CONFLICT DO NOTHING;
INSERT INTO deals (id, org_id, company_id, contact_id, title, status, amount, currency, exchange_rate, reporting_amount, probability, expected_close, closed_at, assigned_to, created_by)
VALUES ('00050006-0000-0000-0000-000000000021', '00050001-0000-0000-0000-000000000001', '00050003-0000-0000-0000-000000000002', '00050004-0000-0000-0000-00000000000d', 'Fjärrvärmekonvertering kv. Björnen #33', 'NEGOTIATION'::deal_status, 247969.49, 'SEK', 1.0, 247969.49, 44, '2025-07-01', NULL, '00050002-0000-0000-0000-000000000011', '00050002-0000-0000-0000-000000000001')
ON CONFLICT DO NOTHING;
INSERT INTO deals (id, org_id, company_id, contact_id, title, status, amount, currency, exchange_rate, reporting_amount, probability, expected_close, closed_at, assigned_to, created_by)
VALUES ('00050006-0000-0000-0000-000000000022', '00050001-0000-0000-0000-000000000001', '00050003-0000-0000-0000-00000000000c', '00050004-0000-0000-0000-00000000001f', 'Ventilationsservice årsavtal #34', 'LOST'::deal_status, 592219.72, 'SEK', 1.0, 592219.72, 10, '2026-01-11', '2026-01-05', '00050002-0000-0000-0000-000000000002', '00050002-0000-0000-0000-000000000001')
ON CONFLICT DO NOTHING;
INSERT INTO deals (id, org_id, company_id, contact_id, title, status, amount, currency, exchange_rate, reporting_amount, probability, expected_close, closed_at, assigned_to, created_by)
VALUES ('00050006-0000-0000-0000-000000000023', '00050001-0000-0000-0000-000000000001', '00050003-0000-0000-0000-000000000023', '00050004-0000-0000-0000-000000000001', 'Kylinstallation serverrum #35', 'LOST'::deal_status, 169148.06, 'SEK', 1.0, 169148.06, 10, '2026-02-05', '2026-02-01', '00050002-0000-0000-0000-00000000000e', '00050002-0000-0000-0000-000000000001')
ON CONFLICT DO NOTHING;
INSERT INTO deals (id, org_id, company_id, contact_id, title, status, amount, currency, exchange_rate, reporting_amount, probability, expected_close, closed_at, assigned_to, created_by)
VALUES ('00050006-0000-0000-0000-000000000024', '00050001-0000-0000-0000-000000000001', '00050003-0000-0000-0000-00000000000f', '00050004-0000-0000-0000-00000000001f', 'Mark-VVS nybyggnation #36', 'NEGOTIATION'::deal_status, 329063.91, 'SEK', 1.0, 329063.91, 22, '2026-02-27', NULL, '00050002-0000-0000-0000-00000000000d', '00050002-0000-0000-0000-000000000001')
ON CONFLICT DO NOTHING;
INSERT INTO deals (id, org_id, company_id, contact_id, title, status, amount, currency, exchange_rate, reporting_amount, probability, expected_close, closed_at, assigned_to, created_by)
VALUES ('00050006-0000-0000-0000-000000000025', '00050001-0000-0000-0000-000000000001', '00050003-0000-0000-0000-00000000000f', '00050004-0000-0000-0000-000000000006', 'Värmepumpsinstallation – BRF Solhem #37', 'DEMO'::deal_status, 360859.27, 'SEK', 1.0, 360859.27, 36, '2026-02-06', NULL, '00050002-0000-0000-0000-00000000000a', '00050002-0000-0000-0000-000000000001')
ON CONFLICT DO NOTHING;
INSERT INTO deals (id, org_id, company_id, contact_id, title, status, amount, currency, exchange_rate, reporting_amount, probability, expected_close, closed_at, assigned_to, created_by)
VALUES ('00050006-0000-0000-0000-000000000026', '00050001-0000-0000-0000-000000000001', '00050003-0000-0000-0000-000000000022', '00050004-0000-0000-0000-000000000008', 'Stambyte kvarteret Linden #38', 'NEGOTIATION'::deal_status, 264118.26, 'SEK', 1.0, 264118.26, 20, '2026-02-27', NULL, '00050002-0000-0000-0000-000000000011', '00050002-0000-0000-0000-000000000001')
ON CONFLICT DO NOTHING;
INSERT INTO deals (id, org_id, company_id, contact_id, title, status, amount, currency, exchange_rate, reporting_amount, probability, expected_close, closed_at, assigned_to, created_by)
VALUES ('00050006-0000-0000-0000-000000000027', '00050001-0000-0000-0000-000000000001', '00050003-0000-0000-0000-000000000018', '00050004-0000-0000-0000-000000000007', 'VVS nyproduktion Malmö Port 24 lgh #39', 'NEW'::deal_status, 493007.38, 'SEK', 1.0, 493007.38, 64, '2025-11-21', NULL, '00050002-0000-0000-0000-000000000005', '00050002-0000-0000-0000-000000000001')
ON CONFLICT DO NOTHING;
INSERT INTO deals (id, org_id, company_id, contact_id, title, status, amount, currency, exchange_rate, reporting_amount, probability, expected_close, closed_at, assigned_to, created_by)
VALUES ('00050006-0000-0000-0000-000000000028', '00050001-0000-0000-0000-000000000001', '00050003-0000-0000-0000-000000000018', '00050004-0000-0000-0000-000000000012', 'Serviceavtal fastighet Klippan #40', 'OFFER'::deal_status, 266136.29, 'SEK', 1.0, 266136.29, 54, '2026-02-24', NULL, '00050002-0000-0000-0000-00000000000d', '00050002-0000-0000-0000-000000000001')
ON CONFLICT DO NOTHING;
INSERT INTO deals (id, org_id, company_id, contact_id, title, status, amount, currency, exchange_rate, reporting_amount, probability, expected_close, closed_at, assigned_to, created_by)
VALUES ('00050006-0000-0000-0000-000000000029', '00050001-0000-0000-0000-000000000001', '00050003-0000-0000-0000-00000000000c', '00050004-0000-0000-0000-000000000018', 'Badrumsrenovering – fam. Persson #41', 'LOST'::deal_status, 353785.48, 'SEK', 1.0, 353785.48, 10, '2026-02-10', '2025-12-11', '00050002-0000-0000-0000-000000000012', '00050002-0000-0000-0000-000000000001')
ON CONFLICT DO NOTHING;
INSERT INTO deals (id, org_id, company_id, contact_id, title, status, amount, currency, exchange_rate, reporting_amount, probability, expected_close, closed_at, assigned_to, created_by)
VALUES ('00050006-0000-0000-0000-00000000002a', '00050001-0000-0000-0000-000000000001', '00050003-0000-0000-0000-00000000001a', '00050004-0000-0000-0000-000000000009', 'Golvvärme 200 kvm – villa Åhus #42', 'NEGOTIATION'::deal_status, 261794.8, 'SEK', 1.0, 261794.8, 39, '2026-02-03', NULL, '00050002-0000-0000-0000-000000000004', '00050002-0000-0000-0000-000000000001')
ON CONFLICT DO NOTHING;
INSERT INTO deals (id, org_id, company_id, contact_id, title, status, amount, currency, exchange_rate, reporting_amount, probability, expected_close, closed_at, assigned_to, created_by)
VALUES ('00050006-0000-0000-0000-00000000002b', '00050001-0000-0000-0000-000000000001', '00050003-0000-0000-0000-000000000007', '00050004-0000-0000-0000-00000000000e', 'Vattenläcka akutreparation Emporia #43', 'WON'::deal_status, 373035.51, 'SEK', 1.0, 373035.51, 90, '2026-02-23', '2026-02-22', '00050002-0000-0000-0000-000000000011', '00050002-0000-0000-0000-000000000001')
ON CONFLICT DO NOTHING;
INSERT INTO deals (id, org_id, company_id, contact_id, title, status, amount, currency, exchange_rate, reporting_amount, probability, expected_close, closed_at, assigned_to, created_by)
VALUES ('00050006-0000-0000-0000-00000000002c', '00050001-0000-0000-0000-000000000001', '00050003-0000-0000-0000-00000000000b', '00050004-0000-0000-0000-000000000019', 'Sprinklerinstallation lagerhall #44', 'OFFER'::deal_status, 577415.62, 'SEK', 1.0, 577415.62, 59, '2026-02-20', NULL, '00050002-0000-0000-0000-000000000001', '00050002-0000-0000-0000-000000000001')
ON CONFLICT DO NOTHING;
INSERT INTO deals (id, org_id, company_id, contact_id, title, status, amount, currency, exchange_rate, reporting_amount, probability, expected_close, closed_at, assigned_to, created_by)
VALUES ('00050006-0000-0000-0000-00000000002d', '00050001-0000-0000-0000-000000000001', '00050003-0000-0000-0000-00000000001c', '00050004-0000-0000-0000-000000000006', 'Fjärrvärmekonvertering kv. Björnen #45', 'LOST'::deal_status, 590339.69, 'SEK', 1.0, 590339.69, 10, '2026-02-23', '2025-10-28', '00050002-0000-0000-0000-000000000003', '00050002-0000-0000-0000-000000000001')
ON CONFLICT DO NOTHING;
INSERT INTO deals (id, org_id, company_id, contact_id, title, status, amount, currency, exchange_rate, reporting_amount, probability, expected_close, closed_at, assigned_to, created_by)
VALUES ('00050006-0000-0000-0000-00000000002e', '00050001-0000-0000-0000-000000000001', '00050003-0000-0000-0000-00000000001a', '00050004-0000-0000-0000-000000000022', 'Ventilationsservice årsavtal #46', 'DEMO'::deal_status, 329327.96, 'SEK', 1.0, 329327.96, 58, '2025-10-02', NULL, '00050002-0000-0000-0000-00000000000a', '00050002-0000-0000-0000-000000000001')
ON CONFLICT DO NOTHING;
INSERT INTO deals (id, org_id, company_id, contact_id, title, status, amount, currency, exchange_rate, reporting_amount, probability, expected_close, closed_at, assigned_to, created_by)
VALUES ('00050006-0000-0000-0000-00000000002f', '00050001-0000-0000-0000-000000000001', '00050003-0000-0000-0000-00000000001d', '00050004-0000-0000-0000-000000000001', 'Kylinstallation serverrum #47', 'WON'::deal_status, 660989.92, 'SEK', 1.0, 660989.92, 90, '2026-02-06', '2025-05-29', '00050002-0000-0000-0000-000000000007', '00050002-0000-0000-0000-000000000001')
ON CONFLICT DO NOTHING;
INSERT INTO deals (id, org_id, company_id, contact_id, title, status, amount, currency, exchange_rate, reporting_amount, probability, expected_close, closed_at, assigned_to, created_by)
VALUES ('00050006-0000-0000-0000-000000000030', '00050001-0000-0000-0000-000000000001', '00050003-0000-0000-0000-000000000022', '00050004-0000-0000-0000-00000000000f', 'Mark-VVS nybyggnation #48', 'LOST'::deal_status, 227738.36, 'SEK', 1.0, 227738.36, 10, '2026-02-02', '2026-01-01', '00050002-0000-0000-0000-000000000006', '00050002-0000-0000-0000-000000000001')
ON CONFLICT DO NOTHING;
INSERT INTO deals (id, org_id, company_id, contact_id, title, status, amount, currency, exchange_rate, reporting_amount, probability, expected_close, closed_at, assigned_to, created_by)
VALUES ('00050006-0000-0000-0000-000000000031', '00050001-0000-0000-0000-000000000001', '00050003-0000-0000-0000-00000000000b', '00050004-0000-0000-0000-000000000006', 'Värmepumpsinstallation – BRF Solhem #49', 'WON'::deal_status, 322926.92, 'SEK', 1.0, 322926.92, 90, '2026-01-30', '2026-01-30', '00050002-0000-0000-0000-000000000009', '00050002-0000-0000-0000-000000000001')
ON CONFLICT DO NOTHING;
INSERT INTO deals (id, org_id, company_id, contact_id, title, status, amount, currency, exchange_rate, reporting_amount, probability, expected_close, closed_at, assigned_to, created_by)
VALUES ('00050006-0000-0000-0000-000000000032', '00050001-0000-0000-0000-000000000001', '00050003-0000-0000-0000-00000000000d', '00050004-0000-0000-0000-000000000022', 'Stambyte kvarteret Linden #50', 'LOST'::deal_status, 319112.11, 'SEK', 1.0, 319112.11, 10, '2025-12-31', '2025-09-19', '00050002-0000-0000-0000-000000000001', '00050002-0000-0000-0000-000000000001')
ON CONFLICT DO NOTHING;
INSERT INTO deals (id, org_id, company_id, contact_id, title, status, amount, currency, exchange_rate, reporting_amount, probability, expected_close, closed_at, assigned_to, created_by)
VALUES ('00050006-0000-0000-0000-000000000033', '00050001-0000-0000-0000-000000000001', '00050003-0000-0000-0000-000000000017', '00050004-0000-0000-0000-000000000017', 'VVS nyproduktion Malmö Port 24 lgh #51', 'WON'::deal_status, 645679.28, 'SEK', 1.0, 645679.28, 90, '2026-01-12', '2025-12-07', '00050002-0000-0000-0000-000000000009', '00050002-0000-0000-0000-000000000001')
ON CONFLICT DO NOTHING;
INSERT INTO deals (id, org_id, company_id, contact_id, title, status, amount, currency, exchange_rate, reporting_amount, probability, expected_close, closed_at, assigned_to, created_by)
VALUES ('00050006-0000-0000-0000-000000000034', '00050001-0000-0000-0000-000000000001', '00050003-0000-0000-0000-000000000011', '00050004-0000-0000-0000-00000000000c', 'Serviceavtal fastighet Klippan #52', 'QUALIFIED'::deal_status, 377745.58, 'SEK', 1.0, 377745.58, 45, '2025-12-20', NULL, '00050002-0000-0000-0000-00000000000e', '00050002-0000-0000-0000-000000000001')
ON CONFLICT DO NOTHING;
INSERT INTO deals (id, org_id, company_id, contact_id, title, status, amount, currency, exchange_rate, reporting_amount, probability, expected_close, closed_at, assigned_to, created_by)
VALUES ('00050006-0000-0000-0000-000000000035', '00050001-0000-0000-0000-000000000001', '00050003-0000-0000-0000-000000000008', '00050004-0000-0000-0000-000000000021', 'Badrumsrenovering – fam. Persson #53', 'NEGOTIATION'::deal_status, 437671.57, 'SEK', 1.0, 437671.57, 52, '2025-10-24', NULL, '00050002-0000-0000-0000-000000000009', '00050002-0000-0000-0000-000000000001')
ON CONFLICT DO NOTHING;
INSERT INTO deals (id, org_id, company_id, contact_id, title, status, amount, currency, exchange_rate, reporting_amount, probability, expected_close, closed_at, assigned_to, created_by)
VALUES ('00050006-0000-0000-0000-000000000036', '00050001-0000-0000-0000-000000000001', '00050003-0000-0000-0000-000000000010', '00050004-0000-0000-0000-000000000016', 'Golvvärme 200 kvm – villa Åhus #54', 'NEGOTIATION'::deal_status, 515879.92, 'SEK', 1.0, 515879.92, 44, '2026-02-13', NULL, '00050002-0000-0000-0000-00000000000f', '00050002-0000-0000-0000-000000000001')
ON CONFLICT DO NOTHING;
INSERT INTO deals (id, org_id, company_id, contact_id, title, status, amount, currency, exchange_rate, reporting_amount, probability, expected_close, closed_at, assigned_to, created_by)
VALUES ('00050006-0000-0000-0000-000000000037', '00050001-0000-0000-0000-000000000001', '00050003-0000-0000-0000-000000000008', '00050004-0000-0000-0000-000000000011', 'Vattenläcka akutreparation Emporia #55', 'WON'::deal_status, 632609.9, 'SEK', 1.0, 632609.9, 90, '2025-11-16', '2025-03-15', '00050002-0000-0000-0000-000000000003', '00050002-0000-0000-0000-000000000001')
ON CONFLICT DO NOTHING;

INSERT INTO tasks (id, org_id, title, status, priority, due_date, completed_at, deal_id, assigned_to, created_by)
VALUES ('00050007-0000-0000-0000-000000000001', '00050001-0000-0000-0000-000000000001', 'Förbered kvartalsrapport #1', 'DONE'::task_status, 2, '2026-02-10', '2026-02-10', '00050006-0000-0000-0000-000000000034', '00050002-0000-0000-0000-00000000000b', '00050002-0000-0000-0000-000000000001')
ON CONFLICT DO NOTHING;
INSERT INTO tasks (id, org_id, title, status, priority, due_date, completed_at, deal_id, assigned_to, created_by)
VALUES ('00050007-0000-0000-0000-000000000002', '00050001-0000-0000-0000-000000000001', 'Kundmöte bokas #2', 'DONE'::task_status, 3, '2025-11-20', '2025-11-20', '00050006-0000-0000-0000-00000000002d', '00050002-0000-0000-0000-000000000009', '00050002-0000-0000-0000-000000000001')
ON CONFLICT DO NOTHING;
INSERT INTO tasks (id, org_id, title, status, priority, due_date, completed_at, deal_id, assigned_to, created_by)
VALUES ('00050007-0000-0000-0000-000000000003', '00050001-0000-0000-0000-000000000001', 'Kontrollera lager #3', 'IN_PROGRESS'::task_status, 3, '2025-04-17', NULL, NULL, '00050002-0000-0000-0000-00000000000b', '00050002-0000-0000-0000-000000000001')
ON CONFLICT DO NOTHING;
INSERT INTO tasks (id, org_id, title, status, priority, due_date, completed_at, deal_id, assigned_to, created_by)
VALUES ('00050007-0000-0000-0000-000000000004', '00050001-0000-0000-0000-000000000001', 'Uppdatera rutinbeskrivning #4', 'TODO'::task_status, 5, '2025-05-31', NULL, NULL, '00050002-0000-0000-0000-00000000000c', '00050002-0000-0000-0000-000000000001')
ON CONFLICT DO NOTHING;
INSERT INTO tasks (id, org_id, title, status, priority, due_date, completed_at, deal_id, assigned_to, created_by)
VALUES ('00050007-0000-0000-0000-000000000005', '00050001-0000-0000-0000-000000000001', 'Följ upp offert #5', 'IN_PROGRESS'::task_status, 5, '2025-07-16', NULL, NULL, '00050002-0000-0000-0000-000000000007', '00050002-0000-0000-0000-000000000001')
ON CONFLICT DO NOTHING;
INSERT INTO tasks (id, org_id, title, status, priority, due_date, completed_at, deal_id, assigned_to, created_by)
VALUES ('00050007-0000-0000-0000-000000000006', '00050001-0000-0000-0000-000000000001', 'Skicka faktura #6', 'DONE'::task_status, 2, '2025-06-29', '2025-06-29', '00050006-0000-0000-0000-000000000011', '00050002-0000-0000-0000-000000000007', '00050002-0000-0000-0000-000000000001')
ON CONFLICT DO NOTHING;
INSERT INTO tasks (id, org_id, title, status, priority, due_date, completed_at, deal_id, assigned_to, created_by)
VALUES ('00050007-0000-0000-0000-000000000007', '00050001-0000-0000-0000-000000000001', 'Boka service #7', 'IN_PROGRESS'::task_status, 2, '2025-07-06', NULL, '00050006-0000-0000-0000-000000000017', '00050002-0000-0000-0000-000000000005', '00050002-0000-0000-0000-000000000001')
ON CONFLICT DO NOTHING;
INSERT INTO tasks (id, org_id, title, status, priority, due_date, completed_at, deal_id, assigned_to, created_by)
VALUES ('00050007-0000-0000-0000-000000000008', '00050001-0000-0000-0000-000000000001', 'Genomför riskbedömning #8', 'TODO'::task_status, 1, '2025-04-10', NULL, '00050006-0000-0000-0000-00000000002b', '00050002-0000-0000-0000-000000000010', '00050002-0000-0000-0000-000000000001')
ON CONFLICT DO NOTHING;
INSERT INTO tasks (id, org_id, title, status, priority, due_date, completed_at, deal_id, assigned_to, created_by)
VALUES ('00050007-0000-0000-0000-000000000009', '00050001-0000-0000-0000-000000000001', 'Planera personalsamtal #9', 'BLOCKED'::task_status, 1, '2025-12-03', NULL, '00050006-0000-0000-0000-000000000037', '00050002-0000-0000-0000-000000000010', '00050002-0000-0000-0000-000000000001')
ON CONFLICT DO NOTHING;
INSERT INTO tasks (id, org_id, title, status, priority, due_date, completed_at, deal_id, assigned_to, created_by)
VALUES ('00050007-0000-0000-0000-00000000000a', '00050001-0000-0000-0000-000000000001', 'Uppdatera process-dokumentation #10', 'REVIEW'::task_status, 5, '2025-08-09', NULL, NULL, '00050002-0000-0000-0000-000000000009', '00050002-0000-0000-0000-000000000001')
ON CONFLICT DO NOTHING;
INSERT INTO tasks (id, org_id, title, status, priority, due_date, completed_at, deal_id, assigned_to, created_by)
VALUES ('00050007-0000-0000-0000-00000000000b', '00050001-0000-0000-0000-000000000001', 'Genomför internrevision #11', 'DONE'::task_status, 2, '2025-11-17', '2025-11-17', NULL, '00050002-0000-0000-0000-000000000008', '00050002-0000-0000-0000-000000000001')
ON CONFLICT DO NOTHING;
INSERT INTO tasks (id, org_id, title, status, priority, due_date, completed_at, deal_id, assigned_to, created_by)
VALUES ('00050007-0000-0000-0000-00000000000c', '00050001-0000-0000-0000-000000000001', 'Följ upp NC #12', 'BLOCKED'::task_status, 2, '2025-03-28', NULL, '00050006-0000-0000-0000-00000000001c', '00050002-0000-0000-0000-000000000010', '00050002-0000-0000-0000-000000000001')
ON CONFLICT DO NOTHING;
INSERT INTO tasks (id, org_id, title, status, priority, due_date, completed_at, deal_id, assigned_to, created_by)
VALUES ('00050007-0000-0000-0000-00000000000d', '00050001-0000-0000-0000-000000000001', 'Upprätta handlingsplan #13', 'BLOCKED'::task_status, 1, '2025-11-13', NULL, NULL, '00050002-0000-0000-0000-000000000006', '00050002-0000-0000-0000-000000000001')
ON CONFLICT DO NOTHING;
INSERT INTO tasks (id, org_id, title, status, priority, due_date, completed_at, deal_id, assigned_to, created_by)
VALUES ('00050007-0000-0000-0000-00000000000e', '00050001-0000-0000-0000-000000000001', 'Kontakta leverantör #14', 'DONE'::task_status, 1, '2026-02-21', '2026-02-21', '00050006-0000-0000-0000-000000000015', '00050002-0000-0000-0000-000000000001', '00050002-0000-0000-0000-000000000001')
ON CONFLICT DO NOTHING;
INSERT INTO tasks (id, org_id, title, status, priority, due_date, completed_at, deal_id, assigned_to, created_by)
VALUES ('00050007-0000-0000-0000-00000000000f', '00050001-0000-0000-0000-000000000001', 'Planera veckoschema #15', 'TODO'::task_status, 2, '2025-09-11', NULL, '00050006-0000-0000-0000-000000000015', '00050002-0000-0000-0000-00000000000c', '00050002-0000-0000-0000-000000000001')
ON CONFLICT DO NOTHING;
INSERT INTO tasks (id, org_id, title, status, priority, due_date, completed_at, deal_id, assigned_to, created_by)
VALUES ('00050007-0000-0000-0000-000000000010', '00050001-0000-0000-0000-000000000001', 'Granska avtal #16', 'BLOCKED'::task_status, 3, '2025-06-04', NULL, '00050006-0000-0000-0000-000000000010', '00050002-0000-0000-0000-000000000009', '00050002-0000-0000-0000-000000000001')
ON CONFLICT DO NOTHING;
INSERT INTO tasks (id, org_id, title, status, priority, due_date, completed_at, deal_id, assigned_to, created_by)
VALUES ('00050007-0000-0000-0000-000000000011', '00050001-0000-0000-0000-000000000001', 'Uppdatera KPI-tavla #17', 'DONE'::task_status, 5, '2025-08-23', '2025-08-23', NULL, '00050002-0000-0000-0000-000000000010', '00050002-0000-0000-0000-000000000001')
ON CONFLICT DO NOTHING;
INSERT INTO tasks (id, org_id, title, status, priority, due_date, completed_at, deal_id, assigned_to, created_by)
VALUES ('00050007-0000-0000-0000-000000000012', '00050001-0000-0000-0000-000000000001', 'Genomför kompetensbedömning #18', 'DONE'::task_status, 2, '2025-10-01', '2025-10-01', '00050006-0000-0000-0000-000000000018', '00050002-0000-0000-0000-00000000000c', '00050002-0000-0000-0000-000000000001')
ON CONFLICT DO NOTHING;
INSERT INTO tasks (id, org_id, title, status, priority, due_date, completed_at, deal_id, assigned_to, created_by)
VALUES ('00050007-0000-0000-0000-000000000013', '00050001-0000-0000-0000-000000000001', 'Boka utbildning #19', 'DONE'::task_status, 3, '2025-10-17', '2025-10-17', NULL, '00050002-0000-0000-0000-000000000005', '00050002-0000-0000-0000-000000000001')
ON CONFLICT DO NOTHING;
INSERT INTO tasks (id, org_id, title, status, priority, due_date, completed_at, deal_id, assigned_to, created_by)
VALUES ('00050007-0000-0000-0000-000000000014', '00050001-0000-0000-0000-000000000001', 'Skicka kundenkät #20', 'BLOCKED'::task_status, 2, '2025-04-21', NULL, '00050006-0000-0000-0000-000000000034', '00050002-0000-0000-0000-000000000008', '00050002-0000-0000-0000-000000000001')
ON CONFLICT DO NOTHING;
INSERT INTO tasks (id, org_id, title, status, priority, due_date, completed_at, deal_id, assigned_to, created_by)
VALUES ('00050007-0000-0000-0000-000000000015', '00050001-0000-0000-0000-000000000001', 'Uppdatera riskregister #21', 'BLOCKED'::task_status, 4, '2025-09-12', NULL, NULL, '00050002-0000-0000-0000-000000000005', '00050002-0000-0000-0000-000000000001')
ON CONFLICT DO NOTHING;
INSERT INTO tasks (id, org_id, title, status, priority, due_date, completed_at, deal_id, assigned_to, created_by)
VALUES ('00050007-0000-0000-0000-000000000016', '00050001-0000-0000-0000-000000000001', 'Genomför brandövning #22', 'DONE'::task_status, 1, '2025-05-30', '2025-05-30', NULL, '00050002-0000-0000-0000-000000000005', '00050002-0000-0000-0000-000000000001')
ON CONFLICT DO NOTHING;
INSERT INTO tasks (id, org_id, title, status, priority, due_date, completed_at, deal_id, assigned_to, created_by)
VALUES ('00050007-0000-0000-0000-000000000017', '00050001-0000-0000-0000-000000000001', 'Kalibrering instrument #23', 'BLOCKED'::task_status, 5, '2025-08-09', NULL, '00050006-0000-0000-0000-000000000014', '00050002-0000-0000-0000-000000000009', '00050002-0000-0000-0000-000000000001')
ON CONFLICT DO NOTHING;
INSERT INTO tasks (id, org_id, title, status, priority, due_date, completed_at, deal_id, assigned_to, created_by)
VALUES ('00050007-0000-0000-0000-000000000018', '00050001-0000-0000-0000-000000000001', 'Följ upp certifiering #24', 'BLOCKED'::task_status, 5, '2025-03-25', NULL, NULL, '00050002-0000-0000-0000-000000000006', '00050002-0000-0000-0000-000000000001')
ON CONFLICT DO NOTHING;
INSERT INTO tasks (id, org_id, title, status, priority, due_date, completed_at, deal_id, assigned_to, created_by)
VALUES ('00050007-0000-0000-0000-000000000019', '00050001-0000-0000-0000-000000000001', 'Förbered kvartalsrapport #25', 'TODO'::task_status, 2, '2025-07-09', NULL, NULL, '00050002-0000-0000-0000-000000000004', '00050002-0000-0000-0000-000000000001')
ON CONFLICT DO NOTHING;

INSERT INTO invoices (id, org_id, invoice_number, company_id, amount, currency, exchange_rate, reporting_amount, tax_amount, status, issued_at, due_at, paid_at, created_by)
VALUES ('00050008-0000-0000-0000-000000000001', '00050001-0000-0000-0000-000000000001', 'INV-05-2025-03', '00050003-0000-0000-0000-000000000018', 969912.89, 'SEK', 1.0, 969912.89, 242478.22, 'SENT', '2025-03-05', '2025-03-30', NULL, '00050002-0000-0000-0000-000000000001')
ON CONFLICT (org_id, invoice_number) DO NOTHING;
INSERT INTO invoices (id, org_id, invoice_number, company_id, amount, currency, exchange_rate, reporting_amount, tax_amount, status, issued_at, due_at, paid_at, created_by)
VALUES ('00050008-0000-0000-0000-000000000002', '00050001-0000-0000-0000-000000000001', 'INV-05-2025-04', '00050003-0000-0000-0000-000000000002', 916183.95, 'SEK', 1.0, 916183.95, 229045.99, 'SENT', '2025-04-05', '2025-04-30', NULL, '00050002-0000-0000-0000-000000000001')
ON CONFLICT (org_id, invoice_number) DO NOTHING;
INSERT INTO invoices (id, org_id, invoice_number, company_id, amount, currency, exchange_rate, reporting_amount, tax_amount, status, issued_at, due_at, paid_at, created_by)
VALUES ('00050008-0000-0000-0000-000000000003', '00050001-0000-0000-0000-000000000001', 'INV-05-2025-05', '00050003-0000-0000-0000-000000000023', 947056.54, 'SEK', 1.0, 947056.54, 236764.14, 'PAID', '2025-05-05', '2025-05-30', '2025-05-28', '00050002-0000-0000-0000-000000000001')
ON CONFLICT (org_id, invoice_number) DO NOTHING;
INSERT INTO invoices (id, org_id, invoice_number, company_id, amount, currency, exchange_rate, reporting_amount, tax_amount, status, issued_at, due_at, paid_at, created_by)
VALUES ('00050008-0000-0000-0000-000000000004', '00050001-0000-0000-0000-000000000001', 'INV-05-2025-06', '00050003-0000-0000-0000-000000000015', 804723.3, 'SEK', 1.0, 804723.3, 201180.83, 'SENT', '2025-06-05', '2025-06-30', NULL, '00050002-0000-0000-0000-000000000001')
ON CONFLICT (org_id, invoice_number) DO NOTHING;
INSERT INTO invoices (id, org_id, invoice_number, company_id, amount, currency, exchange_rate, reporting_amount, tax_amount, status, issued_at, due_at, paid_at, created_by)
VALUES ('00050008-0000-0000-0000-000000000005', '00050001-0000-0000-0000-000000000001', 'INV-05-2025-07', '00050003-0000-0000-0000-000000000006', 1103915.7, 'SEK', 1.0, 1103915.7, 275978.92, 'OVERDUE', '2025-07-05', '2025-07-30', NULL, '00050002-0000-0000-0000-000000000001')
ON CONFLICT (org_id, invoice_number) DO NOTHING;
INSERT INTO invoices (id, org_id, invoice_number, company_id, amount, currency, exchange_rate, reporting_amount, tax_amount, status, issued_at, due_at, paid_at, created_by)
VALUES ('00050008-0000-0000-0000-000000000006', '00050001-0000-0000-0000-000000000001', 'INV-05-2025-08', '00050003-0000-0000-0000-00000000000a', 928642.6, 'SEK', 1.0, 928642.6, 232160.65, 'OVERDUE', '2025-08-05', '2025-08-30', NULL, '00050002-0000-0000-0000-000000000001')
ON CONFLICT (org_id, invoice_number) DO NOTHING;
INSERT INTO invoices (id, org_id, invoice_number, company_id, amount, currency, exchange_rate, reporting_amount, tax_amount, status, issued_at, due_at, paid_at, created_by)
VALUES ('00050008-0000-0000-0000-000000000007', '00050001-0000-0000-0000-000000000001', 'INV-05-2025-09', '00050003-0000-0000-0000-00000000001a', 1220954.59, 'SEK', 1.0, 1220954.59, 305238.65, 'OVERDUE', '2025-09-05', '2025-09-30', NULL, '00050002-0000-0000-0000-000000000001')
ON CONFLICT (org_id, invoice_number) DO NOTHING;
INSERT INTO invoices (id, org_id, invoice_number, company_id, amount, currency, exchange_rate, reporting_amount, tax_amount, status, issued_at, due_at, paid_at, created_by)
VALUES ('00050008-0000-0000-0000-000000000008', '00050001-0000-0000-0000-000000000001', 'INV-05-2025-10', '00050003-0000-0000-0000-00000000000b', 1209340.46, 'SEK', 1.0, 1209340.46, 302335.11, 'PAID', '2025-10-05', '2025-10-30', '2025-10-28', '00050002-0000-0000-0000-000000000001')
ON CONFLICT (org_id, invoice_number) DO NOTHING;
INSERT INTO invoices (id, org_id, invoice_number, company_id, amount, currency, exchange_rate, reporting_amount, tax_amount, status, issued_at, due_at, paid_at, created_by)
VALUES ('00050008-0000-0000-0000-000000000009', '00050001-0000-0000-0000-000000000001', 'INV-05-2025-11', '00050003-0000-0000-0000-000000000013', 906175.29, 'SEK', 1.0, 906175.29, 226543.82, 'SENT', '2025-11-05', '2025-11-30', NULL, '00050002-0000-0000-0000-000000000001')
ON CONFLICT (org_id, invoice_number) DO NOTHING;
INSERT INTO invoices (id, org_id, invoice_number, company_id, amount, currency, exchange_rate, reporting_amount, tax_amount, status, issued_at, due_at, paid_at, created_by)
VALUES ('00050008-0000-0000-0000-00000000000a', '00050001-0000-0000-0000-000000000001', 'INV-05-2025-12', '00050003-0000-0000-0000-00000000001d', 1126260.09, 'SEK', 1.0, 1126260.09, 281565.02, 'SENT', '2025-12-05', '2025-12-30', NULL, '00050002-0000-0000-0000-000000000001')
ON CONFLICT (org_id, invoice_number) DO NOTHING;
INSERT INTO invoices (id, org_id, invoice_number, company_id, amount, currency, exchange_rate, reporting_amount, tax_amount, status, issued_at, due_at, paid_at, created_by)
VALUES ('00050008-0000-0000-0000-00000000000b', '00050001-0000-0000-0000-000000000001', 'INV-05-2026-01', '00050003-0000-0000-0000-00000000001b', 1168584.42, 'SEK', 1.0, 1168584.42, 292146.1, 'OVERDUE', '2026-01-05', '2026-01-30', NULL, '00050002-0000-0000-0000-000000000001')
ON CONFLICT (org_id, invoice_number) DO NOTHING;
INSERT INTO invoices (id, org_id, invoice_number, company_id, amount, currency, exchange_rate, reporting_amount, tax_amount, status, issued_at, due_at, paid_at, created_by)
VALUES ('00050008-0000-0000-0000-00000000000c', '00050001-0000-0000-0000-000000000001', 'INV-05-2026-02', '00050003-0000-0000-0000-000000000010', 800390.86, 'SEK', 1.0, 800390.86, 200097.71, 'PAID', '2026-02-05', '2026-02-28', '2026-02-28', '00050002-0000-0000-0000-000000000001')
ON CONFLICT (org_id, invoice_number) DO NOTHING;

INSERT INTO transactions (id, org_id, account_code, account_name, credit, currency, exchange_rate, reporting_credit, description, invoice_id, booked_at, created_by)
VALUES ('00050009-0000-0000-0000-000000000001', '00050001-0000-0000-0000-000000000001', '3000', 'Försäljningsintäkter', 1048606.76, 'SEK', 1.0, 1048606.76, 'Månadsomsättning 2025-03', '00050008-0000-0000-0000-000000000004', '2025-03-15', '00050002-0000-0000-0000-000000000001')
ON CONFLICT DO NOTHING;
INSERT INTO transactions (id, org_id, account_code, account_name, debit, currency, exchange_rate, reporting_debit, description, booked_at, created_by)
VALUES ('00050009-0000-0000-0000-000000000002', '00050001-0000-0000-0000-000000000001', '4000', 'Råvaror och förnödenheter', 367012.37, 'SEK', 1.0, 367012.37, 'Leverantörskostnader 2025-03', '2025-03-10', '00050002-0000-0000-0000-000000000001')
ON CONFLICT DO NOTHING;
INSERT INTO transactions (id, org_id, account_code, account_name, debit, currency, exchange_rate, reporting_debit, description, booked_at, created_by)
VALUES ('00050009-0000-0000-0000-000000000003', '00050001-0000-0000-0000-000000000001', '7010', 'Löner tjänstemän', 540000, 'SEK', 1.0, 540000, 'Löner 2025-03', '2025-03-25', '00050002-0000-0000-0000-000000000001')
ON CONFLICT DO NOTHING;
INSERT INTO transactions (id, org_id, account_code, account_name, credit, currency, exchange_rate, reporting_credit, description, invoice_id, booked_at, created_by)
VALUES ('00050009-0000-0000-0000-000000000004', '00050001-0000-0000-0000-000000000001', '3000', 'Försäljningsintäkter', 900073.14, 'SEK', 1.0, 900073.14, 'Månadsomsättning 2025-04', '00050008-0000-0000-0000-000000000002', '2025-04-15', '00050002-0000-0000-0000-000000000001')
ON CONFLICT DO NOTHING;
INSERT INTO transactions (id, org_id, account_code, account_name, debit, currency, exchange_rate, reporting_debit, description, booked_at, created_by)
VALUES ('00050009-0000-0000-0000-000000000005', '00050001-0000-0000-0000-000000000001', '4000', 'Råvaror och förnödenheter', 315025.6, 'SEK', 1.0, 315025.6, 'Leverantörskostnader 2025-04', '2025-04-10', '00050002-0000-0000-0000-000000000001')
ON CONFLICT DO NOTHING;
INSERT INTO transactions (id, org_id, account_code, account_name, debit, currency, exchange_rate, reporting_debit, description, booked_at, created_by)
VALUES ('00050009-0000-0000-0000-000000000006', '00050001-0000-0000-0000-000000000001', '7010', 'Löner tjänstemän', 540000, 'SEK', 1.0, 540000, 'Löner 2025-04', '2025-04-25', '00050002-0000-0000-0000-000000000001')
ON CONFLICT DO NOTHING;
INSERT INTO transactions (id, org_id, account_code, account_name, credit, currency, exchange_rate, reporting_credit, description, invoice_id, booked_at, created_by)
VALUES ('00050009-0000-0000-0000-000000000007', '00050001-0000-0000-0000-000000000001', '3000', 'Försäljningsintäkter', 869137.72, 'SEK', 1.0, 869137.72, 'Månadsomsättning 2025-05', '00050008-0000-0000-0000-000000000009', '2025-05-15', '00050002-0000-0000-0000-000000000001')
ON CONFLICT DO NOTHING;
INSERT INTO transactions (id, org_id, account_code, account_name, debit, currency, exchange_rate, reporting_debit, description, booked_at, created_by)
VALUES ('00050009-0000-0000-0000-000000000008', '00050001-0000-0000-0000-000000000001', '4000', 'Råvaror och förnödenheter', 304198.2, 'SEK', 1.0, 304198.2, 'Leverantörskostnader 2025-05', '2025-05-10', '00050002-0000-0000-0000-000000000001')
ON CONFLICT DO NOTHING;
INSERT INTO transactions (id, org_id, account_code, account_name, debit, currency, exchange_rate, reporting_debit, description, booked_at, created_by)
VALUES ('00050009-0000-0000-0000-000000000009', '00050001-0000-0000-0000-000000000001', '7010', 'Löner tjänstemän', 540000, 'SEK', 1.0, 540000, 'Löner 2025-05', '2025-05-25', '00050002-0000-0000-0000-000000000001')
ON CONFLICT DO NOTHING;
INSERT INTO transactions (id, org_id, account_code, account_name, credit, currency, exchange_rate, reporting_credit, description, invoice_id, booked_at, created_by)
VALUES ('00050009-0000-0000-0000-00000000000a', '00050001-0000-0000-0000-000000000001', '3000', 'Försäljningsintäkter', 866147.63, 'SEK', 1.0, 866147.63, 'Månadsomsättning 2025-06', '00050008-0000-0000-0000-000000000009', '2025-06-15', '00050002-0000-0000-0000-000000000001')
ON CONFLICT DO NOTHING;
INSERT INTO transactions (id, org_id, account_code, account_name, debit, currency, exchange_rate, reporting_debit, description, booked_at, created_by)
VALUES ('00050009-0000-0000-0000-00000000000b', '00050001-0000-0000-0000-000000000001', '4000', 'Råvaror och förnödenheter', 303151.67, 'SEK', 1.0, 303151.67, 'Leverantörskostnader 2025-06', '2025-06-10', '00050002-0000-0000-0000-000000000001')
ON CONFLICT DO NOTHING;
INSERT INTO transactions (id, org_id, account_code, account_name, debit, currency, exchange_rate, reporting_debit, description, booked_at, created_by)
VALUES ('00050009-0000-0000-0000-00000000000c', '00050001-0000-0000-0000-000000000001', '7010', 'Löner tjänstemän', 540000, 'SEK', 1.0, 540000, 'Löner 2025-06', '2025-06-25', '00050002-0000-0000-0000-000000000001')
ON CONFLICT DO NOTHING;
INSERT INTO transactions (id, org_id, account_code, account_name, credit, currency, exchange_rate, reporting_credit, description, invoice_id, booked_at, created_by)
VALUES ('00050009-0000-0000-0000-00000000000d', '00050001-0000-0000-0000-000000000001', '3000', 'Försäljningsintäkter', 1079498.91, 'SEK', 1.0, 1079498.91, 'Månadsomsättning 2025-07', '00050008-0000-0000-0000-000000000002', '2025-07-15', '00050002-0000-0000-0000-000000000001')
ON CONFLICT DO NOTHING;
INSERT INTO transactions (id, org_id, account_code, account_name, debit, currency, exchange_rate, reporting_debit, description, booked_at, created_by)
VALUES ('00050009-0000-0000-0000-00000000000e', '00050001-0000-0000-0000-000000000001', '4000', 'Råvaror och förnödenheter', 377824.62, 'SEK', 1.0, 377824.62, 'Leverantörskostnader 2025-07', '2025-07-10', '00050002-0000-0000-0000-000000000001')
ON CONFLICT DO NOTHING;
INSERT INTO transactions (id, org_id, account_code, account_name, debit, currency, exchange_rate, reporting_debit, description, booked_at, created_by)
VALUES ('00050009-0000-0000-0000-00000000000f', '00050001-0000-0000-0000-000000000001', '7010', 'Löner tjänstemän', 540000, 'SEK', 1.0, 540000, 'Löner 2025-07', '2025-07-25', '00050002-0000-0000-0000-000000000001')
ON CONFLICT DO NOTHING;
INSERT INTO transactions (id, org_id, account_code, account_name, credit, currency, exchange_rate, reporting_credit, description, invoice_id, booked_at, created_by)
VALUES ('00050009-0000-0000-0000-000000000010', '00050001-0000-0000-0000-000000000001', '3000', 'Försäljningsintäkter', 928735.68, 'SEK', 1.0, 928735.68, 'Månadsomsättning 2025-08', '00050008-0000-0000-0000-000000000002', '2025-08-15', '00050002-0000-0000-0000-000000000001')
ON CONFLICT DO NOTHING;
INSERT INTO transactions (id, org_id, account_code, account_name, debit, currency, exchange_rate, reporting_debit, description, booked_at, created_by)
VALUES ('00050009-0000-0000-0000-000000000011', '00050001-0000-0000-0000-000000000001', '4000', 'Råvaror och förnödenheter', 325057.49, 'SEK', 1.0, 325057.49, 'Leverantörskostnader 2025-08', '2025-08-10', '00050002-0000-0000-0000-000000000001')
ON CONFLICT DO NOTHING;
INSERT INTO transactions (id, org_id, account_code, account_name, debit, currency, exchange_rate, reporting_debit, description, booked_at, created_by)
VALUES ('00050009-0000-0000-0000-000000000012', '00050001-0000-0000-0000-000000000001', '7010', 'Löner tjänstemän', 540000, 'SEK', 1.0, 540000, 'Löner 2025-08', '2025-08-25', '00050002-0000-0000-0000-000000000001')
ON CONFLICT DO NOTHING;
INSERT INTO transactions (id, org_id, account_code, account_name, credit, currency, exchange_rate, reporting_credit, description, invoice_id, booked_at, created_by)
VALUES ('00050009-0000-0000-0000-000000000013', '00050001-0000-0000-0000-000000000001', '3000', 'Försäljningsintäkter', 1046449.8, 'SEK', 1.0, 1046449.8, 'Månadsomsättning 2025-09', '00050008-0000-0000-0000-000000000005', '2025-09-15', '00050002-0000-0000-0000-000000000001')
ON CONFLICT DO NOTHING;
INSERT INTO transactions (id, org_id, account_code, account_name, debit, currency, exchange_rate, reporting_debit, description, booked_at, created_by)
VALUES ('00050009-0000-0000-0000-000000000014', '00050001-0000-0000-0000-000000000001', '4000', 'Råvaror och förnödenheter', 366257.43, 'SEK', 1.0, 366257.43, 'Leverantörskostnader 2025-09', '2025-09-10', '00050002-0000-0000-0000-000000000001')
ON CONFLICT DO NOTHING;
INSERT INTO transactions (id, org_id, account_code, account_name, debit, currency, exchange_rate, reporting_debit, description, booked_at, created_by)
VALUES ('00050009-0000-0000-0000-000000000015', '00050001-0000-0000-0000-000000000001', '7010', 'Löner tjänstemän', 540000, 'SEK', 1.0, 540000, 'Löner 2025-09', '2025-09-25', '00050002-0000-0000-0000-000000000001')
ON CONFLICT DO NOTHING;
INSERT INTO transactions (id, org_id, account_code, account_name, credit, currency, exchange_rate, reporting_credit, description, invoice_id, booked_at, created_by)
VALUES ('00050009-0000-0000-0000-000000000016', '00050001-0000-0000-0000-000000000001', '3000', 'Försäljningsintäkter', 918806.79, 'SEK', 1.0, 918806.79, 'Månadsomsättning 2025-10', '00050008-0000-0000-0000-000000000008', '2025-10-15', '00050002-0000-0000-0000-000000000001')
ON CONFLICT DO NOTHING;
INSERT INTO transactions (id, org_id, account_code, account_name, debit, currency, exchange_rate, reporting_debit, description, booked_at, created_by)
VALUES ('00050009-0000-0000-0000-000000000017', '00050001-0000-0000-0000-000000000001', '4000', 'Råvaror och förnödenheter', 321582.38, 'SEK', 1.0, 321582.38, 'Leverantörskostnader 2025-10', '2025-10-10', '00050002-0000-0000-0000-000000000001')
ON CONFLICT DO NOTHING;
INSERT INTO transactions (id, org_id, account_code, account_name, debit, currency, exchange_rate, reporting_debit, description, booked_at, created_by)
VALUES ('00050009-0000-0000-0000-000000000018', '00050001-0000-0000-0000-000000000001', '7010', 'Löner tjänstemän', 540000, 'SEK', 1.0, 540000, 'Löner 2025-10', '2025-10-25', '00050002-0000-0000-0000-000000000001')
ON CONFLICT DO NOTHING;
INSERT INTO transactions (id, org_id, account_code, account_name, credit, currency, exchange_rate, reporting_credit, description, invoice_id, booked_at, created_by)
VALUES ('00050009-0000-0000-0000-000000000019', '00050001-0000-0000-0000-000000000001', '3000', 'Försäljningsintäkter', 1037944.21, 'SEK', 1.0, 1037944.21, 'Månadsomsättning 2025-11', '00050008-0000-0000-0000-000000000009', '2025-11-15', '00050002-0000-0000-0000-000000000001')
ON CONFLICT DO NOTHING;
INSERT INTO transactions (id, org_id, account_code, account_name, debit, currency, exchange_rate, reporting_debit, description, booked_at, created_by)
VALUES ('00050009-0000-0000-0000-00000000001a', '00050001-0000-0000-0000-000000000001', '4000', 'Råvaror och förnödenheter', 363280.47, 'SEK', 1.0, 363280.47, 'Leverantörskostnader 2025-11', '2025-11-10', '00050002-0000-0000-0000-000000000001')
ON CONFLICT DO NOTHING;
INSERT INTO transactions (id, org_id, account_code, account_name, debit, currency, exchange_rate, reporting_debit, description, booked_at, created_by)
VALUES ('00050009-0000-0000-0000-00000000001b', '00050001-0000-0000-0000-000000000001', '7010', 'Löner tjänstemän', 540000, 'SEK', 1.0, 540000, 'Löner 2025-11', '2025-11-25', '00050002-0000-0000-0000-000000000001')
ON CONFLICT DO NOTHING;
INSERT INTO transactions (id, org_id, account_code, account_name, credit, currency, exchange_rate, reporting_credit, description, invoice_id, booked_at, created_by)
VALUES ('00050009-0000-0000-0000-00000000001c', '00050001-0000-0000-0000-000000000001', '3000', 'Försäljningsintäkter', 1101555.33, 'SEK', 1.0, 1101555.33, 'Månadsomsättning 2025-12', '00050008-0000-0000-0000-000000000001', '2025-12-15', '00050002-0000-0000-0000-000000000001')
ON CONFLICT DO NOTHING;
INSERT INTO transactions (id, org_id, account_code, account_name, debit, currency, exchange_rate, reporting_debit, description, booked_at, created_by)
VALUES ('00050009-0000-0000-0000-00000000001d', '00050001-0000-0000-0000-000000000001', '4000', 'Råvaror och förnödenheter', 385544.37, 'SEK', 1.0, 385544.37, 'Leverantörskostnader 2025-12', '2025-12-10', '00050002-0000-0000-0000-000000000001')
ON CONFLICT DO NOTHING;
INSERT INTO transactions (id, org_id, account_code, account_name, debit, currency, exchange_rate, reporting_debit, description, booked_at, created_by)
VALUES ('00050009-0000-0000-0000-00000000001e', '00050001-0000-0000-0000-000000000001', '7010', 'Löner tjänstemän', 540000, 'SEK', 1.0, 540000, 'Löner 2025-12', '2025-12-25', '00050002-0000-0000-0000-000000000001')
ON CONFLICT DO NOTHING;
INSERT INTO transactions (id, org_id, account_code, account_name, credit, currency, exchange_rate, reporting_credit, description, invoice_id, booked_at, created_by)
VALUES ('00050009-0000-0000-0000-00000000001f', '00050001-0000-0000-0000-000000000001', '3000', 'Försäljningsintäkter', 1049064.74, 'SEK', 1.0, 1049064.74, 'Månadsomsättning 2026-01', '00050008-0000-0000-0000-000000000008', '2026-01-15', '00050002-0000-0000-0000-000000000001')
ON CONFLICT DO NOTHING;
INSERT INTO transactions (id, org_id, account_code, account_name, debit, currency, exchange_rate, reporting_debit, description, booked_at, created_by)
VALUES ('00050009-0000-0000-0000-000000000020', '00050001-0000-0000-0000-000000000001', '4000', 'Råvaror och förnödenheter', 367172.66, 'SEK', 1.0, 367172.66, 'Leverantörskostnader 2026-01', '2026-01-10', '00050002-0000-0000-0000-000000000001')
ON CONFLICT DO NOTHING;
INSERT INTO transactions (id, org_id, account_code, account_name, debit, currency, exchange_rate, reporting_debit, description, booked_at, created_by)
VALUES ('00050009-0000-0000-0000-000000000021', '00050001-0000-0000-0000-000000000001', '7010', 'Löner tjänstemän', 540000, 'SEK', 1.0, 540000, 'Löner 2026-01', '2026-01-25', '00050002-0000-0000-0000-000000000001')
ON CONFLICT DO NOTHING;
INSERT INTO transactions (id, org_id, account_code, account_name, credit, currency, exchange_rate, reporting_credit, description, invoice_id, booked_at, created_by)
VALUES ('00050009-0000-0000-0000-000000000022', '00050001-0000-0000-0000-000000000001', '3000', 'Försäljningsintäkter', 990158.04, 'SEK', 1.0, 990158.04, 'Månadsomsättning 2026-02', '00050008-0000-0000-0000-000000000009', '2026-02-15', '00050002-0000-0000-0000-000000000001')
ON CONFLICT DO NOTHING;
INSERT INTO transactions (id, org_id, account_code, account_name, debit, currency, exchange_rate, reporting_debit, description, booked_at, created_by)
VALUES ('00050009-0000-0000-0000-000000000023', '00050001-0000-0000-0000-000000000001', '4000', 'Råvaror och förnödenheter', 346555.31, 'SEK', 1.0, 346555.31, 'Leverantörskostnader 2026-02', '2026-02-10', '00050002-0000-0000-0000-000000000001')
ON CONFLICT DO NOTHING;
INSERT INTO transactions (id, org_id, account_code, account_name, debit, currency, exchange_rate, reporting_debit, description, booked_at, created_by)
VALUES ('00050009-0000-0000-0000-000000000024', '00050001-0000-0000-0000-000000000001', '7010', 'Löner tjänstemän', 540000, 'SEK', 1.0, 540000, 'Löner 2026-02', '2026-02-25', '00050002-0000-0000-0000-000000000001')
ON CONFLICT DO NOTHING;

INSERT INTO processes (id, org_id, code, name, owner_id, is_active, avg_duration_min)
VALUES ('0005000b-0000-0000-0000-000000000001', '00050001-0000-0000-0000-000000000001', 'P-001', 'Projektplanering VVS', '00050002-0000-0000-0000-00000000000f', TRUE, 32)
ON CONFLICT (org_id, code) DO NOTHING;
INSERT INTO process_executions (id, org_id, process_id, status, started_at, completed_at, duration_min, executed_by)
VALUES ('0005000c-0000-0000-0000-000000000001', '00050001-0000-0000-0000-000000000001', '0005000b-0000-0000-0000-000000000001', 'COMPLETED'::process_execution_status, '2025-12-28', '2025-12-28', 162, '00050002-0000-0000-0000-00000000000f')
ON CONFLICT DO NOTHING;
INSERT INTO process_executions (id, org_id, process_id, status, started_at, completed_at, duration_min, executed_by)
VALUES ('0005000c-0000-0000-0000-000000000002', '00050001-0000-0000-0000-000000000001', '0005000b-0000-0000-0000-000000000001', 'FAILED'::process_execution_status, '2025-11-24', '2025-11-24', 173, '00050002-0000-0000-0000-000000000012')
ON CONFLICT DO NOTHING;
INSERT INTO process_executions (id, org_id, process_id, status, started_at, completed_at, duration_min, executed_by)
VALUES ('0005000c-0000-0000-0000-000000000003', '00050001-0000-0000-0000-000000000001', '0005000b-0000-0000-0000-000000000001', 'RUNNING'::process_execution_status, '2025-08-25', NULL, 133, '00050002-0000-0000-0000-000000000012')
ON CONFLICT DO NOTHING;
INSERT INTO processes (id, org_id, code, name, owner_id, is_active, avg_duration_min)
VALUES ('0005000b-0000-0000-0000-000000000002', '00050001-0000-0000-0000-000000000001', 'P-002', 'Materialupphandling', '00050002-0000-0000-0000-000000000008', TRUE, 118)
ON CONFLICT (org_id, code) DO NOTHING;
INSERT INTO process_executions (id, org_id, process_id, status, started_at, completed_at, duration_min, executed_by)
VALUES ('0005000c-0000-0000-0000-000000000005', '00050001-0000-0000-0000-000000000001', '0005000b-0000-0000-0000-000000000002', 'COMPLETED'::process_execution_status, '2025-10-13', '2025-10-13', 88, '00050002-0000-0000-0000-00000000000c')
ON CONFLICT DO NOTHING;
INSERT INTO process_executions (id, org_id, process_id, status, started_at, completed_at, duration_min, executed_by)
VALUES ('0005000c-0000-0000-0000-000000000006', '00050001-0000-0000-0000-000000000001', '0005000b-0000-0000-0000-000000000002', 'FAILED'::process_execution_status, '2025-07-12', '2025-07-12', 49, '00050002-0000-0000-0000-00000000000a')
ON CONFLICT DO NOTHING;
INSERT INTO process_executions (id, org_id, process_id, status, started_at, completed_at, duration_min, executed_by)
VALUES ('0005000c-0000-0000-0000-000000000007', '00050001-0000-0000-0000-000000000001', '0005000b-0000-0000-0000-000000000002', 'COMPLETED'::process_execution_status, '2025-03-01', '2025-03-01', 143, '00050002-0000-0000-0000-000000000005')
ON CONFLICT DO NOTHING;
INSERT INTO processes (id, org_id, code, name, owner_id, is_active, avg_duration_min)
VALUES ('0005000b-0000-0000-0000-000000000003', '00050001-0000-0000-0000-000000000001', 'P-003', 'Besiktning och mätning', '00050002-0000-0000-0000-00000000000c', TRUE, 51)
ON CONFLICT (org_id, code) DO NOTHING;
INSERT INTO process_executions (id, org_id, process_id, status, started_at, completed_at, duration_min, executed_by)
VALUES ('0005000c-0000-0000-0000-000000000009', '00050001-0000-0000-0000-000000000001', '0005000b-0000-0000-0000-000000000003', 'FAILED'::process_execution_status, '2025-11-29', '2025-11-29', 12, '00050002-0000-0000-0000-000000000010')
ON CONFLICT DO NOTHING;
INSERT INTO process_executions (id, org_id, process_id, status, started_at, completed_at, duration_min, executed_by)
VALUES ('0005000c-0000-0000-0000-00000000000a', '00050001-0000-0000-0000-000000000001', '0005000b-0000-0000-0000-000000000003', 'FAILED'::process_execution_status, '2025-08-01', '2025-08-01', 12, '00050002-0000-0000-0000-00000000000e')
ON CONFLICT DO NOTHING;
INSERT INTO process_executions (id, org_id, process_id, status, started_at, completed_at, duration_min, executed_by)
VALUES ('0005000c-0000-0000-0000-00000000000b', '00050001-0000-0000-0000-000000000001', '0005000b-0000-0000-0000-000000000003', 'RUNNING'::process_execution_status, '2025-12-31', NULL, 69, '00050002-0000-0000-0000-000000000001')
ON CONFLICT DO NOTHING;
INSERT INTO processes (id, org_id, code, name, owner_id, is_active, avg_duration_min)
VALUES ('0005000b-0000-0000-0000-000000000004', '00050001-0000-0000-0000-000000000001', 'P-004', 'Installation och montering', '00050002-0000-0000-0000-000000000012', TRUE, 62)
ON CONFLICT (org_id, code) DO NOTHING;
INSERT INTO process_executions (id, org_id, process_id, status, started_at, completed_at, duration_min, executed_by)
VALUES ('0005000c-0000-0000-0000-00000000000d', '00050001-0000-0000-0000-000000000001', '0005000b-0000-0000-0000-000000000004', 'COMPLETED'::process_execution_status, '2025-09-27', '2025-09-27', 153, '00050002-0000-0000-0000-00000000000e')
ON CONFLICT DO NOTHING;
INSERT INTO process_executions (id, org_id, process_id, status, started_at, completed_at, duration_min, executed_by)
VALUES ('0005000c-0000-0000-0000-00000000000e', '00050001-0000-0000-0000-000000000001', '0005000b-0000-0000-0000-000000000004', 'FAILED'::process_execution_status, '2025-07-06', '2025-07-06', 51, '00050002-0000-0000-0000-00000000000d')
ON CONFLICT DO NOTHING;
INSERT INTO process_executions (id, org_id, process_id, status, started_at, completed_at, duration_min, executed_by)
VALUES ('0005000c-0000-0000-0000-00000000000f', '00050001-0000-0000-0000-000000000001', '0005000b-0000-0000-0000-000000000004', 'FAILED'::process_execution_status, '2025-06-21', '2025-06-21', 77, '00050002-0000-0000-0000-000000000003')
ON CONFLICT DO NOTHING;
INSERT INTO processes (id, org_id, code, name, owner_id, is_active, avg_duration_min)
VALUES ('0005000b-0000-0000-0000-000000000005', '00050001-0000-0000-0000-000000000001', 'P-005', 'Slutbesiktning', '00050002-0000-0000-0000-00000000000e', TRUE, 95)
ON CONFLICT (org_id, code) DO NOTHING;
INSERT INTO process_executions (id, org_id, process_id, status, started_at, completed_at, duration_min, executed_by)
VALUES ('0005000c-0000-0000-0000-000000000011', '00050001-0000-0000-0000-000000000001', '0005000b-0000-0000-0000-000000000005', 'COMPLETED'::process_execution_status, '2025-11-20', '2025-11-20', 166, '00050002-0000-0000-0000-000000000009')
ON CONFLICT DO NOTHING;
INSERT INTO process_executions (id, org_id, process_id, status, started_at, completed_at, duration_min, executed_by)
VALUES ('0005000c-0000-0000-0000-000000000012', '00050001-0000-0000-0000-000000000001', '0005000b-0000-0000-0000-000000000005', 'RUNNING'::process_execution_status, '2026-01-27', NULL, 146, '00050002-0000-0000-0000-000000000009')
ON CONFLICT DO NOTHING;
INSERT INTO process_executions (id, org_id, process_id, status, started_at, completed_at, duration_min, executed_by)
VALUES ('0005000c-0000-0000-0000-000000000013', '00050001-0000-0000-0000-000000000001', '0005000b-0000-0000-0000-000000000005', 'FAILED'::process_execution_status, '2025-06-05', '2025-06-05', 27, '00050002-0000-0000-0000-000000000006')
ON CONFLICT DO NOTHING;
INSERT INTO processes (id, org_id, code, name, owner_id, is_active, avg_duration_min)
VALUES ('0005000b-0000-0000-0000-000000000006', '00050001-0000-0000-0000-000000000001', 'P-006', 'Certifieringskontroll', '00050002-0000-0000-0000-000000000005', TRUE, 52)
ON CONFLICT (org_id, code) DO NOTHING;
INSERT INTO process_executions (id, org_id, process_id, status, started_at, completed_at, duration_min, executed_by)
VALUES ('0005000c-0000-0000-0000-000000000015', '00050001-0000-0000-0000-000000000001', '0005000b-0000-0000-0000-000000000006', 'COMPLETED'::process_execution_status, '2026-01-21', '2026-01-21', 126, '00050002-0000-0000-0000-00000000000f')
ON CONFLICT DO NOTHING;
INSERT INTO process_executions (id, org_id, process_id, status, started_at, completed_at, duration_min, executed_by)
VALUES ('0005000c-0000-0000-0000-000000000016', '00050001-0000-0000-0000-000000000001', '0005000b-0000-0000-0000-000000000006', 'RUNNING'::process_execution_status, '2026-02-22', NULL, 169, '00050002-0000-0000-0000-000000000010')
ON CONFLICT DO NOTHING;
INSERT INTO process_executions (id, org_id, process_id, status, started_at, completed_at, duration_min, executed_by)
VALUES ('0005000c-0000-0000-0000-000000000017', '00050001-0000-0000-0000-000000000001', '0005000b-0000-0000-0000-000000000006', 'COMPLETED'::process_execution_status, '2025-08-12', '2025-08-12', 14, '00050002-0000-0000-0000-000000000005')
ON CONFLICT DO NOTHING;
INSERT INTO processes (id, org_id, code, name, owner_id, is_active, avg_duration_min)
VALUES ('0005000b-0000-0000-0000-000000000007', '00050001-0000-0000-0000-000000000001', 'P-007', 'Subcontractor-hantering', '00050002-0000-0000-0000-000000000002', TRUE, 83)
ON CONFLICT (org_id, code) DO NOTHING;
INSERT INTO process_executions (id, org_id, process_id, status, started_at, completed_at, duration_min, executed_by)
VALUES ('0005000c-0000-0000-0000-000000000019', '00050001-0000-0000-0000-000000000001', '0005000b-0000-0000-0000-000000000007', 'COMPLETED'::process_execution_status, '2025-06-04', '2025-06-04', 36, '00050002-0000-0000-0000-00000000000a')
ON CONFLICT DO NOTHING;
INSERT INTO process_executions (id, org_id, process_id, status, started_at, completed_at, duration_min, executed_by)
VALUES ('0005000c-0000-0000-0000-00000000001a', '00050001-0000-0000-0000-000000000001', '0005000b-0000-0000-0000-000000000007', 'RUNNING'::process_execution_status, '2025-05-04', NULL, 122, '00050002-0000-0000-0000-000000000001')
ON CONFLICT DO NOTHING;
INSERT INTO process_executions (id, org_id, process_id, status, started_at, completed_at, duration_min, executed_by)
VALUES ('0005000c-0000-0000-0000-00000000001b', '00050001-0000-0000-0000-000000000001', '0005000b-0000-0000-0000-000000000007', 'COMPLETED'::process_execution_status, '2025-04-16', '2025-04-16', 48, '00050002-0000-0000-0000-000000000001')
ON CONFLICT DO NOTHING;
INSERT INTO processes (id, org_id, code, name, owner_id, is_active, avg_duration_min)
VALUES ('0005000b-0000-0000-0000-000000000008', '00050001-0000-0000-0000-000000000001', 'P-008', 'Kundrapportering', '00050002-0000-0000-0000-000000000010', TRUE, 42)
ON CONFLICT (org_id, code) DO NOTHING;
INSERT INTO process_executions (id, org_id, process_id, status, started_at, completed_at, duration_min, executed_by)
VALUES ('0005000c-0000-0000-0000-00000000001d', '00050001-0000-0000-0000-000000000001', '0005000b-0000-0000-0000-000000000008', 'RUNNING'::process_execution_status, '2025-10-02', NULL, 89, '00050002-0000-0000-0000-000000000010')
ON CONFLICT DO NOTHING;
INSERT INTO process_executions (id, org_id, process_id, status, started_at, completed_at, duration_min, executed_by)
VALUES ('0005000c-0000-0000-0000-00000000001e', '00050001-0000-0000-0000-000000000001', '0005000b-0000-0000-0000-000000000008', 'RUNNING'::process_execution_status, '2025-10-24', NULL, 18, '00050002-0000-0000-0000-00000000000b')
ON CONFLICT DO NOTHING;
INSERT INTO process_executions (id, org_id, process_id, status, started_at, completed_at, duration_min, executed_by)
VALUES ('0005000c-0000-0000-0000-00000000001f', '00050001-0000-0000-0000-000000000001', '0005000b-0000-0000-0000-000000000008', 'COMPLETED'::process_execution_status, '2025-05-14', '2025-05-14', 24, '00050002-0000-0000-0000-000000000009')
ON CONFLICT DO NOTHING;
INSERT INTO processes (id, org_id, code, name, owner_id, is_active, avg_duration_min)
VALUES ('0005000b-0000-0000-0000-000000000009', '00050001-0000-0000-0000-000000000001', 'P-009', 'Avvikelserapportering', '00050002-0000-0000-0000-00000000000d', TRUE, 24)
ON CONFLICT (org_id, code) DO NOTHING;
INSERT INTO process_executions (id, org_id, process_id, status, started_at, completed_at, duration_min, executed_by)
VALUES ('0005000c-0000-0000-0000-000000000021', '00050001-0000-0000-0000-000000000001', '0005000b-0000-0000-0000-000000000009', 'FAILED'::process_execution_status, '2025-06-01', '2025-06-01', 59, '00050002-0000-0000-0000-000000000009')
ON CONFLICT DO NOTHING;
INSERT INTO process_executions (id, org_id, process_id, status, started_at, completed_at, duration_min, executed_by)
VALUES ('0005000c-0000-0000-0000-000000000022', '00050001-0000-0000-0000-000000000001', '0005000b-0000-0000-0000-000000000009', 'FAILED'::process_execution_status, '2025-03-07', '2025-03-07', 41, '00050002-0000-0000-0000-000000000008')
ON CONFLICT DO NOTHING;
INSERT INTO process_executions (id, org_id, process_id, status, started_at, completed_at, duration_min, executed_by)
VALUES ('0005000c-0000-0000-0000-000000000023', '00050001-0000-0000-0000-000000000001', '0005000b-0000-0000-0000-000000000009', 'FAILED'::process_execution_status, '2025-10-13', '2025-10-13', 73, '00050002-0000-0000-0000-000000000002')
ON CONFLICT DO NOTHING;
INSERT INTO processes (id, org_id, code, name, owner_id, is_active, avg_duration_min)
VALUES ('0005000b-0000-0000-0000-00000000000a', '00050001-0000-0000-0000-000000000001', 'P-010', 'Löpande serviceavtal', '00050002-0000-0000-0000-000000000007', TRUE, 73)
ON CONFLICT (org_id, code) DO NOTHING;
INSERT INTO process_executions (id, org_id, process_id, status, started_at, completed_at, duration_min, executed_by)
VALUES ('0005000c-0000-0000-0000-000000000025', '00050001-0000-0000-0000-000000000001', '0005000b-0000-0000-0000-00000000000a', 'COMPLETED'::process_execution_status, '2025-11-22', '2025-11-22', 180, '00050002-0000-0000-0000-000000000007')
ON CONFLICT DO NOTHING;
INSERT INTO process_executions (id, org_id, process_id, status, started_at, completed_at, duration_min, executed_by)
VALUES ('0005000c-0000-0000-0000-000000000026', '00050001-0000-0000-0000-000000000001', '0005000b-0000-0000-0000-00000000000a', 'FAILED'::process_execution_status, '2025-09-16', '2025-09-16', 89, '00050002-0000-0000-0000-00000000000b')
ON CONFLICT DO NOTHING;
INSERT INTO process_executions (id, org_id, process_id, status, started_at, completed_at, duration_min, executed_by)
VALUES ('0005000c-0000-0000-0000-000000000027', '00050001-0000-0000-0000-000000000001', '0005000b-0000-0000-0000-00000000000a', 'COMPLETED'::process_execution_status, '2026-01-17', '2026-01-17', 20, '00050002-0000-0000-0000-000000000012')
ON CONFLICT DO NOTHING;

INSERT INTO non_conformances (id, org_id, code, title, severity, status, process_id, reported_by, assigned_to, detected_at, closed_at)
VALUES ('0005000d-0000-0000-0000-000000000001', '00050001-0000-0000-0000-000000000001', 'NC-001', 'Läckage koppling efter installation', 'CRITICAL'::nc_severity, 'ACTION_PLANNED'::nc_status, '0005000b-0000-0000-0000-000000000005', '00050002-0000-0000-0000-000000000010', '00050002-0000-0000-0000-00000000000a', '2025-05-02', NULL)
ON CONFLICT (org_id, code) DO NOTHING;
INSERT INTO non_conformances (id, org_id, code, title, severity, status, process_id, reported_by, assigned_to, detected_at, closed_at)
VALUES ('0005000d-0000-0000-0000-000000000002', '00050001-0000-0000-0000-000000000001', 'NC-002', 'Certifikat utgånget – rörmontör', 'MAJOR'::nc_severity, 'CLOSED'::nc_status, '0005000b-0000-0000-0000-000000000004', '00050002-0000-0000-0000-000000000004', '00050002-0000-0000-0000-000000000008', '2025-09-01', '2025-09-14')
ON CONFLICT (org_id, code) DO NOTHING;
INSERT INTO non_conformances (id, org_id, code, title, severity, status, process_id, reported_by, assigned_to, detected_at, closed_at)
VALUES ('0005000d-0000-0000-0000-000000000003', '00050001-0000-0000-0000-000000000001', 'NC-003', 'Subcontractor utan KMA-plan', 'MAJOR'::nc_severity, 'ANALYZING'::nc_status, '0005000b-0000-0000-0000-000000000001', '00050002-0000-0000-0000-000000000006', '00050002-0000-0000-0000-000000000009', '2025-08-14', NULL)
ON CONFLICT (org_id, code) DO NOTHING;
INSERT INTO non_conformances (id, org_id, code, title, severity, status, process_id, reported_by, assigned_to, detected_at, closed_at)
VALUES ('0005000d-0000-0000-0000-000000000004', '00050001-0000-0000-0000-000000000001', 'NC-004', 'Felaktig dimensionering rör', 'MINOR'::nc_severity, 'ACTION_PLANNED'::nc_status, '0005000b-0000-0000-0000-000000000007', '00050002-0000-0000-0000-000000000008', '00050002-0000-0000-0000-000000000001', '2025-05-01', NULL)
ON CONFLICT (org_id, code) DO NOTHING;
INSERT INTO non_conformances (id, org_id, code, title, severity, status, process_id, reported_by, assigned_to, detected_at, closed_at)
VALUES ('0005000d-0000-0000-0000-000000000005', '00050001-0000-0000-0000-000000000001', 'NC-005', 'Kund ej informerad om störning', 'MINOR'::nc_severity, 'CLOSED'::nc_status, '0005000b-0000-0000-0000-00000000000a', '00050002-0000-0000-0000-000000000005', '00050002-0000-0000-0000-00000000000c', '2025-12-23', '2026-02-21')
ON CONFLICT (org_id, code) DO NOTHING;
INSERT INTO non_conformances (id, org_id, code, title, severity, status, process_id, reported_by, assigned_to, detected_at, closed_at)
VALUES ('0005000d-0000-0000-0000-000000000006', '00050001-0000-0000-0000-000000000001', 'NC-006', 'Dokumentation saknas slutbesiktning', 'MINOR'::nc_severity, 'CLOSED'::nc_status, '0005000b-0000-0000-0000-000000000008', '00050002-0000-0000-0000-000000000003', '00050002-0000-0000-0000-00000000000b', '2025-07-06', '2025-08-15')
ON CONFLICT (org_id, code) DO NOTHING;

INSERT INTO risks (id, org_id, code, title, category, probability, impact, risk_level, mitigation, owner_id, process_id, review_date)
VALUES ('0005000e-0000-0000-0000-000000000001', '00050001-0000-0000-0000-000000000001', 'R-001', 'Subcontractor-kvalitet', 'OPERATIONAL'::risk_category, 3, 4, 'HIGH'::risk_level, 'Certifieringskrav alla sub-leverantörer', '00050002-0000-0000-0000-000000000002', '0005000b-0000-0000-0000-000000000001', '2025-08-30')
ON CONFLICT (org_id, code) DO NOTHING;
INSERT INTO risks (id, org_id, code, title, category, probability, impact, risk_level, mitigation, owner_id, process_id, review_date)
VALUES ('0005000e-0000-0000-0000-000000000002', '00050001-0000-0000-0000-000000000001', 'R-002', 'Certifieringsrisk personal', 'LEGAL'::risk_category, 3, 4, 'HIGH'::risk_level, 'Kalender för certifieringsförnyelse', '00050002-0000-0000-0000-000000000005', '0005000b-0000-0000-0000-000000000009', '2025-04-24')
ON CONFLICT (org_id, code) DO NOTHING;
INSERT INTO risks (id, org_id, code, title, category, probability, impact, risk_level, mitigation, owner_id, process_id, review_date)
VALUES ('0005000e-0000-0000-0000-000000000003', '00050001-0000-0000-0000-000000000001', 'R-003', 'Prisrisk material (koppar)', 'FINANCIAL'::risk_category, 3, 3, 'MEDIUM'::risk_level, 'Terminssäkring koppar 6 månader', '00050002-0000-0000-0000-000000000005', '0005000b-0000-0000-0000-000000000008', '2025-06-28')
ON CONFLICT (org_id, code) DO NOTHING;

INSERT INTO kpis (id, org_id, name, value, target, unit, status, period, measured_at)
VALUES ('0005000f-0000-0000-0000-000000000001', '00050001-0000-0000-0000-000000000001', 'Omsättning', 908369.8, 1000000.0, 'SEK', 'GREEN', '2025-03', '2025-03-28')
ON CONFLICT DO NOTHING;
INSERT INTO kpis (id, org_id, name, value, target, unit, status, period, measured_at)
VALUES ('0005000f-0000-0000-0000-000000000002', '00050001-0000-0000-0000-000000000001', 'Antal deals', 41.2, 40, 'st', 'GREEN', '2025-03', '2025-03-28')
ON CONFLICT DO NOTHING;
INSERT INTO kpis (id, org_id, name, value, target, unit, status, period, measured_at)
VALUES ('0005000f-0000-0000-0000-000000000003', '00050001-0000-0000-0000-000000000001', 'Kundnöjdhet', 91.1, 85, '%', 'GREEN', '2025-03', '2025-03-28')
ON CONFLICT DO NOTHING;
INSERT INTO kpis (id, org_id, name, value, target, unit, status, period, measured_at)
VALUES ('0005000f-0000-0000-0000-000000000004', '00050001-0000-0000-0000-000000000001', 'Ledtid', 4.6, 5, 'dagar', 'GREEN', '2025-03', '2025-03-28')
ON CONFLICT DO NOTHING;
INSERT INTO kpis (id, org_id, name, value, target, unit, status, period, measured_at)
VALUES ('0005000f-0000-0000-0000-000000000005', '00050001-0000-0000-0000-000000000001', 'Avvikelser', 2.4, 2, 'st', 'GREEN', '2025-03', '2025-03-28')
ON CONFLICT DO NOTHING;
INSERT INTO kpis (id, org_id, name, value, target, unit, status, period, measured_at)
VALUES ('0005000f-0000-0000-0000-000000000006', '00050001-0000-0000-0000-000000000001', 'Omsättning', 1116594.4, 1000000.0, 'SEK', 'GREEN', '2025-04', '2025-04-28')
ON CONFLICT DO NOTHING;
INSERT INTO kpis (id, org_id, name, value, target, unit, status, period, measured_at)
VALUES ('0005000f-0000-0000-0000-000000000007', '00050001-0000-0000-0000-000000000001', 'Antal deals', 30.4, 40, 'st', 'YELLOW', '2025-04', '2025-04-28')
ON CONFLICT DO NOTHING;
INSERT INTO kpis (id, org_id, name, value, target, unit, status, period, measured_at)
VALUES ('0005000f-0000-0000-0000-000000000008', '00050001-0000-0000-0000-000000000001', 'Kundnöjdhet', 79.8, 85, '%', 'GREEN', '2025-04', '2025-04-28')
ON CONFLICT DO NOTHING;
INSERT INTO kpis (id, org_id, name, value, target, unit, status, period, measured_at)
VALUES ('0005000f-0000-0000-0000-000000000009', '00050001-0000-0000-0000-000000000001', 'Ledtid', 5.6, 5, 'dagar', 'GREEN', '2025-04', '2025-04-28')
ON CONFLICT DO NOTHING;
INSERT INTO kpis (id, org_id, name, value, target, unit, status, period, measured_at)
VALUES ('0005000f-0000-0000-0000-00000000000a', '00050001-0000-0000-0000-000000000001', 'Avvikelser', 1.8, 2, 'st', 'GREEN', '2025-04', '2025-04-28')
ON CONFLICT DO NOTHING;
INSERT INTO kpis (id, org_id, name, value, target, unit, status, period, measured_at)
VALUES ('0005000f-0000-0000-0000-00000000000b', '00050001-0000-0000-0000-000000000001', 'Omsättning', 769744.3, 1000000.0, 'SEK', 'YELLOW', '2025-05', '2025-05-28')
ON CONFLICT DO NOTHING;
INSERT INTO kpis (id, org_id, name, value, target, unit, status, period, measured_at)
VALUES ('0005000f-0000-0000-0000-00000000000c', '00050001-0000-0000-0000-000000000001', 'Antal deals', 44.1, 40, 'st', 'GREEN', '2025-05', '2025-05-28')
ON CONFLICT DO NOTHING;
INSERT INTO kpis (id, org_id, name, value, target, unit, status, period, measured_at)
VALUES ('0005000f-0000-0000-0000-00000000000d', '00050001-0000-0000-0000-000000000001', 'Kundnöjdhet', 87.5, 85, '%', 'GREEN', '2025-05', '2025-05-28')
ON CONFLICT DO NOTHING;
INSERT INTO kpis (id, org_id, name, value, target, unit, status, period, measured_at)
VALUES ('0005000f-0000-0000-0000-00000000000e', '00050001-0000-0000-0000-000000000001', 'Ledtid', 5.1, 5, 'dagar', 'GREEN', '2025-05', '2025-05-28')
ON CONFLICT DO NOTHING;
INSERT INTO kpis (id, org_id, name, value, target, unit, status, period, measured_at)
VALUES ('0005000f-0000-0000-0000-00000000000f', '00050001-0000-0000-0000-000000000001', 'Avvikelser', 2.0, 2, 'st', 'GREEN', '2025-05', '2025-05-28')
ON CONFLICT DO NOTHING;
INSERT INTO kpis (id, org_id, name, value, target, unit, status, period, measured_at)
VALUES ('0005000f-0000-0000-0000-000000000010', '00050001-0000-0000-0000-000000000001', 'Omsättning', 1033350.9, 1000000.0, 'SEK', 'GREEN', '2025-06', '2025-06-28')
ON CONFLICT DO NOTHING;
INSERT INTO kpis (id, org_id, name, value, target, unit, status, period, measured_at)
VALUES ('0005000f-0000-0000-0000-000000000011', '00050001-0000-0000-0000-000000000001', 'Antal deals', 40.9, 40, 'st', 'GREEN', '2025-06', '2025-06-28')
ON CONFLICT DO NOTHING;
INSERT INTO kpis (id, org_id, name, value, target, unit, status, period, measured_at)
VALUES ('0005000f-0000-0000-0000-000000000012', '00050001-0000-0000-0000-000000000001', 'Kundnöjdhet', 77.5, 85, '%', 'GREEN', '2025-06', '2025-06-28')
ON CONFLICT DO NOTHING;
INSERT INTO kpis (id, org_id, name, value, target, unit, status, period, measured_at)
VALUES ('0005000f-0000-0000-0000-000000000013', '00050001-0000-0000-0000-000000000001', 'Ledtid', 4.9, 5, 'dagar', 'GREEN', '2025-06', '2025-06-28')
ON CONFLICT DO NOTHING;
INSERT INTO kpis (id, org_id, name, value, target, unit, status, period, measured_at)
VALUES ('0005000f-0000-0000-0000-000000000014', '00050001-0000-0000-0000-000000000001', 'Avvikelser', 2.4, 2, 'st', 'GREEN', '2025-06', '2025-06-28')
ON CONFLICT DO NOTHING;
INSERT INTO kpis (id, org_id, name, value, target, unit, status, period, measured_at)
VALUES ('0005000f-0000-0000-0000-000000000015', '00050001-0000-0000-0000-000000000001', 'Omsättning', 1049340.0, 1000000.0, 'SEK', 'GREEN', '2025-07', '2025-07-28')
ON CONFLICT DO NOTHING;
INSERT INTO kpis (id, org_id, name, value, target, unit, status, period, measured_at)
VALUES ('0005000f-0000-0000-0000-000000000016', '00050001-0000-0000-0000-000000000001', 'Antal deals', 47.2, 40, 'st', 'GREEN', '2025-07', '2025-07-28')
ON CONFLICT DO NOTHING;
INSERT INTO kpis (id, org_id, name, value, target, unit, status, period, measured_at)
VALUES ('0005000f-0000-0000-0000-000000000017', '00050001-0000-0000-0000-000000000001', 'Kundnöjdhet', 70.6, 85, '%', 'YELLOW', '2025-07', '2025-07-28')
ON CONFLICT DO NOTHING;
INSERT INTO kpis (id, org_id, name, value, target, unit, status, period, measured_at)
VALUES ('0005000f-0000-0000-0000-000000000018', '00050001-0000-0000-0000-000000000001', 'Ledtid', 5.1, 5, 'dagar', 'GREEN', '2025-07', '2025-07-28')
ON CONFLICT DO NOTHING;
INSERT INTO kpis (id, org_id, name, value, target, unit, status, period, measured_at)
VALUES ('0005000f-0000-0000-0000-000000000019', '00050001-0000-0000-0000-000000000001', 'Avvikelser', 1.9, 2, 'st', 'GREEN', '2025-07', '2025-07-28')
ON CONFLICT DO NOTHING;
INSERT INTO kpis (id, org_id, name, value, target, unit, status, period, measured_at)
VALUES ('0005000f-0000-0000-0000-00000000001a', '00050001-0000-0000-0000-000000000001', 'Omsättning', 1159709.3, 1000000.0, 'SEK', 'GREEN', '2025-08', '2025-08-28')
ON CONFLICT DO NOTHING;
INSERT INTO kpis (id, org_id, name, value, target, unit, status, period, measured_at)
VALUES ('0005000f-0000-0000-0000-00000000001b', '00050001-0000-0000-0000-000000000001', 'Antal deals', 40.8, 40, 'st', 'GREEN', '2025-08', '2025-08-28')
ON CONFLICT DO NOTHING;
INSERT INTO kpis (id, org_id, name, value, target, unit, status, period, measured_at)
VALUES ('0005000f-0000-0000-0000-00000000001c', '00050001-0000-0000-0000-000000000001', 'Kundnöjdhet', 83.0, 85, '%', 'GREEN', '2025-08', '2025-08-28')
ON CONFLICT DO NOTHING;
INSERT INTO kpis (id, org_id, name, value, target, unit, status, period, measured_at)
VALUES ('0005000f-0000-0000-0000-00000000001d', '00050001-0000-0000-0000-000000000001', 'Ledtid', 5.7, 5, 'dagar', 'GREEN', '2025-08', '2025-08-28')
ON CONFLICT DO NOTHING;
INSERT INTO kpis (id, org_id, name, value, target, unit, status, period, measured_at)
VALUES ('0005000f-0000-0000-0000-00000000001e', '00050001-0000-0000-0000-000000000001', 'Avvikelser', 2.0, 2, 'st', 'GREEN', '2025-08', '2025-08-28')
ON CONFLICT DO NOTHING;
INSERT INTO kpis (id, org_id, name, value, target, unit, status, period, measured_at)
VALUES ('0005000f-0000-0000-0000-00000000001f', '00050001-0000-0000-0000-000000000001', 'Omsättning', 1116828.9, 1000000.0, 'SEK', 'GREEN', '2025-09', '2025-09-28')
ON CONFLICT DO NOTHING;
INSERT INTO kpis (id, org_id, name, value, target, unit, status, period, measured_at)
VALUES ('0005000f-0000-0000-0000-000000000020', '00050001-0000-0000-0000-000000000001', 'Antal deals', 47.7, 40, 'st', 'GREEN', '2025-09', '2025-09-28')
ON CONFLICT DO NOTHING;
INSERT INTO kpis (id, org_id, name, value, target, unit, status, period, measured_at)
VALUES ('0005000f-0000-0000-0000-000000000021', '00050001-0000-0000-0000-000000000001', 'Kundnöjdhet', 90.1, 85, '%', 'GREEN', '2025-09', '2025-09-28')
ON CONFLICT DO NOTHING;
INSERT INTO kpis (id, org_id, name, value, target, unit, status, period, measured_at)
VALUES ('0005000f-0000-0000-0000-000000000022', '00050001-0000-0000-0000-000000000001', 'Ledtid', 4.7, 5, 'dagar', 'GREEN', '2025-09', '2025-09-28')
ON CONFLICT DO NOTHING;
INSERT INTO kpis (id, org_id, name, value, target, unit, status, period, measured_at)
VALUES ('0005000f-0000-0000-0000-000000000023', '00050001-0000-0000-0000-000000000001', 'Avvikelser', 2.1, 2, 'st', 'GREEN', '2025-09', '2025-09-28')
ON CONFLICT DO NOTHING;
INSERT INTO kpis (id, org_id, name, value, target, unit, status, period, measured_at)
VALUES ('0005000f-0000-0000-0000-000000000024', '00050001-0000-0000-0000-000000000001', 'Omsättning', 910347.0, 1000000.0, 'SEK', 'GREEN', '2025-10', '2025-10-28')
ON CONFLICT DO NOTHING;
INSERT INTO kpis (id, org_id, name, value, target, unit, status, period, measured_at)
VALUES ('0005000f-0000-0000-0000-000000000025', '00050001-0000-0000-0000-000000000001', 'Antal deals', 31.3, 40, 'st', 'YELLOW', '2025-10', '2025-10-28')
ON CONFLICT DO NOTHING;
INSERT INTO kpis (id, org_id, name, value, target, unit, status, period, measured_at)
VALUES ('0005000f-0000-0000-0000-000000000026', '00050001-0000-0000-0000-000000000001', 'Kundnöjdhet', 104.9, 85, '%', 'GREEN', '2025-10', '2025-10-28')
ON CONFLICT DO NOTHING;
INSERT INTO kpis (id, org_id, name, value, target, unit, status, period, measured_at)
VALUES ('0005000f-0000-0000-0000-000000000027', '00050001-0000-0000-0000-000000000001', 'Ledtid', 5.8, 5, 'dagar', 'GREEN', '2025-10', '2025-10-28')
ON CONFLICT DO NOTHING;
INSERT INTO kpis (id, org_id, name, value, target, unit, status, period, measured_at)
VALUES ('0005000f-0000-0000-0000-000000000028', '00050001-0000-0000-0000-000000000001', 'Avvikelser', 1.7, 2, 'st', 'YELLOW', '2025-10', '2025-10-28')
ON CONFLICT DO NOTHING;
INSERT INTO kpis (id, org_id, name, value, target, unit, status, period, measured_at)
VALUES ('0005000f-0000-0000-0000-000000000029', '00050001-0000-0000-0000-000000000001', 'Omsättning', 1091612.1, 1000000.0, 'SEK', 'GREEN', '2025-11', '2025-11-28')
ON CONFLICT DO NOTHING;
INSERT INTO kpis (id, org_id, name, value, target, unit, status, period, measured_at)
VALUES ('0005000f-0000-0000-0000-00000000002a', '00050001-0000-0000-0000-000000000001', 'Antal deals', 45.3, 40, 'st', 'GREEN', '2025-11', '2025-11-28')
ON CONFLICT DO NOTHING;
INSERT INTO kpis (id, org_id, name, value, target, unit, status, period, measured_at)
VALUES ('0005000f-0000-0000-0000-00000000002b', '00050001-0000-0000-0000-000000000001', 'Kundnöjdhet', 70.3, 85, '%', 'YELLOW', '2025-11', '2025-11-28')
ON CONFLICT DO NOTHING;
INSERT INTO kpis (id, org_id, name, value, target, unit, status, period, measured_at)
VALUES ('0005000f-0000-0000-0000-00000000002c', '00050001-0000-0000-0000-000000000001', 'Ledtid', 4.5, 5, 'dagar', 'GREEN', '2025-11', '2025-11-28')
ON CONFLICT DO NOTHING;
INSERT INTO kpis (id, org_id, name, value, target, unit, status, period, measured_at)
VALUES ('0005000f-0000-0000-0000-00000000002d', '00050001-0000-0000-0000-000000000001', 'Avvikelser', 1.9, 2, 'st', 'GREEN', '2025-11', '2025-11-28')
ON CONFLICT DO NOTHING;
INSERT INTO kpis (id, org_id, name, value, target, unit, status, period, measured_at)
VALUES ('0005000f-0000-0000-0000-00000000002e', '00050001-0000-0000-0000-000000000001', 'Omsättning', 911012.0, 1000000.0, 'SEK', 'GREEN', '2025-12', '2025-12-28')
ON CONFLICT DO NOTHING;
INSERT INTO kpis (id, org_id, name, value, target, unit, status, period, measured_at)
VALUES ('0005000f-0000-0000-0000-00000000002f', '00050001-0000-0000-0000-000000000001', 'Antal deals', 31.9, 40, 'st', 'YELLOW', '2025-12', '2025-12-28')
ON CONFLICT DO NOTHING;
INSERT INTO kpis (id, org_id, name, value, target, unit, status, period, measured_at)
VALUES ('0005000f-0000-0000-0000-000000000030', '00050001-0000-0000-0000-000000000001', 'Kundnöjdhet', 91.8, 85, '%', 'GREEN', '2025-12', '2025-12-28')
ON CONFLICT DO NOTHING;
INSERT INTO kpis (id, org_id, name, value, target, unit, status, period, measured_at)
VALUES ('0005000f-0000-0000-0000-000000000031', '00050001-0000-0000-0000-000000000001', 'Ledtid', 3.9, 5, 'dagar', 'YELLOW', '2025-12', '2025-12-28')
ON CONFLICT DO NOTHING;
INSERT INTO kpis (id, org_id, name, value, target, unit, status, period, measured_at)
VALUES ('0005000f-0000-0000-0000-000000000032', '00050001-0000-0000-0000-000000000001', 'Avvikelser', 2.4, 2, 'st', 'GREEN', '2025-12', '2025-12-28')
ON CONFLICT DO NOTHING;
INSERT INTO kpis (id, org_id, name, value, target, unit, status, period, measured_at)
VALUES ('0005000f-0000-0000-0000-000000000033', '00050001-0000-0000-0000-000000000001', 'Omsättning', 839319.4, 1000000.0, 'SEK', 'YELLOW', '2026-01', '2026-01-28')
ON CONFLICT DO NOTHING;
INSERT INTO kpis (id, org_id, name, value, target, unit, status, period, measured_at)
VALUES ('0005000f-0000-0000-0000-000000000034', '00050001-0000-0000-0000-000000000001', 'Antal deals', 30.6, 40, 'st', 'YELLOW', '2026-01', '2026-01-28')
ON CONFLICT DO NOTHING;
INSERT INTO kpis (id, org_id, name, value, target, unit, status, period, measured_at)
VALUES ('0005000f-0000-0000-0000-000000000035', '00050001-0000-0000-0000-000000000001', 'Kundnöjdhet', 68.3, 85, '%', 'YELLOW', '2026-01', '2026-01-28')
ON CONFLICT DO NOTHING;
INSERT INTO kpis (id, org_id, name, value, target, unit, status, period, measured_at)
VALUES ('0005000f-0000-0000-0000-000000000036', '00050001-0000-0000-0000-000000000001', 'Ledtid', 4.2, 5, 'dagar', 'YELLOW', '2026-01', '2026-01-28')
ON CONFLICT DO NOTHING;
INSERT INTO kpis (id, org_id, name, value, target, unit, status, period, measured_at)
VALUES ('0005000f-0000-0000-0000-000000000037', '00050001-0000-0000-0000-000000000001', 'Avvikelser', 1.5, 2, 'st', 'YELLOW', '2026-01', '2026-01-28')
ON CONFLICT DO NOTHING;
INSERT INTO kpis (id, org_id, name, value, target, unit, status, period, measured_at)
VALUES ('0005000f-0000-0000-0000-000000000038', '00050001-0000-0000-0000-000000000001', 'Omsättning', 1070875.8, 1000000.0, 'SEK', 'GREEN', '2026-02', '2026-02-28')
ON CONFLICT DO NOTHING;
INSERT INTO kpis (id, org_id, name, value, target, unit, status, period, measured_at)
VALUES ('0005000f-0000-0000-0000-000000000039', '00050001-0000-0000-0000-000000000001', 'Antal deals', 37.8, 40, 'st', 'GREEN', '2026-02', '2026-02-28')
ON CONFLICT DO NOTHING;
INSERT INTO kpis (id, org_id, name, value, target, unit, status, period, measured_at)
VALUES ('0005000f-0000-0000-0000-00000000003a', '00050001-0000-0000-0000-000000000001', 'Kundnöjdhet', 84.6, 85, '%', 'GREEN', '2026-02', '2026-02-28')
ON CONFLICT DO NOTHING;
INSERT INTO kpis (id, org_id, name, value, target, unit, status, period, measured_at)
VALUES ('0005000f-0000-0000-0000-00000000003b', '00050001-0000-0000-0000-000000000001', 'Ledtid', 5.3, 5, 'dagar', 'GREEN', '2026-02', '2026-02-28')
ON CONFLICT DO NOTHING;
INSERT INTO kpis (id, org_id, name, value, target, unit, status, period, measured_at)
VALUES ('0005000f-0000-0000-0000-00000000003c', '00050001-0000-0000-0000-000000000001', 'Avvikelser', 2.1, 2, 'st', 'GREEN', '2026-02', '2026-02-28')
ON CONFLICT DO NOTHING;

INSERT INTO goals (id, org_id, title, current_value, target_value, unit, status, start_date, end_date, owner_id, created_by)
VALUES ('00050011-0000-0000-0000-000000000001', '00050001-0000-0000-0000-000000000001', 'Öka omsättning med 15%', 918650.5, 1800000.0, 'SEK', 'ON_TRACK'::goal_status, '2025-03-01', '2026-02-28', '00050002-0000-0000-0000-000000000002', '00050002-0000-0000-0000-000000000001')
ON CONFLICT DO NOTHING;
INSERT INTO goals (id, org_id, title, current_value, target_value, unit, status, start_date, end_date, owner_id, created_by)
VALUES ('00050011-0000-0000-0000-000000000002', '00050001-0000-0000-0000-000000000001', 'Minska avvikelser till <3/månad', 2.6, 3, 'st', 'ACTIVE'::goal_status, '2025-03-01', '2026-02-28', '00050002-0000-0000-0000-000000000003', '00050002-0000-0000-0000-000000000001')
ON CONFLICT DO NOTHING;
INSERT INTO goals (id, org_id, title, current_value, target_value, unit, status, start_date, end_date, owner_id, created_by)
VALUES ('00050011-0000-0000-0000-000000000003', '00050001-0000-0000-0000-000000000001', 'Kundnöjdhet > 90%', 58.1, 90, '%', 'AT_RISK'::goal_status, '2025-03-01', '2026-02-28', '00050002-0000-0000-0000-000000000007', '00050002-0000-0000-0000-000000000001')
ON CONFLICT DO NOTHING;


-- ============================================================
-- ORG 6: Nordic Shop AB
-- ============================================================

INSERT INTO organizations (id, name, slug, domain, reporting_currency, settings)
VALUES ('00060001-0000-0000-0000-000000000001', 'Nordic Shop AB', 'nordic-shop', 'nordicshop.com', 'SEK', '{}'::JSONB)
ON CONFLICT (slug) DO NOTHING;

INSERT INTO users (id, org_id, email, full_name, role, title)
VALUES ('00060002-0000-0000-0000-000000000001', '00060001-0000-0000-0000-000000000001', 'fredrik.almqvist@nordicshop.com', 'Fredrik Almqvist', 'ADMIN'::user_role, 'VD')
ON CONFLICT (org_id, email) DO NOTHING;
INSERT INTO users (id, org_id, email, full_name, role, title)
VALUES ('00060002-0000-0000-0000-000000000002', '00060001-0000-0000-0000-000000000001', 'cecilia.stark@nordicshop.com', 'Cecilia Stark', 'MANAGER'::user_role, 'COO')
ON CONFLICT (org_id, email) DO NOTHING;
INSERT INTO users (id, org_id, email, full_name, role, title)
VALUES ('00060002-0000-0000-0000-000000000003', '00060001-0000-0000-0000-000000000001', 'martin.lovgren@nordicshop.com', 'Martin Lövgren', 'FINANCE'::user_role, 'CFO')
ON CONFLICT (org_id, email) DO NOTHING;
INSERT INTO users (id, org_id, email, full_name, role, title)
VALUES ('00060002-0000-0000-0000-000000000004', '00060001-0000-0000-0000-000000000001', 'johanna.kjellberg@nordicshop.com', 'Johanna Kjellberg', 'MANAGER'::user_role, 'CTO')
ON CONFLICT (org_id, email) DO NOTHING;
INSERT INTO users (id, org_id, email, full_name, role, title)
VALUES ('00060002-0000-0000-0000-000000000005', '00060001-0000-0000-0000-000000000001', 'philip.borg@nordicshop.com', 'Philip Borg', 'SALES'::user_role, 'CMO')
ON CONFLICT (org_id, email) DO NOTHING;
INSERT INTO users (id, org_id, email, full_name, role, title)
VALUES ('00060002-0000-0000-0000-000000000006', '00060001-0000-0000-0000-000000000001', 'sara.hallberg@nordicshop.com', 'Sara Hallberg', 'OPS'::user_role, 'Lagerchefsansvarig')
ON CONFLICT (org_id, email) DO NOTHING;
INSERT INTO users (id, org_id, email, full_name, role, title)
VALUES ('00060002-0000-0000-0000-000000000007', '00060001-0000-0000-0000-000000000001', 'niklas.dahlgren@nordicshop.com', 'Niklas Dahlgren', 'OPS'::user_role, 'IT-chef')
ON CONFLICT (org_id, email) DO NOTHING;
INSERT INTO users (id, org_id, email, full_name, role, title)
VALUES ('00060002-0000-0000-0000-000000000008', '00060001-0000-0000-0000-000000000001', 'kerstin.holmstrom@nordicshop.com', 'Kerstin Holmström', 'OPS'::user_role, 'Kundservicechef')
ON CONFLICT (org_id, email) DO NOTHING;
INSERT INTO users (id, org_id, email, full_name, role, title)
VALUES ('00060002-0000-0000-0000-000000000009', '00060001-0000-0000-0000-000000000001', 'per.lindblom@nordicshop.com', 'Per Lindblom', 'OPS'::user_role, 'Logistikchef')
ON CONFLICT (org_id, email) DO NOTHING;
INSERT INTO users (id, org_id, email, full_name, role, title)
VALUES ('00060002-0000-0000-0000-00000000000a', '00060001-0000-0000-0000-000000000001', 'maria.engstrom@nordicshop.com', 'Maria Engström', 'SALES'::user_role, 'E-commerce Manager')
ON CONFLICT (org_id, email) DO NOTHING;
INSERT INTO users (id, org_id, email, full_name, role, title)
VALUES ('00060002-0000-0000-0000-00000000000b', '00060001-0000-0000-0000-000000000001', 'viktor.lofgren@nordicshop.com', 'Viktor Löfgren', 'OPS'::user_role, 'Senior Developer')
ON CONFLICT (org_id, email) DO NOTHING;
INSERT INTO users (id, org_id, email, full_name, role, title)
VALUES ('00060002-0000-0000-0000-00000000000c', '00060001-0000-0000-0000-000000000001', 'amanda.soderstrom@nordicshop.com', 'Amanda Söderström', 'OPS'::user_role, 'UX Lead')
ON CONFLICT (org_id, email) DO NOTHING;
INSERT INTO users (id, org_id, email, full_name, role, title)
VALUES ('00060002-0000-0000-0000-00000000000d', '00060001-0000-0000-0000-000000000001', 'jesper.carlberg@nordicshop.com', 'Jesper Carlberg', 'OPS'::user_role, 'Data Analyst')
ON CONFLICT (org_id, email) DO NOTHING;
INSERT INTO users (id, org_id, email, full_name, role, title)
VALUES ('00060002-0000-0000-0000-00000000000e', '00060001-0000-0000-0000-000000000001', 'therese.nordqvist@nordicshop.com', 'Therese Nordqvist', 'FINANCE'::user_role, 'Controller')
ON CONFLICT (org_id, email) DO NOTHING;
INSERT INTO users (id, org_id, email, full_name, role, title)
VALUES ('00060002-0000-0000-0000-00000000000f', '00060001-0000-0000-0000-000000000001', 'gabriel.astrom@nordicshop.com', 'Gabriel Åström', 'OPS'::user_role, 'Warehouse Manager')
ON CONFLICT (org_id, email) DO NOTHING;

INSERT INTO companies (id, org_id, name, industry, country, created_by)
VALUES ('00060003-0000-0000-0000-000000000001', '00060001-0000-0000-0000-000000000001', 'DHL Express Sweden AB', 'Frakt & logistik', 'SE', '00060002-0000-0000-0000-000000000001')
ON CONFLICT DO NOTHING;
INSERT INTO companies (id, org_id, name, industry, country, created_by)
VALUES ('00060003-0000-0000-0000-000000000002', '00060001-0000-0000-0000-000000000001', 'PostNord Sverige AB', 'Frakt & logistik', 'SE', '00060002-0000-0000-0000-000000000001')
ON CONFLICT DO NOTHING;
INSERT INTO companies (id, org_id, name, industry, country, created_by)
VALUES ('00060003-0000-0000-0000-000000000003', '00060001-0000-0000-0000-000000000001', 'Adyen N.V.', 'Betalningsplattform', 'SE', '00060002-0000-0000-0000-000000000001')
ON CONFLICT DO NOTHING;
INSERT INTO companies (id, org_id, name, industry, country, created_by)
VALUES ('00060003-0000-0000-0000-000000000004', '00060001-0000-0000-0000-000000000001', 'Klarna Bank AB', 'Delbetalning', 'SE', '00060002-0000-0000-0000-000000000001')
ON CONFLICT DO NOTHING;
INSERT INTO companies (id, org_id, name, industry, country, created_by)
VALUES ('00060003-0000-0000-0000-000000000005', '00060001-0000-0000-0000-000000000001', 'Nshift AB', 'WMS system', 'SE', '00060002-0000-0000-0000-000000000001')
ON CONFLICT DO NOTHING;
INSERT INTO companies (id, org_id, name, industry, country, city, created_by)
VALUES ('00060003-0000-0000-0000-000000000006', '00060001-0000-0000-0000-000000000001', 'Karlsson Projekt AB', 'E-commerce', 'SE', 'Stockholm', '00060002-0000-0000-0000-000000000001')
ON CONFLICT DO NOTHING;
INSERT INTO companies (id, org_id, name, industry, country, city, created_by)
VALUES ('00060003-0000-0000-0000-000000000007', '00060001-0000-0000-0000-000000000001', 'Nilsson Service AB', 'E-commerce', 'SE', 'Stockholm', '00060002-0000-0000-0000-000000000001')
ON CONFLICT DO NOTHING;
INSERT INTO companies (id, org_id, name, industry, country, city, created_by)
VALUES ('00060003-0000-0000-0000-000000000008', '00060001-0000-0000-0000-000000000001', 'Holm Service AB', 'E-commerce', 'SE', 'Stockholm', '00060002-0000-0000-0000-000000000001')
ON CONFLICT DO NOTHING;
INSERT INTO companies (id, org_id, name, industry, country, city, created_by)
VALUES ('00060003-0000-0000-0000-000000000009', '00060001-0000-0000-0000-000000000001', 'Nilsson Lösningar AB', 'E-commerce', 'SE', 'Stockholm', '00060002-0000-0000-0000-000000000001')
ON CONFLICT DO NOTHING;
INSERT INTO companies (id, org_id, name, industry, country, city, created_by)
VALUES ('00060003-0000-0000-0000-00000000000a', '00060001-0000-0000-0000-000000000001', 'Nilsson Bygg AB', 'E-commerce', 'SE', 'Stockholm', '00060002-0000-0000-0000-000000000001')
ON CONFLICT DO NOTHING;
INSERT INTO companies (id, org_id, name, industry, country, city, created_by)
VALUES ('00060003-0000-0000-0000-00000000000b', '00060001-0000-0000-0000-000000000001', 'Ek Bygg AB', 'E-commerce', 'SE', 'Stockholm', '00060002-0000-0000-0000-000000000001')
ON CONFLICT DO NOTHING;
INSERT INTO companies (id, org_id, name, industry, country, city, created_by)
VALUES ('00060003-0000-0000-0000-00000000000c', '00060001-0000-0000-0000-000000000001', 'Lindgren Bygg AB', 'E-commerce', 'SE', 'Stockholm', '00060002-0000-0000-0000-000000000001')
ON CONFLICT DO NOTHING;
INSERT INTO companies (id, org_id, name, industry, country, city, created_by)
VALUES ('00060003-0000-0000-0000-00000000000d', '00060001-0000-0000-0000-000000000001', 'Karlsson Handel AB', 'E-commerce', 'SE', 'Stockholm', '00060002-0000-0000-0000-000000000001')
ON CONFLICT DO NOTHING;
INSERT INTO companies (id, org_id, name, industry, country, city, created_by)
VALUES ('00060003-0000-0000-0000-00000000000e', '00060001-0000-0000-0000-000000000001', 'Holm Handel AB', 'E-commerce', 'SE', 'Stockholm', '00060002-0000-0000-0000-000000000001')
ON CONFLICT DO NOTHING;
INSERT INTO companies (id, org_id, name, industry, country, city, created_by)
VALUES ('00060003-0000-0000-0000-00000000000f', '00060001-0000-0000-0000-000000000001', 'Lindgren Handel AB', 'E-commerce', 'SE', 'Stockholm', '00060002-0000-0000-0000-000000000001')
ON CONFLICT DO NOTHING;
INSERT INTO companies (id, org_id, name, industry, country, city, created_by)
VALUES ('00060003-0000-0000-0000-000000000010', '00060001-0000-0000-0000-000000000001', 'Persson Partner AB', 'E-commerce', 'SE', 'Stockholm', '00060002-0000-0000-0000-000000000001')
ON CONFLICT DO NOTHING;
INSERT INTO companies (id, org_id, name, industry, country, city, created_by)
VALUES ('00060003-0000-0000-0000-000000000011', '00060001-0000-0000-0000-000000000001', 'Karlsson Service AB', 'E-commerce', 'SE', 'Stockholm', '00060002-0000-0000-0000-000000000001')
ON CONFLICT DO NOTHING;
INSERT INTO companies (id, org_id, name, industry, country, city, created_by)
VALUES ('00060003-0000-0000-0000-000000000012', '00060001-0000-0000-0000-000000000001', 'Berg Partner AB', 'E-commerce', 'SE', 'Stockholm', '00060002-0000-0000-0000-000000000001')
ON CONFLICT DO NOTHING;
INSERT INTO companies (id, org_id, name, industry, country, city, created_by)
VALUES ('00060003-0000-0000-0000-000000000013', '00060001-0000-0000-0000-000000000001', 'Karlsson Invest AB', 'E-commerce', 'SE', 'Stockholm', '00060002-0000-0000-0000-000000000001')
ON CONFLICT DO NOTHING;
INSERT INTO companies (id, org_id, name, industry, country, city, created_by)
VALUES ('00060003-0000-0000-0000-000000000014', '00060001-0000-0000-0000-000000000001', 'Persson Partner AB', 'E-commerce', 'SE', 'Stockholm', '00060002-0000-0000-0000-000000000001')
ON CONFLICT DO NOTHING;
INSERT INTO companies (id, org_id, name, industry, country, city, created_by)
VALUES ('00060003-0000-0000-0000-000000000015', '00060001-0000-0000-0000-000000000001', 'Björn Invest AB', 'E-commerce', 'SE', 'Stockholm', '00060002-0000-0000-0000-000000000001')
ON CONFLICT DO NOTHING;
INSERT INTO companies (id, org_id, name, industry, country, city, created_by)
VALUES ('00060003-0000-0000-0000-000000000016', '00060001-0000-0000-0000-000000000001', 'Berg Service AB', 'E-commerce', 'SE', 'Stockholm', '00060002-0000-0000-0000-000000000001')
ON CONFLICT DO NOTHING;
INSERT INTO companies (id, org_id, name, industry, country, city, created_by)
VALUES ('00060003-0000-0000-0000-000000000017', '00060001-0000-0000-0000-000000000001', 'Björn Service AB', 'E-commerce', 'SE', 'Stockholm', '00060002-0000-0000-0000-000000000001')
ON CONFLICT DO NOTHING;
INSERT INTO companies (id, org_id, name, industry, country, city, created_by)
VALUES ('00060003-0000-0000-0000-000000000018', '00060001-0000-0000-0000-000000000001', 'Björn Partner AB', 'E-commerce', 'SE', 'Stockholm', '00060002-0000-0000-0000-000000000001')
ON CONFLICT DO NOTHING;
INSERT INTO companies (id, org_id, name, industry, country, city, created_by)
VALUES ('00060003-0000-0000-0000-000000000019', '00060001-0000-0000-0000-000000000001', 'Holm Service AB', 'E-commerce', 'SE', 'Stockholm', '00060002-0000-0000-0000-000000000001')
ON CONFLICT DO NOTHING;
INSERT INTO companies (id, org_id, name, industry, country, city, created_by)
VALUES ('00060003-0000-0000-0000-00000000001a', '00060001-0000-0000-0000-000000000001', 'Lindgren Handel AB', 'E-commerce', 'SE', 'Stockholm', '00060002-0000-0000-0000-000000000001')
ON CONFLICT DO NOTHING;
INSERT INTO companies (id, org_id, name, industry, country, city, created_by)
VALUES ('00060003-0000-0000-0000-00000000001b', '00060001-0000-0000-0000-000000000001', 'Holm Lösningar AB', 'E-commerce', 'SE', 'Stockholm', '00060002-0000-0000-0000-000000000001')
ON CONFLICT DO NOTHING;
INSERT INTO companies (id, org_id, name, industry, country, city, created_by)
VALUES ('00060003-0000-0000-0000-00000000001c', '00060001-0000-0000-0000-000000000001', 'Björn Projekt AB', 'E-commerce', 'SE', 'Stockholm', '00060002-0000-0000-0000-000000000001')
ON CONFLICT DO NOTHING;
INSERT INTO companies (id, org_id, name, industry, country, city, created_by)
VALUES ('00060003-0000-0000-0000-00000000001d', '00060001-0000-0000-0000-000000000001', 'Berg Partner AB', 'E-commerce', 'SE', 'Stockholm', '00060002-0000-0000-0000-000000000001')
ON CONFLICT DO NOTHING;
INSERT INTO companies (id, org_id, name, industry, country, city, created_by)
VALUES ('00060003-0000-0000-0000-00000000001e', '00060001-0000-0000-0000-000000000001', 'Nilsson Fastigheter AB', 'E-commerce', 'SE', 'Stockholm', '00060002-0000-0000-0000-000000000001')
ON CONFLICT DO NOTHING;
INSERT INTO companies (id, org_id, name, industry, country, city, created_by)
VALUES ('00060003-0000-0000-0000-00000000001f', '00060001-0000-0000-0000-000000000001', 'Ek Fastigheter AB', 'E-commerce', 'SE', 'Stockholm', '00060002-0000-0000-0000-000000000001')
ON CONFLICT DO NOTHING;
INSERT INTO companies (id, org_id, name, industry, country, city, created_by)
VALUES ('00060003-0000-0000-0000-000000000020', '00060001-0000-0000-0000-000000000001', 'Persson Lösningar AB', 'E-commerce', 'SE', 'Stockholm', '00060002-0000-0000-0000-000000000001')
ON CONFLICT DO NOTHING;
INSERT INTO companies (id, org_id, name, industry, country, city, created_by)
VALUES ('00060003-0000-0000-0000-000000000021', '00060001-0000-0000-0000-000000000001', 'Nilsson Lösningar AB', 'E-commerce', 'SE', 'Stockholm', '00060002-0000-0000-0000-000000000001')
ON CONFLICT DO NOTHING;
INSERT INTO companies (id, org_id, name, industry, country, city, created_by)
VALUES ('00060003-0000-0000-0000-000000000022', '00060001-0000-0000-0000-000000000001', 'Lindgren Handel AB', 'E-commerce', 'SE', 'Stockholm', '00060002-0000-0000-0000-000000000001')
ON CONFLICT DO NOTHING;
INSERT INTO companies (id, org_id, name, industry, country, city, created_by)
VALUES ('00060003-0000-0000-0000-000000000023', '00060001-0000-0000-0000-000000000001', 'Björn Fastigheter AB', 'E-commerce', 'SE', 'Stockholm', '00060002-0000-0000-0000-000000000001')
ON CONFLICT DO NOTHING;

INSERT INTO contacts (id, org_id, company_id, first_name, last_name, email, created_by)
VALUES ('00060004-0000-0000-0000-000000000001', '00060001-0000-0000-0000-000000000001', '00060003-0000-0000-0000-000000000012', 'Marcus', 'Ekström', 'marcus.ekström@example.com', '00060002-0000-0000-0000-000000000001')
ON CONFLICT DO NOTHING;
INSERT INTO contacts (id, org_id, company_id, first_name, last_name, email, created_by)
VALUES ('00060004-0000-0000-0000-000000000002', '00060001-0000-0000-0000-000000000001', '00060003-0000-0000-0000-00000000000a', 'Stefan', 'Lindqvist', 'stefan.lindqvist@example.com', '00060002-0000-0000-0000-000000000001')
ON CONFLICT DO NOTHING;
INSERT INTO contacts (id, org_id, company_id, first_name, last_name, email, created_by)
VALUES ('00060004-0000-0000-0000-000000000003', '00060001-0000-0000-0000-000000000001', '00060003-0000-0000-0000-00000000001e', 'Lena', 'Svensson', 'lena.svensson@example.com', '00060002-0000-0000-0000-000000000001')
ON CONFLICT DO NOTHING;
INSERT INTO contacts (id, org_id, company_id, first_name, last_name, email, created_by)
VALUES ('00060004-0000-0000-0000-000000000004', '00060001-0000-0000-0000-000000000001', '00060003-0000-0000-0000-000000000009', 'Maja', 'Nilsson', 'maja.nilsson@example.com', '00060002-0000-0000-0000-000000000001')
ON CONFLICT DO NOTHING;
INSERT INTO contacts (id, org_id, company_id, first_name, last_name, email, created_by)
VALUES ('00060004-0000-0000-0000-000000000005', '00060001-0000-0000-0000-000000000001', '00060003-0000-0000-0000-000000000010', 'Monica', 'Larsson', 'monica.larsson@example.com', '00060002-0000-0000-0000-000000000001')
ON CONFLICT DO NOTHING;
INSERT INTO contacts (id, org_id, company_id, first_name, last_name, email, created_by)
VALUES ('00060004-0000-0000-0000-000000000006', '00060001-0000-0000-0000-000000000001', '00060003-0000-0000-0000-000000000014', 'Kristina', 'Karlsson', 'kristina.karlsson@example.com', '00060002-0000-0000-0000-000000000001')
ON CONFLICT DO NOTHING;
INSERT INTO contacts (id, org_id, company_id, first_name, last_name, email, created_by)
VALUES ('00060004-0000-0000-0000-000000000007', '00060001-0000-0000-0000-000000000001', '00060003-0000-0000-0000-00000000001a', 'Sara', 'Berg', 'sara.berg@example.com', '00060002-0000-0000-0000-000000000001')
ON CONFLICT DO NOTHING;
INSERT INTO contacts (id, org_id, company_id, first_name, last_name, email, created_by)
VALUES ('00060004-0000-0000-0000-000000000008', '00060001-0000-0000-0000-000000000001', '00060003-0000-0000-0000-00000000000e', 'Peter', 'Nyman', 'peter.nyman@example.com', '00060002-0000-0000-0000-000000000001')
ON CONFLICT DO NOTHING;
INSERT INTO contacts (id, org_id, company_id, first_name, last_name, email, created_by)
VALUES ('00060004-0000-0000-0000-000000000009', '00060001-0000-0000-0000-000000000001', '00060003-0000-0000-0000-000000000015', 'Niklas', 'Johansson', 'niklas.johansson@example.com', '00060002-0000-0000-0000-000000000001')
ON CONFLICT DO NOTHING;
INSERT INTO contacts (id, org_id, company_id, first_name, last_name, email, created_by)
VALUES ('00060004-0000-0000-0000-00000000000a', '00060001-0000-0000-0000-000000000001', '00060003-0000-0000-0000-000000000020', 'Mikael', 'Nilsson', 'mikael.nilsson@example.com', '00060002-0000-0000-0000-000000000001')
ON CONFLICT DO NOTHING;
INSERT INTO contacts (id, org_id, company_id, first_name, last_name, email, created_by)
VALUES ('00060004-0000-0000-0000-00000000000b', '00060001-0000-0000-0000-000000000001', '00060003-0000-0000-0000-000000000007', 'Marcus', 'Björk', 'marcus.björk@example.com', '00060002-0000-0000-0000-000000000001')
ON CONFLICT DO NOTHING;
INSERT INTO contacts (id, org_id, company_id, first_name, last_name, email, created_by)
VALUES ('00060004-0000-0000-0000-00000000000c', '00060001-0000-0000-0000-000000000001', '00060003-0000-0000-0000-000000000014', 'Magnus', 'Holm', 'magnus.holm@example.com', '00060002-0000-0000-0000-000000000001')
ON CONFLICT DO NOTHING;
INSERT INTO contacts (id, org_id, company_id, first_name, last_name, email, created_by)
VALUES ('00060004-0000-0000-0000-00000000000d', '00060001-0000-0000-0000-000000000001', '00060003-0000-0000-0000-000000000019', 'Maria', 'Björk', 'maria.björk@example.com', '00060002-0000-0000-0000-000000000001')
ON CONFLICT DO NOTHING;
INSERT INTO contacts (id, org_id, company_id, first_name, last_name, email, created_by)
VALUES ('00060004-0000-0000-0000-00000000000e', '00060001-0000-0000-0000-000000000001', '00060003-0000-0000-0000-000000000004', 'Sara', 'Strand', 'sara.strand@example.com', '00060002-0000-0000-0000-000000000001')
ON CONFLICT DO NOTHING;
INSERT INTO contacts (id, org_id, company_id, first_name, last_name, email, created_by)
VALUES ('00060004-0000-0000-0000-00000000000f', '00060001-0000-0000-0000-000000000001', '00060003-0000-0000-0000-00000000001c', 'Emma', 'Larsson', 'emma.larsson@example.com', '00060002-0000-0000-0000-000000000001')
ON CONFLICT DO NOTHING;
INSERT INTO contacts (id, org_id, company_id, first_name, last_name, email, created_by)
VALUES ('00060004-0000-0000-0000-000000000010', '00060001-0000-0000-0000-000000000001', '00060003-0000-0000-0000-000000000008', 'Johan', 'Nyman', 'johan.nyman@example.com', '00060002-0000-0000-0000-000000000001')
ON CONFLICT DO NOTHING;
INSERT INTO contacts (id, org_id, company_id, first_name, last_name, email, created_by)
VALUES ('00060004-0000-0000-0000-000000000011', '00060001-0000-0000-0000-000000000001', '00060003-0000-0000-0000-000000000001', 'Kristina', 'Björk', 'kristina.björk@example.com', '00060002-0000-0000-0000-000000000001')
ON CONFLICT DO NOTHING;
INSERT INTO contacts (id, org_id, company_id, first_name, last_name, email, created_by)
VALUES ('00060004-0000-0000-0000-000000000012', '00060001-0000-0000-0000-000000000001', '00060003-0000-0000-0000-000000000019', 'Tobias', 'Strand', 'tobias.strand@example.com', '00060002-0000-0000-0000-000000000001')
ON CONFLICT DO NOTHING;
INSERT INTO contacts (id, org_id, company_id, first_name, last_name, email, created_by)
VALUES ('00060004-0000-0000-0000-000000000013', '00060001-0000-0000-0000-000000000001', '00060003-0000-0000-0000-000000000022', 'Maria', 'Karlsson', 'maria.karlsson@example.com', '00060002-0000-0000-0000-000000000001')
ON CONFLICT DO NOTHING;
INSERT INTO contacts (id, org_id, company_id, first_name, last_name, email, created_by)
VALUES ('00060004-0000-0000-0000-000000000014', '00060001-0000-0000-0000-000000000001', '00060003-0000-0000-0000-000000000023', 'Maria', 'Larsson', 'maria.larsson@example.com', '00060002-0000-0000-0000-000000000001')
ON CONFLICT DO NOTHING;
INSERT INTO contacts (id, org_id, company_id, first_name, last_name, email, created_by)
VALUES ('00060004-0000-0000-0000-000000000015', '00060001-0000-0000-0000-000000000001', '00060003-0000-0000-0000-000000000015', 'Peter', 'Nilsson', 'peter.nilsson@example.com', '00060002-0000-0000-0000-000000000001')
ON CONFLICT DO NOTHING;
INSERT INTO contacts (id, org_id, company_id, first_name, last_name, email, created_by)
VALUES ('00060004-0000-0000-0000-000000000016', '00060001-0000-0000-0000-000000000001', '00060003-0000-0000-0000-00000000000f', 'Anders', 'Björk', 'anders.björk@example.com', '00060002-0000-0000-0000-000000000001')
ON CONFLICT DO NOTHING;
INSERT INTO contacts (id, org_id, company_id, first_name, last_name, email, created_by)
VALUES ('00060004-0000-0000-0000-000000000017', '00060001-0000-0000-0000-000000000001', '00060003-0000-0000-0000-00000000001a', 'Eva', 'Svensson', 'eva.svensson@example.com', '00060002-0000-0000-0000-000000000001')
ON CONFLICT DO NOTHING;
INSERT INTO contacts (id, org_id, company_id, first_name, last_name, email, created_by)
VALUES ('00060004-0000-0000-0000-000000000018', '00060001-0000-0000-0000-000000000001', '00060003-0000-0000-0000-000000000021', 'Erik', 'Strand', 'erik.strand@example.com', '00060002-0000-0000-0000-000000000001')
ON CONFLICT DO NOTHING;
INSERT INTO contacts (id, org_id, company_id, first_name, last_name, email, created_by)
VALUES ('00060004-0000-0000-0000-000000000019', '00060001-0000-0000-0000-000000000001', '00060003-0000-0000-0000-00000000001c', 'Sara', 'Eriksson', 'sara.eriksson@example.com', '00060002-0000-0000-0000-000000000001')
ON CONFLICT DO NOTHING;
INSERT INTO contacts (id, org_id, company_id, first_name, last_name, email, created_by)
VALUES ('00060004-0000-0000-0000-00000000001a', '00060001-0000-0000-0000-000000000001', '00060003-0000-0000-0000-00000000001a', 'Linda', 'Strand', 'linda.strand@example.com', '00060002-0000-0000-0000-000000000001')
ON CONFLICT DO NOTHING;
INSERT INTO contacts (id, org_id, company_id, first_name, last_name, email, created_by)
VALUES ('00060004-0000-0000-0000-00000000001b', '00060001-0000-0000-0000-000000000001', '00060003-0000-0000-0000-000000000016', 'Eva', 'Nilsson', 'eva.nilsson@example.com', '00060002-0000-0000-0000-000000000001')
ON CONFLICT DO NOTHING;
INSERT INTO contacts (id, org_id, company_id, first_name, last_name, email, created_by)
VALUES ('00060004-0000-0000-0000-00000000001c', '00060001-0000-0000-0000-000000000001', '00060003-0000-0000-0000-000000000004', 'Sara', 'Andersson', 'sara.andersson@example.com', '00060002-0000-0000-0000-000000000001')
ON CONFLICT DO NOTHING;
INSERT INTO contacts (id, org_id, company_id, first_name, last_name, email, created_by)
VALUES ('00060004-0000-0000-0000-00000000001d', '00060001-0000-0000-0000-000000000001', '00060003-0000-0000-0000-000000000011', 'Stefan', 'Persson', 'stefan.persson@example.com', '00060002-0000-0000-0000-000000000001')
ON CONFLICT DO NOTHING;
INSERT INTO contacts (id, org_id, company_id, first_name, last_name, email, created_by)
VALUES ('00060004-0000-0000-0000-00000000001e', '00060001-0000-0000-0000-000000000001', '00060003-0000-0000-0000-000000000021', 'Sara', 'Persson', 'sara.persson@example.com', '00060002-0000-0000-0000-000000000001')
ON CONFLICT DO NOTHING;
INSERT INTO contacts (id, org_id, company_id, first_name, last_name, email, created_by)
VALUES ('00060004-0000-0000-0000-00000000001f', '00060001-0000-0000-0000-000000000001', '00060003-0000-0000-0000-000000000009', 'Johan', 'Strand', 'johan.strand@example.com', '00060002-0000-0000-0000-000000000001')
ON CONFLICT DO NOTHING;
INSERT INTO contacts (id, org_id, company_id, first_name, last_name, email, created_by)
VALUES ('00060004-0000-0000-0000-000000000020', '00060001-0000-0000-0000-000000000001', '00060003-0000-0000-0000-00000000000d', 'Eva', 'Andersson', 'eva.andersson@example.com', '00060002-0000-0000-0000-000000000001')
ON CONFLICT DO NOTHING;
INSERT INTO contacts (id, org_id, company_id, first_name, last_name, email, created_by)
VALUES ('00060004-0000-0000-0000-000000000021', '00060001-0000-0000-0000-000000000001', '00060003-0000-0000-0000-00000000000d', 'Mikael', 'Persson', 'mikael.persson@example.com', '00060002-0000-0000-0000-000000000001')
ON CONFLICT DO NOTHING;
INSERT INTO contacts (id, org_id, company_id, first_name, last_name, email, created_by)
VALUES ('00060004-0000-0000-0000-000000000022', '00060001-0000-0000-0000-000000000001', '00060003-0000-0000-0000-000000000022', 'Stefan', 'Berg', 'stefan.berg@example.com', '00060002-0000-0000-0000-000000000001')
ON CONFLICT DO NOTHING;
INSERT INTO contacts (id, org_id, company_id, first_name, last_name, email, created_by)
VALUES ('00060004-0000-0000-0000-000000000023', '00060001-0000-0000-0000-000000000001', '00060003-0000-0000-0000-000000000005', 'Kristina', 'Eriksson', 'kristina.eriksson@example.com', '00060002-0000-0000-0000-000000000001')
ON CONFLICT DO NOTHING;

INSERT INTO deals (id, org_id, company_id, contact_id, title, status, amount, currency, exchange_rate, reporting_amount, probability, expected_close, closed_at, assigned_to, created_by)
VALUES ('00060006-0000-0000-0000-000000000001', '00060001-0000-0000-0000-000000000001', '00060003-0000-0000-0000-000000000008', '00060004-0000-0000-0000-00000000001b', 'B2B-avtal ICA Sverige AB #1', 'DEMO'::deal_status, 2390582.01, 'GBP', 13.2, 31555682.53, 79, '2025-12-31', NULL, '00060002-0000-0000-0000-000000000007', '00060002-0000-0000-0000-000000000001')
ON CONFLICT DO NOTHING;
INSERT INTO deals (id, org_id, company_id, contact_id, title, status, amount, currency, exchange_rate, reporting_amount, probability, expected_close, closed_at, assigned_to, created_by)
VALUES ('00060006-0000-0000-0000-000000000002', '00060001-0000-0000-0000-000000000001', '00060003-0000-0000-0000-000000000002', '00060004-0000-0000-0000-000000000014', 'Wholesale – Coop Sverige #2', 'DEMO'::deal_status, 1783486.8, 'USD', 10.6, 18904960.08, 42, '2026-02-09', NULL, '00060002-0000-0000-0000-000000000003', '00060002-0000-0000-0000-000000000001')
ON CONFLICT DO NOTHING;
INSERT INTO deals (id, org_id, company_id, contact_id, title, status, amount, currency, exchange_rate, reporting_amount, probability, expected_close, closed_at, assigned_to, created_by)
VALUES ('00060006-0000-0000-0000-000000000003', '00060001-0000-0000-0000-000000000001', '00060003-0000-0000-0000-00000000001d', '00060004-0000-0000-0000-000000000003', 'Enterprise marketplace – Amazon EU #3', 'DEMO'::deal_status, 4665888.7, 'NOK', 0.95, 4432594.26, 71, '2025-11-19', NULL, '00060002-0000-0000-0000-00000000000f', '00060002-0000-0000-0000-000000000001')
ON CONFLICT DO NOTHING;
INSERT INTO deals (id, org_id, company_id, contact_id, title, status, amount, currency, exchange_rate, reporting_amount, probability, expected_close, closed_at, assigned_to, created_by)
VALUES ('00060006-0000-0000-0000-000000000004', '00060001-0000-0000-0000-000000000001', '00060003-0000-0000-0000-000000000006', '00060004-0000-0000-0000-000000000008', 'B2B textil – H&M Supply #4', 'LOST'::deal_status, 1825485.35, 'EUR', 11.5, 20993081.53, 10, '2025-10-17', '2025-09-08', '00060002-0000-0000-0000-00000000000c', '00060002-0000-0000-0000-000000000001')
ON CONFLICT DO NOTHING;
INSERT INTO deals (id, org_id, company_id, contact_id, title, status, amount, currency, exchange_rate, reporting_amount, probability, expected_close, closed_at, assigned_to, created_by)
VALUES ('00060006-0000-0000-0000-000000000005', '00060001-0000-0000-0000-000000000001', '00060003-0000-0000-0000-000000000001', '00060004-0000-0000-0000-000000000016', 'Dropshipping – Stadium AB #5', 'NEW'::deal_status, 5247566.68, 'EUR', 11.5, 60347016.82, 79, '2025-10-09', NULL, '00060002-0000-0000-0000-00000000000c', '00060002-0000-0000-0000-000000000001')
ON CONFLICT DO NOTHING;
INSERT INTO deals (id, org_id, company_id, contact_id, title, status, amount, currency, exchange_rate, reporting_amount, probability, expected_close, closed_at, assigned_to, created_by)
VALUES ('00060006-0000-0000-0000-000000000006', '00060001-0000-0000-0000-000000000001', '00060003-0000-0000-0000-000000000016', '00060004-0000-0000-0000-00000000000e', 'Volymavtal – Jollyroom AB #6', 'LOST'::deal_status, 2307029.56, 'SEK', 1.0, 2307029.56, 10, '2025-10-30', '2025-10-28', '00060002-0000-0000-0000-00000000000c', '00060002-0000-0000-0000-000000000001')
ON CONFLICT DO NOTHING;
INSERT INTO deals (id, org_id, company_id, contact_id, title, status, amount, currency, exchange_rate, reporting_amount, probability, expected_close, closed_at, assigned_to, created_by)
VALUES ('00060006-0000-0000-0000-000000000007', '00060001-0000-0000-0000-000000000001', '00060003-0000-0000-0000-00000000001f', '00060004-0000-0000-0000-00000000000a', 'API-integration – Cervera AB #7', 'NEGOTIATION'::deal_status, 1844285.03, 'EUR', 11.5, 21209277.84, 53, '2025-11-28', NULL, '00060002-0000-0000-0000-00000000000c', '00060002-0000-0000-0000-000000000001')
ON CONFLICT DO NOTHING;
INSERT INTO deals (id, org_id, company_id, contact_id, title, status, amount, currency, exchange_rate, reporting_amount, probability, expected_close, closed_at, assigned_to, created_by)
VALUES ('00060006-0000-0000-0000-000000000008', '00060001-0000-0000-0000-000000000001', '00060003-0000-0000-0000-000000000003', '00060004-0000-0000-0000-000000000011', 'White-label shop – KappAhl AB #8', 'WON'::deal_status, 2633540.08, 'SEK', 1.0, 2633540.08, 90, '2026-02-19', '2026-02-03', '00060002-0000-0000-0000-000000000003', '00060002-0000-0000-0000-000000000001')
ON CONFLICT DO NOTHING;
INSERT INTO deals (id, org_id, company_id, contact_id, title, status, amount, currency, exchange_rate, reporting_amount, probability, expected_close, closed_at, assigned_to, created_by)
VALUES ('00060006-0000-0000-0000-000000000009', '00060001-0000-0000-0000-000000000001', '00060003-0000-0000-0000-000000000004', '00060004-0000-0000-0000-00000000001e', 'Partnership – Dustin AB #9', 'NEW'::deal_status, 1830102.18, 'USD', 10.6, 19399083.11, 64, '2026-01-28', NULL, '00060002-0000-0000-0000-00000000000b', '00060002-0000-0000-0000-000000000001')
ON CONFLICT DO NOTHING;
INSERT INTO deals (id, org_id, company_id, contact_id, title, status, amount, currency, exchange_rate, reporting_amount, probability, expected_close, closed_at, assigned_to, created_by)
VALUES ('00060006-0000-0000-0000-00000000000a', '00060001-0000-0000-0000-000000000001', '00060003-0000-0000-0000-000000000018', '00060004-0000-0000-0000-000000000007', 'Distribution – NetOnNet AB #10', 'NEW'::deal_status, 2688523.51, 'SEK', 1.0, 2688523.51, 37, '2026-02-24', NULL, '00060002-0000-0000-0000-000000000001', '00060002-0000-0000-0000-000000000001')
ON CONFLICT DO NOTHING;
INSERT INTO deals (id, org_id, company_id, contact_id, title, status, amount, currency, exchange_rate, reporting_amount, probability, expected_close, closed_at, assigned_to, created_by)
VALUES ('00060006-0000-0000-0000-00000000000b', '00060001-0000-0000-0000-000000000001', '00060003-0000-0000-0000-000000000007', '00060004-0000-0000-0000-000000000015', 'Affiliate-avtal – Prisjakt AB #11', 'DEMO'::deal_status, 1969279.76, 'GBP', 13.2, 25994492.83, 44, '2026-02-14', NULL, '00060002-0000-0000-0000-000000000008', '00060002-0000-0000-0000-000000000001')
ON CONFLICT DO NOTHING;
INSERT INTO deals (id, org_id, company_id, contact_id, title, status, amount, currency, exchange_rate, reporting_amount, probability, expected_close, closed_at, assigned_to, created_by)
VALUES ('00060006-0000-0000-0000-00000000000c', '00060001-0000-0000-0000-000000000001', '00060003-0000-0000-0000-000000000021', '00060004-0000-0000-0000-00000000001e', 'Logistics partner – DB Schenker #12', 'LOST'::deal_status, 3341262.56, 'NOK', 0.95, 3174199.43, 10, '2025-09-13', '2025-06-04', '00060002-0000-0000-0000-000000000009', '00060002-0000-0000-0000-000000000001')
ON CONFLICT DO NOTHING;
INSERT INTO deals (id, org_id, company_id, contact_id, title, status, amount, currency, exchange_rate, reporting_amount, probability, expected_close, closed_at, assigned_to, created_by)
VALUES ('00060006-0000-0000-0000-00000000000d', '00060001-0000-0000-0000-000000000001', '00060003-0000-0000-0000-000000000016', '00060004-0000-0000-0000-000000000020', 'B2B-avtal ICA Sverige AB #13', 'WON'::deal_status, 1095023.0, 'SEK', 1.0, 1095023.0, 90, '2026-01-05', '2025-11-27', '00060002-0000-0000-0000-000000000007', '00060002-0000-0000-0000-000000000001')
ON CONFLICT DO NOTHING;
INSERT INTO deals (id, org_id, company_id, contact_id, title, status, amount, currency, exchange_rate, reporting_amount, probability, expected_close, closed_at, assigned_to, created_by)
VALUES ('00060006-0000-0000-0000-00000000000e', '00060001-0000-0000-0000-000000000001', '00060003-0000-0000-0000-000000000017', '00060004-0000-0000-0000-000000000014', 'Wholesale – Coop Sverige #14', 'WON'::deal_status, 997373.14, 'EUR', 11.5, 11469791.11, 90, '2026-02-19', '2026-02-14', '00060002-0000-0000-0000-000000000004', '00060002-0000-0000-0000-000000000001')
ON CONFLICT DO NOTHING;
INSERT INTO deals (id, org_id, company_id, contact_id, title, status, amount, currency, exchange_rate, reporting_amount, probability, expected_close, closed_at, assigned_to, created_by)
VALUES ('00060006-0000-0000-0000-00000000000f', '00060001-0000-0000-0000-000000000001', '00060003-0000-0000-0000-000000000019', '00060004-0000-0000-0000-000000000002', 'Enterprise marketplace – Amazon EU #15', 'NEGOTIATION'::deal_status, 4621626.04, 'USD', 10.6, 48989236.02, 60, '2026-02-19', NULL, '00060002-0000-0000-0000-000000000009', '00060002-0000-0000-0000-000000000001')
ON CONFLICT DO NOTHING;
INSERT INTO deals (id, org_id, company_id, contact_id, title, status, amount, currency, exchange_rate, reporting_amount, probability, expected_close, closed_at, assigned_to, created_by)
VALUES ('00060006-0000-0000-0000-000000000010', '00060001-0000-0000-0000-000000000001', '00060003-0000-0000-0000-000000000006', '00060004-0000-0000-0000-000000000019', 'B2B textil – H&M Supply #16', 'DEMO'::deal_status, 1606359.48, 'EUR', 11.5, 18473134.02, 77, '2025-10-23', NULL, '00060002-0000-0000-0000-000000000009', '00060002-0000-0000-0000-000000000001')
ON CONFLICT DO NOTHING;
INSERT INTO deals (id, org_id, company_id, contact_id, title, status, amount, currency, exchange_rate, reporting_amount, probability, expected_close, closed_at, assigned_to, created_by)
VALUES ('00060006-0000-0000-0000-000000000011', '00060001-0000-0000-0000-000000000001', '00060003-0000-0000-0000-00000000001b', '00060004-0000-0000-0000-000000000010', 'Dropshipping – Stadium AB #17', 'WON'::deal_status, 4899357.68, 'NOK', 0.95, 4654389.8, 90, '2026-02-18', '2026-02-15', '00060002-0000-0000-0000-00000000000a', '00060002-0000-0000-0000-000000000001')
ON CONFLICT DO NOTHING;
INSERT INTO deals (id, org_id, company_id, contact_id, title, status, amount, currency, exchange_rate, reporting_amount, probability, expected_close, closed_at, assigned_to, created_by)
VALUES ('00060006-0000-0000-0000-000000000012', '00060001-0000-0000-0000-000000000001', '00060003-0000-0000-0000-00000000001d', '00060004-0000-0000-0000-000000000023', 'Volymavtal – Jollyroom AB #18', 'QUALIFIED'::deal_status, 5346203.43, 'GBP', 13.2, 70569885.28, 78, '2026-01-25', NULL, '00060002-0000-0000-0000-000000000003', '00060002-0000-0000-0000-000000000001')
ON CONFLICT DO NOTHING;
INSERT INTO deals (id, org_id, company_id, contact_id, title, status, amount, currency, exchange_rate, reporting_amount, probability, expected_close, closed_at, assigned_to, created_by)
VALUES ('00060006-0000-0000-0000-000000000013', '00060001-0000-0000-0000-000000000001', '00060003-0000-0000-0000-000000000014', '00060004-0000-0000-0000-000000000022', 'API-integration – Cervera AB #19', 'QUALIFIED'::deal_status, 3567207.53, 'EUR', 11.5, 41022886.59, 63, '2025-08-21', NULL, '00060002-0000-0000-0000-00000000000f', '00060002-0000-0000-0000-000000000001')
ON CONFLICT DO NOTHING;
INSERT INTO deals (id, org_id, company_id, contact_id, title, status, amount, currency, exchange_rate, reporting_amount, probability, expected_close, closed_at, assigned_to, created_by)
VALUES ('00060006-0000-0000-0000-000000000014', '00060001-0000-0000-0000-000000000001', '00060003-0000-0000-0000-00000000000b', '00060004-0000-0000-0000-000000000015', 'White-label shop – KappAhl AB #20', 'QUALIFIED'::deal_status, 5461064.95, 'GBP', 13.2, 72086057.34, 69, '2026-02-27', NULL, '00060002-0000-0000-0000-000000000002', '00060002-0000-0000-0000-000000000001')
ON CONFLICT DO NOTHING;
INSERT INTO deals (id, org_id, company_id, contact_id, title, status, amount, currency, exchange_rate, reporting_amount, probability, expected_close, closed_at, assigned_to, created_by)
VALUES ('00060006-0000-0000-0000-000000000015', '00060001-0000-0000-0000-000000000001', '00060003-0000-0000-0000-00000000000a', '00060004-0000-0000-0000-000000000002', 'Partnership – Dustin AB #21', 'NEGOTIATION'::deal_status, 5246016.76, 'NOK', 0.95, 4983715.92, 27, '2025-11-12', NULL, '00060002-0000-0000-0000-00000000000d', '00060002-0000-0000-0000-000000000001')
ON CONFLICT DO NOTHING;
INSERT INTO deals (id, org_id, company_id, contact_id, title, status, amount, currency, exchange_rate, reporting_amount, probability, expected_close, closed_at, assigned_to, created_by)
VALUES ('00060006-0000-0000-0000-000000000016', '00060001-0000-0000-0000-000000000001', '00060003-0000-0000-0000-00000000000a', '00060004-0000-0000-0000-00000000000d', 'Distribution – NetOnNet AB #22', 'DEMO'::deal_status, 5303540.28, 'GBP', 13.2, 70006731.7, 39, '2025-12-22', NULL, '00060002-0000-0000-0000-000000000002', '00060002-0000-0000-0000-000000000001')
ON CONFLICT DO NOTHING;
INSERT INTO deals (id, org_id, company_id, contact_id, title, status, amount, currency, exchange_rate, reporting_amount, probability, expected_close, closed_at, assigned_to, created_by)
VALUES ('00060006-0000-0000-0000-000000000017', '00060001-0000-0000-0000-000000000001', '00060003-0000-0000-0000-00000000000f', '00060004-0000-0000-0000-00000000000f', 'Affiliate-avtal – Prisjakt AB #23', 'QUALIFIED'::deal_status, 1033116.88, 'EUR', 11.5, 11880844.12, 59, '2026-01-27', NULL, '00060002-0000-0000-0000-000000000004', '00060002-0000-0000-0000-000000000001')
ON CONFLICT DO NOTHING;
INSERT INTO deals (id, org_id, company_id, contact_id, title, status, amount, currency, exchange_rate, reporting_amount, probability, expected_close, closed_at, assigned_to, created_by)
VALUES ('00060006-0000-0000-0000-000000000018', '00060001-0000-0000-0000-000000000001', '00060003-0000-0000-0000-00000000001f', '00060004-0000-0000-0000-000000000009', 'Logistics partner – DB Schenker #24', 'WON'::deal_status, 2554318.6, 'SEK', 1.0, 2554318.6, 90, '2026-02-28', '2026-02-16', '00060002-0000-0000-0000-000000000009', '00060002-0000-0000-0000-000000000001')
ON CONFLICT DO NOTHING;
INSERT INTO deals (id, org_id, company_id, contact_id, title, status, amount, currency, exchange_rate, reporting_amount, probability, expected_close, closed_at, assigned_to, created_by)
VALUES ('00060006-0000-0000-0000-000000000019', '00060001-0000-0000-0000-000000000001', '00060003-0000-0000-0000-00000000000c', '00060004-0000-0000-0000-000000000019', 'B2B-avtal ICA Sverige AB #25', 'LOST'::deal_status, 3054448.67, 'NOK', 0.95, 2901726.24, 10, '2026-02-19', '2026-01-27', '00060002-0000-0000-0000-000000000008', '00060002-0000-0000-0000-000000000001')
ON CONFLICT DO NOTHING;
INSERT INTO deals (id, org_id, company_id, contact_id, title, status, amount, currency, exchange_rate, reporting_amount, probability, expected_close, closed_at, assigned_to, created_by)
VALUES ('00060006-0000-0000-0000-00000000001a', '00060001-0000-0000-0000-000000000001', '00060003-0000-0000-0000-000000000001', '00060004-0000-0000-0000-000000000012', 'Wholesale – Coop Sverige #26', 'OFFER'::deal_status, 1661524.31, 'EUR', 11.5, 19107529.57, 34, '2025-10-12', NULL, '00060002-0000-0000-0000-000000000007', '00060002-0000-0000-0000-000000000001')
ON CONFLICT DO NOTHING;
INSERT INTO deals (id, org_id, company_id, contact_id, title, status, amount, currency, exchange_rate, reporting_amount, probability, expected_close, closed_at, assigned_to, created_by)
VALUES ('00060006-0000-0000-0000-00000000001b', '00060001-0000-0000-0000-000000000001', '00060003-0000-0000-0000-000000000020', '00060004-0000-0000-0000-000000000015', 'Enterprise marketplace – Amazon EU #27', 'QUALIFIED'::deal_status, 4374460.39, 'EUR', 11.5, 50306294.48, 24, '2026-01-09', NULL, '00060002-0000-0000-0000-00000000000e', '00060002-0000-0000-0000-000000000001')
ON CONFLICT DO NOTHING;
INSERT INTO deals (id, org_id, company_id, contact_id, title, status, amount, currency, exchange_rate, reporting_amount, probability, expected_close, closed_at, assigned_to, created_by)
VALUES ('00060006-0000-0000-0000-00000000001c', '00060001-0000-0000-0000-000000000001', '00060003-0000-0000-0000-000000000019', '00060004-0000-0000-0000-000000000015', 'B2B textil – H&M Supply #28', 'OFFER'::deal_status, 2866239.9, 'EUR', 11.5, 32961758.85, 69, '2026-01-27', NULL, '00060002-0000-0000-0000-000000000007', '00060002-0000-0000-0000-000000000001')
ON CONFLICT DO NOTHING;
INSERT INTO deals (id, org_id, company_id, contact_id, title, status, amount, currency, exchange_rate, reporting_amount, probability, expected_close, closed_at, assigned_to, created_by)
VALUES ('00060006-0000-0000-0000-00000000001d', '00060001-0000-0000-0000-000000000001', '00060003-0000-0000-0000-000000000022', '00060004-0000-0000-0000-000000000007', 'Dropshipping – Stadium AB #29', 'NEGOTIATION'::deal_status, 3625555.34, 'NOK', 0.95, 3444277.57, 53, '2026-01-25', NULL, '00060002-0000-0000-0000-000000000008', '00060002-0000-0000-0000-000000000001')
ON CONFLICT DO NOTHING;
INSERT INTO deals (id, org_id, company_id, contact_id, title, status, amount, currency, exchange_rate, reporting_amount, probability, expected_close, closed_at, assigned_to, created_by)
VALUES ('00060006-0000-0000-0000-00000000001e', '00060001-0000-0000-0000-000000000001', '00060003-0000-0000-0000-00000000001a', '00060004-0000-0000-0000-000000000003', 'Volymavtal – Jollyroom AB #30', 'OFFER'::deal_status, 4922552.6, 'SEK', 1.0, 4922552.6, 35, '2026-01-28', NULL, '00060002-0000-0000-0000-000000000009', '00060002-0000-0000-0000-000000000001')
ON CONFLICT DO NOTHING;
INSERT INTO deals (id, org_id, company_id, contact_id, title, status, amount, currency, exchange_rate, reporting_amount, probability, expected_close, closed_at, assigned_to, created_by)
VALUES ('00060006-0000-0000-0000-00000000001f', '00060001-0000-0000-0000-000000000001', '00060003-0000-0000-0000-00000000001d', '00060004-0000-0000-0000-00000000001a', 'API-integration – Cervera AB #31', 'OFFER'::deal_status, 4408182.11, 'NOK', 0.95, 4187773.0, 23, '2025-11-02', NULL, '00060002-0000-0000-0000-00000000000f', '00060002-0000-0000-0000-000000000001')
ON CONFLICT DO NOTHING;
INSERT INTO deals (id, org_id, company_id, contact_id, title, status, amount, currency, exchange_rate, reporting_amount, probability, expected_close, closed_at, assigned_to, created_by)
VALUES ('00060006-0000-0000-0000-000000000020', '00060001-0000-0000-0000-000000000001', '00060003-0000-0000-0000-000000000004', '00060004-0000-0000-0000-000000000022', 'White-label shop – KappAhl AB #32', 'DEMO'::deal_status, 3020575.99, 'USD', 10.6, 32018105.49, 47, '2026-01-01', NULL, '00060002-0000-0000-0000-00000000000f', '00060002-0000-0000-0000-000000000001')
ON CONFLICT DO NOTHING;
INSERT INTO deals (id, org_id, company_id, contact_id, title, status, amount, currency, exchange_rate, reporting_amount, probability, expected_close, closed_at, assigned_to, created_by)
VALUES ('00060006-0000-0000-0000-000000000021', '00060001-0000-0000-0000-000000000001', '00060003-0000-0000-0000-000000000008', '00060004-0000-0000-0000-00000000000c', 'Partnership – Dustin AB #33', 'QUALIFIED'::deal_status, 4703840.53, 'GBP', 13.2, 62090695.0, 48, '2025-12-28', NULL, '00060002-0000-0000-0000-00000000000d', '00060002-0000-0000-0000-000000000001')
ON CONFLICT DO NOTHING;
INSERT INTO deals (id, org_id, company_id, contact_id, title, status, amount, currency, exchange_rate, reporting_amount, probability, expected_close, closed_at, assigned_to, created_by)
VALUES ('00060006-0000-0000-0000-000000000022', '00060001-0000-0000-0000-000000000001', '00060003-0000-0000-0000-000000000002', '00060004-0000-0000-0000-00000000000c', 'Distribution – NetOnNet AB #34', 'NEGOTIATION'::deal_status, 1531448.75, 'NOK', 0.95, 1454876.31, 46, '2025-12-06', NULL, '00060002-0000-0000-0000-000000000008', '00060002-0000-0000-0000-000000000001')
ON CONFLICT DO NOTHING;
INSERT INTO deals (id, org_id, company_id, contact_id, title, status, amount, currency, exchange_rate, reporting_amount, probability, expected_close, closed_at, assigned_to, created_by)
VALUES ('00060006-0000-0000-0000-000000000023', '00060001-0000-0000-0000-000000000001', '00060003-0000-0000-0000-00000000000b', '00060004-0000-0000-0000-000000000008', 'Affiliate-avtal – Prisjakt AB #35', 'NEGOTIATION'::deal_status, 4944331.85, 'EUR', 11.5, 56859816.27, 25, '2025-09-27', NULL, '00060002-0000-0000-0000-000000000002', '00060002-0000-0000-0000-000000000001')
ON CONFLICT DO NOTHING;
INSERT INTO deals (id, org_id, company_id, contact_id, title, status, amount, currency, exchange_rate, reporting_amount, probability, expected_close, closed_at, assigned_to, created_by)
VALUES ('00060006-0000-0000-0000-000000000024', '00060001-0000-0000-0000-000000000001', '00060003-0000-0000-0000-000000000019', '00060004-0000-0000-0000-000000000021', 'Logistics partner – DB Schenker #36', 'NEW'::deal_status, 3809465.37, 'GBP', 13.2, 50284942.88, 25, '2026-02-22', NULL, '00060002-0000-0000-0000-00000000000a', '00060002-0000-0000-0000-000000000001')
ON CONFLICT DO NOTHING;
INSERT INTO deals (id, org_id, company_id, contact_id, title, status, amount, currency, exchange_rate, reporting_amount, probability, expected_close, closed_at, assigned_to, created_by)
VALUES ('00060006-0000-0000-0000-000000000025', '00060001-0000-0000-0000-000000000001', '00060003-0000-0000-0000-00000000000a', '00060004-0000-0000-0000-00000000000b', 'B2B-avtal ICA Sverige AB #37', 'QUALIFIED'::deal_status, 3427060.54, 'GBP', 13.2, 45237199.13, 22, '2025-11-14', NULL, '00060002-0000-0000-0000-00000000000e', '00060002-0000-0000-0000-000000000001')
ON CONFLICT DO NOTHING;
INSERT INTO deals (id, org_id, company_id, contact_id, title, status, amount, currency, exchange_rate, reporting_amount, probability, expected_close, closed_at, assigned_to, created_by)
VALUES ('00060006-0000-0000-0000-000000000026', '00060001-0000-0000-0000-000000000001', '00060003-0000-0000-0000-000000000014', '00060004-0000-0000-0000-00000000001d', 'Wholesale – Coop Sverige #38', 'QUALIFIED'::deal_status, 4426437.29, 'EUR', 11.5, 50904028.84, 23, '2025-12-18', NULL, '00060002-0000-0000-0000-000000000005', '00060002-0000-0000-0000-000000000001')
ON CONFLICT DO NOTHING;
INSERT INTO deals (id, org_id, company_id, contact_id, title, status, amount, currency, exchange_rate, reporting_amount, probability, expected_close, closed_at, assigned_to, created_by)
VALUES ('00060006-0000-0000-0000-000000000027', '00060001-0000-0000-0000-000000000001', '00060003-0000-0000-0000-000000000001', '00060004-0000-0000-0000-000000000011', 'Enterprise marketplace – Amazon EU #39', 'WON'::deal_status, 1450366.73, 'EUR', 11.5, 16679217.39, 90, '2025-08-18', '2025-05-07', '00060002-0000-0000-0000-000000000001', '00060002-0000-0000-0000-000000000001')
ON CONFLICT DO NOTHING;
INSERT INTO deals (id, org_id, company_id, contact_id, title, status, amount, currency, exchange_rate, reporting_amount, probability, expected_close, closed_at, assigned_to, created_by)
VALUES ('00060006-0000-0000-0000-000000000028', '00060001-0000-0000-0000-000000000001', '00060003-0000-0000-0000-000000000020', '00060004-0000-0000-0000-000000000010', 'B2B textil – H&M Supply #40', 'OFFER'::deal_status, 4820387.04, 'GBP', 13.2, 63629108.93, 54, '2026-01-08', NULL, '00060002-0000-0000-0000-000000000004', '00060002-0000-0000-0000-000000000001')
ON CONFLICT DO NOTHING;
INSERT INTO deals (id, org_id, company_id, contact_id, title, status, amount, currency, exchange_rate, reporting_amount, probability, expected_close, closed_at, assigned_to, created_by)
VALUES ('00060006-0000-0000-0000-000000000029', '00060001-0000-0000-0000-000000000001', '00060003-0000-0000-0000-000000000001', '00060004-0000-0000-0000-000000000010', 'Dropshipping – Stadium AB #41', 'NEGOTIATION'::deal_status, 2985824.81, 'GBP', 13.2, 39412887.49, 48, '2026-02-11', NULL, '00060002-0000-0000-0000-00000000000f', '00060002-0000-0000-0000-000000000001')
ON CONFLICT DO NOTHING;
INSERT INTO deals (id, org_id, company_id, contact_id, title, status, amount, currency, exchange_rate, reporting_amount, probability, expected_close, closed_at, assigned_to, created_by)
VALUES ('00060006-0000-0000-0000-00000000002a', '00060001-0000-0000-0000-000000000001', '00060003-0000-0000-0000-00000000000c', '00060004-0000-0000-0000-00000000000a', 'Volymavtal – Jollyroom AB #42', 'NEGOTIATION'::deal_status, 3744123.74, 'USD', 10.6, 39687711.64, 55, '2025-07-10', NULL, '00060002-0000-0000-0000-000000000001', '00060002-0000-0000-0000-000000000001')
ON CONFLICT DO NOTHING;
INSERT INTO deals (id, org_id, company_id, contact_id, title, status, amount, currency, exchange_rate, reporting_amount, probability, expected_close, closed_at, assigned_to, created_by)
VALUES ('00060006-0000-0000-0000-00000000002b', '00060001-0000-0000-0000-000000000001', '00060003-0000-0000-0000-000000000014', '00060004-0000-0000-0000-000000000016', 'API-integration – Cervera AB #43', 'WON'::deal_status, 1081177.88, 'USD', 10.6, 11460485.53, 90, '2026-02-21', '2025-03-17', '00060002-0000-0000-0000-00000000000f', '00060002-0000-0000-0000-000000000001')
ON CONFLICT DO NOTHING;
INSERT INTO deals (id, org_id, company_id, contact_id, title, status, amount, currency, exchange_rate, reporting_amount, probability, expected_close, closed_at, assigned_to, created_by)
VALUES ('00060006-0000-0000-0000-00000000002c', '00060001-0000-0000-0000-000000000001', '00060003-0000-0000-0000-00000000000c', '00060004-0000-0000-0000-00000000001e', 'White-label shop – KappAhl AB #44', 'NEW'::deal_status, 1410784.92, 'SEK', 1.0, 1410784.92, 31, '2025-10-14', NULL, '00060002-0000-0000-0000-00000000000c', '00060002-0000-0000-0000-000000000001')
ON CONFLICT DO NOTHING;
INSERT INTO deals (id, org_id, company_id, contact_id, title, status, amount, currency, exchange_rate, reporting_amount, probability, expected_close, closed_at, assigned_to, created_by)
VALUES ('00060006-0000-0000-0000-00000000002d', '00060001-0000-0000-0000-000000000001', '00060003-0000-0000-0000-000000000018', '00060004-0000-0000-0000-000000000019', 'Partnership – Dustin AB #45', 'NEGOTIATION'::deal_status, 5167816.48, 'USD', 10.6, 54778854.69, 25, '2025-10-22', NULL, '00060002-0000-0000-0000-00000000000e', '00060002-0000-0000-0000-000000000001')
ON CONFLICT DO NOTHING;
INSERT INTO deals (id, org_id, company_id, contact_id, title, status, amount, currency, exchange_rate, reporting_amount, probability, expected_close, closed_at, assigned_to, created_by)
VALUES ('00060006-0000-0000-0000-00000000002e', '00060001-0000-0000-0000-000000000001', '00060003-0000-0000-0000-000000000009', '00060004-0000-0000-0000-000000000008', 'Distribution – NetOnNet AB #46', 'NEW'::deal_status, 4765116.1, 'GBP', 13.2, 62899532.52, 24, '2025-11-25', NULL, '00060002-0000-0000-0000-00000000000c', '00060002-0000-0000-0000-000000000001')
ON CONFLICT DO NOTHING;
INSERT INTO deals (id, org_id, company_id, contact_id, title, status, amount, currency, exchange_rate, reporting_amount, probability, expected_close, closed_at, assigned_to, created_by)
VALUES ('00060006-0000-0000-0000-00000000002f', '00060001-0000-0000-0000-000000000001', '00060003-0000-0000-0000-00000000000e', '00060004-0000-0000-0000-00000000000e', 'Affiliate-avtal – Prisjakt AB #47', 'LOST'::deal_status, 2417058.18, 'USD', 10.6, 25620816.71, 10, '2026-02-09', '2025-09-28', '00060002-0000-0000-0000-00000000000a', '00060002-0000-0000-0000-000000000001')
ON CONFLICT DO NOTHING;
INSERT INTO deals (id, org_id, company_id, contact_id, title, status, amount, currency, exchange_rate, reporting_amount, probability, expected_close, closed_at, assigned_to, created_by)
VALUES ('00060006-0000-0000-0000-000000000030', '00060001-0000-0000-0000-000000000001', '00060003-0000-0000-0000-00000000001f', '00060004-0000-0000-0000-000000000013', 'Logistics partner – DB Schenker #48', 'NEW'::deal_status, 3523070.78, 'SEK', 1.0, 3523070.78, 60, '2025-12-07', NULL, '00060002-0000-0000-0000-000000000007', '00060002-0000-0000-0000-000000000001')
ON CONFLICT DO NOTHING;
INSERT INTO deals (id, org_id, company_id, contact_id, title, status, amount, currency, exchange_rate, reporting_amount, probability, expected_close, closed_at, assigned_to, created_by)
VALUES ('00060006-0000-0000-0000-000000000031', '00060001-0000-0000-0000-000000000001', '00060003-0000-0000-0000-000000000009', '00060004-0000-0000-0000-000000000020', 'B2B-avtal ICA Sverige AB #49', 'NEGOTIATION'::deal_status, 2099408.83, 'USD', 10.6, 22253733.6, 56, '2026-02-05', NULL, '00060002-0000-0000-0000-000000000009', '00060002-0000-0000-0000-000000000001')
ON CONFLICT DO NOTHING;
INSERT INTO deals (id, org_id, company_id, contact_id, title, status, amount, currency, exchange_rate, reporting_amount, probability, expected_close, closed_at, assigned_to, created_by)
VALUES ('00060006-0000-0000-0000-000000000032', '00060001-0000-0000-0000-000000000001', '00060003-0000-0000-0000-000000000013', '00060004-0000-0000-0000-00000000000d', 'Wholesale – Coop Sverige #50', 'WON'::deal_status, 3162880.92, 'GBP', 13.2, 41750028.14, 90, '2025-09-28', '2025-06-01', '00060002-0000-0000-0000-000000000001', '00060002-0000-0000-0000-000000000001')
ON CONFLICT DO NOTHING;
INSERT INTO deals (id, org_id, company_id, contact_id, title, status, amount, currency, exchange_rate, reporting_amount, probability, expected_close, closed_at, assigned_to, created_by)
VALUES ('00060006-0000-0000-0000-000000000033', '00060001-0000-0000-0000-000000000001', '00060003-0000-0000-0000-00000000001b', '00060004-0000-0000-0000-00000000001b', 'Enterprise marketplace – Amazon EU #51', 'NEW'::deal_status, 3036737.27, 'SEK', 1.0, 3036737.27, 70, '2025-08-14', NULL, '00060002-0000-0000-0000-000000000001', '00060002-0000-0000-0000-000000000001')
ON CONFLICT DO NOTHING;
INSERT INTO deals (id, org_id, company_id, contact_id, title, status, amount, currency, exchange_rate, reporting_amount, probability, expected_close, closed_at, assigned_to, created_by)
VALUES ('00060006-0000-0000-0000-000000000034', '00060001-0000-0000-0000-000000000001', '00060003-0000-0000-0000-00000000000d', '00060004-0000-0000-0000-000000000013', 'B2B textil – H&M Supply #52', 'DEMO'::deal_status, 3473051.58, 'USD', 10.6, 36814346.75, 60, '2025-06-22', NULL, '00060002-0000-0000-0000-000000000005', '00060002-0000-0000-0000-000000000001')
ON CONFLICT DO NOTHING;
INSERT INTO deals (id, org_id, company_id, contact_id, title, status, amount, currency, exchange_rate, reporting_amount, probability, expected_close, closed_at, assigned_to, created_by)
VALUES ('00060006-0000-0000-0000-000000000035', '00060001-0000-0000-0000-000000000001', '00060003-0000-0000-0000-000000000015', '00060004-0000-0000-0000-000000000001', 'Dropshipping – Stadium AB #53', 'LOST'::deal_status, 2319153.47, 'SEK', 1.0, 2319153.47, 10, '2026-01-24', '2025-11-15', '00060002-0000-0000-0000-000000000002', '00060002-0000-0000-0000-000000000001')
ON CONFLICT DO NOTHING;
INSERT INTO deals (id, org_id, company_id, contact_id, title, status, amount, currency, exchange_rate, reporting_amount, probability, expected_close, closed_at, assigned_to, created_by)
VALUES ('00060006-0000-0000-0000-000000000036', '00060001-0000-0000-0000-000000000001', '00060003-0000-0000-0000-00000000000c', '00060004-0000-0000-0000-00000000000d', 'Volymavtal – Jollyroom AB #54', 'WON'::deal_status, 2472564.93, 'USD', 10.6, 26209188.26, 90, '2025-12-20', '2025-12-17', '00060002-0000-0000-0000-000000000006', '00060002-0000-0000-0000-000000000001')
ON CONFLICT DO NOTHING;
INSERT INTO deals (id, org_id, company_id, contact_id, title, status, amount, currency, exchange_rate, reporting_amount, probability, expected_close, closed_at, assigned_to, created_by)
VALUES ('00060006-0000-0000-0000-000000000037', '00060001-0000-0000-0000-000000000001', '00060003-0000-0000-0000-00000000001f', '00060004-0000-0000-0000-000000000003', 'API-integration – Cervera AB #55', 'LOST'::deal_status, 5125797.0, 'USD', 10.6, 54333448.2, 10, '2026-02-26', '2025-11-01', '00060002-0000-0000-0000-00000000000b', '00060002-0000-0000-0000-000000000001')
ON CONFLICT DO NOTHING;

INSERT INTO tasks (id, org_id, title, status, priority, due_date, completed_at, deal_id, assigned_to, created_by)
VALUES ('00060007-0000-0000-0000-000000000001', '00060001-0000-0000-0000-000000000001', 'Förbered kvartalsrapport #1', 'IN_PROGRESS'::task_status, 4, '2025-05-19', NULL, '00060006-0000-0000-0000-000000000023', '00060002-0000-0000-0000-00000000000f', '00060002-0000-0000-0000-000000000001')
ON CONFLICT DO NOTHING;
INSERT INTO tasks (id, org_id, title, status, priority, due_date, completed_at, deal_id, assigned_to, created_by)
VALUES ('00060007-0000-0000-0000-000000000002', '00060001-0000-0000-0000-000000000001', 'Kundmöte bokas #2', 'REVIEW'::task_status, 4, '2025-09-28', NULL, '00060006-0000-0000-0000-000000000004', '00060002-0000-0000-0000-00000000000e', '00060002-0000-0000-0000-000000000001')
ON CONFLICT DO NOTHING;
INSERT INTO tasks (id, org_id, title, status, priority, due_date, completed_at, deal_id, assigned_to, created_by)
VALUES ('00060007-0000-0000-0000-000000000003', '00060001-0000-0000-0000-000000000001', 'Kontrollera lager #3', 'BLOCKED'::task_status, 3, '2025-12-15', NULL, '00060006-0000-0000-0000-000000000015', '00060002-0000-0000-0000-000000000009', '00060002-0000-0000-0000-000000000001')
ON CONFLICT DO NOTHING;
INSERT INTO tasks (id, org_id, title, status, priority, due_date, completed_at, deal_id, assigned_to, created_by)
VALUES ('00060007-0000-0000-0000-000000000004', '00060001-0000-0000-0000-000000000001', 'Uppdatera rutinbeskrivning #4', 'BLOCKED'::task_status, 1, '2025-06-15', NULL, '00060006-0000-0000-0000-000000000016', '00060002-0000-0000-0000-00000000000d', '00060002-0000-0000-0000-000000000001')
ON CONFLICT DO NOTHING;
INSERT INTO tasks (id, org_id, title, status, priority, due_date, completed_at, deal_id, assigned_to, created_by)
VALUES ('00060007-0000-0000-0000-000000000005', '00060001-0000-0000-0000-000000000001', 'Följ upp offert #5', 'REVIEW'::task_status, 1, '2025-05-16', NULL, NULL, '00060002-0000-0000-0000-000000000001', '00060002-0000-0000-0000-000000000001')
ON CONFLICT DO NOTHING;
INSERT INTO tasks (id, org_id, title, status, priority, due_date, completed_at, deal_id, assigned_to, created_by)
VALUES ('00060007-0000-0000-0000-000000000006', '00060001-0000-0000-0000-000000000001', 'Skicka faktura #6', 'REVIEW'::task_status, 4, '2026-01-15', NULL, '00060006-0000-0000-0000-00000000000b', '00060002-0000-0000-0000-00000000000a', '00060002-0000-0000-0000-000000000001')
ON CONFLICT DO NOTHING;
INSERT INTO tasks (id, org_id, title, status, priority, due_date, completed_at, deal_id, assigned_to, created_by)
VALUES ('00060007-0000-0000-0000-000000000007', '00060001-0000-0000-0000-000000000001', 'Boka service #7', 'BLOCKED'::task_status, 4, '2025-06-04', NULL, '00060006-0000-0000-0000-000000000033', '00060002-0000-0000-0000-00000000000d', '00060002-0000-0000-0000-000000000001')
ON CONFLICT DO NOTHING;
INSERT INTO tasks (id, org_id, title, status, priority, due_date, completed_at, deal_id, assigned_to, created_by)
VALUES ('00060007-0000-0000-0000-000000000008', '00060001-0000-0000-0000-000000000001', 'Genomför riskbedömning #8', 'REVIEW'::task_status, 3, '2026-02-27', NULL, NULL, '00060002-0000-0000-0000-000000000007', '00060002-0000-0000-0000-000000000001')
ON CONFLICT DO NOTHING;
INSERT INTO tasks (id, org_id, title, status, priority, due_date, completed_at, deal_id, assigned_to, created_by)
VALUES ('00060007-0000-0000-0000-000000000009', '00060001-0000-0000-0000-000000000001', 'Planera personalsamtal #9', 'TODO'::task_status, 4, '2025-06-30', NULL, NULL, '00060002-0000-0000-0000-00000000000e', '00060002-0000-0000-0000-000000000001')
ON CONFLICT DO NOTHING;
INSERT INTO tasks (id, org_id, title, status, priority, due_date, completed_at, deal_id, assigned_to, created_by)
VALUES ('00060007-0000-0000-0000-00000000000a', '00060001-0000-0000-0000-000000000001', 'Uppdatera process-dokumentation #10', 'REVIEW'::task_status, 2, '2025-11-24', NULL, NULL, '00060002-0000-0000-0000-000000000002', '00060002-0000-0000-0000-000000000001')
ON CONFLICT DO NOTHING;
INSERT INTO tasks (id, org_id, title, status, priority, due_date, completed_at, deal_id, assigned_to, created_by)
VALUES ('00060007-0000-0000-0000-00000000000b', '00060001-0000-0000-0000-000000000001', 'Genomför internrevision #11', 'REVIEW'::task_status, 1, '2025-06-12', NULL, '00060006-0000-0000-0000-00000000001d', '00060002-0000-0000-0000-000000000009', '00060002-0000-0000-0000-000000000001')
ON CONFLICT DO NOTHING;
INSERT INTO tasks (id, org_id, title, status, priority, due_date, completed_at, deal_id, assigned_to, created_by)
VALUES ('00060007-0000-0000-0000-00000000000c', '00060001-0000-0000-0000-000000000001', 'Följ upp NC #12', 'TODO'::task_status, 4, '2025-11-12', NULL, NULL, '00060002-0000-0000-0000-000000000006', '00060002-0000-0000-0000-000000000001')
ON CONFLICT DO NOTHING;
INSERT INTO tasks (id, org_id, title, status, priority, due_date, completed_at, deal_id, assigned_to, created_by)
VALUES ('00060007-0000-0000-0000-00000000000d', '00060001-0000-0000-0000-000000000001', 'Upprätta handlingsplan #13', 'DONE'::task_status, 5, '2025-08-06', '2025-08-06', '00060006-0000-0000-0000-00000000000a', '00060002-0000-0000-0000-00000000000d', '00060002-0000-0000-0000-000000000001')
ON CONFLICT DO NOTHING;
INSERT INTO tasks (id, org_id, title, status, priority, due_date, completed_at, deal_id, assigned_to, created_by)
VALUES ('00060007-0000-0000-0000-00000000000e', '00060001-0000-0000-0000-000000000001', 'Kontakta leverantör #14', 'TODO'::task_status, 5, '2026-02-10', NULL, '00060006-0000-0000-0000-00000000000e', '00060002-0000-0000-0000-00000000000c', '00060002-0000-0000-0000-000000000001')
ON CONFLICT DO NOTHING;
INSERT INTO tasks (id, org_id, title, status, priority, due_date, completed_at, deal_id, assigned_to, created_by)
VALUES ('00060007-0000-0000-0000-00000000000f', '00060001-0000-0000-0000-000000000001', 'Planera veckoschema #15', 'TODO'::task_status, 4, '2025-09-15', NULL, '00060006-0000-0000-0000-000000000022', '00060002-0000-0000-0000-000000000002', '00060002-0000-0000-0000-000000000001')
ON CONFLICT DO NOTHING;
INSERT INTO tasks (id, org_id, title, status, priority, due_date, completed_at, deal_id, assigned_to, created_by)
VALUES ('00060007-0000-0000-0000-000000000010', '00060001-0000-0000-0000-000000000001', 'Granska avtal #16', 'TODO'::task_status, 3, '2025-03-23', NULL, '00060006-0000-0000-0000-000000000027', '00060002-0000-0000-0000-00000000000e', '00060002-0000-0000-0000-000000000001')
ON CONFLICT DO NOTHING;
INSERT INTO tasks (id, org_id, title, status, priority, due_date, completed_at, deal_id, assigned_to, created_by)
VALUES ('00060007-0000-0000-0000-000000000011', '00060001-0000-0000-0000-000000000001', 'Uppdatera KPI-tavla #17', 'TODO'::task_status, 3, '2025-10-26', NULL, '00060006-0000-0000-0000-000000000007', '00060002-0000-0000-0000-000000000009', '00060002-0000-0000-0000-000000000001')
ON CONFLICT DO NOTHING;
INSERT INTO tasks (id, org_id, title, status, priority, due_date, completed_at, deal_id, assigned_to, created_by)
VALUES ('00060007-0000-0000-0000-000000000012', '00060001-0000-0000-0000-000000000001', 'Genomför kompetensbedömning #18', 'REVIEW'::task_status, 1, '2025-12-21', NULL, '00060006-0000-0000-0000-000000000029', '00060002-0000-0000-0000-00000000000f', '00060002-0000-0000-0000-000000000001')
ON CONFLICT DO NOTHING;
INSERT INTO tasks (id, org_id, title, status, priority, due_date, completed_at, deal_id, assigned_to, created_by)
VALUES ('00060007-0000-0000-0000-000000000013', '00060001-0000-0000-0000-000000000001', 'Boka utbildning #19', 'IN_PROGRESS'::task_status, 3, '2025-06-11', NULL, NULL, '00060002-0000-0000-0000-000000000005', '00060002-0000-0000-0000-000000000001')
ON CONFLICT DO NOTHING;
INSERT INTO tasks (id, org_id, title, status, priority, due_date, completed_at, deal_id, assigned_to, created_by)
VALUES ('00060007-0000-0000-0000-000000000014', '00060001-0000-0000-0000-000000000001', 'Skicka kundenkät #20', 'BLOCKED'::task_status, 3, '2025-10-12', NULL, '00060006-0000-0000-0000-000000000012', '00060002-0000-0000-0000-000000000003', '00060002-0000-0000-0000-000000000001')
ON CONFLICT DO NOTHING;
INSERT INTO tasks (id, org_id, title, status, priority, due_date, completed_at, deal_id, assigned_to, created_by)
VALUES ('00060007-0000-0000-0000-000000000015', '00060001-0000-0000-0000-000000000001', 'Uppdatera riskregister #21', 'IN_PROGRESS'::task_status, 3, '2025-04-28', NULL, NULL, '00060002-0000-0000-0000-00000000000a', '00060002-0000-0000-0000-000000000001')
ON CONFLICT DO NOTHING;
INSERT INTO tasks (id, org_id, title, status, priority, due_date, completed_at, deal_id, assigned_to, created_by)
VALUES ('00060007-0000-0000-0000-000000000016', '00060001-0000-0000-0000-000000000001', 'Genomför brandövning #22', 'BLOCKED'::task_status, 5, '2025-04-22', NULL, NULL, '00060002-0000-0000-0000-000000000006', '00060002-0000-0000-0000-000000000001')
ON CONFLICT DO NOTHING;
INSERT INTO tasks (id, org_id, title, status, priority, due_date, completed_at, deal_id, assigned_to, created_by)
VALUES ('00060007-0000-0000-0000-000000000017', '00060001-0000-0000-0000-000000000001', 'Kalibrering instrument #23', 'BLOCKED'::task_status, 3, '2025-07-17', NULL, NULL, '00060002-0000-0000-0000-00000000000c', '00060002-0000-0000-0000-000000000001')
ON CONFLICT DO NOTHING;
INSERT INTO tasks (id, org_id, title, status, priority, due_date, completed_at, deal_id, assigned_to, created_by)
VALUES ('00060007-0000-0000-0000-000000000018', '00060001-0000-0000-0000-000000000001', 'Följ upp certifiering #24', 'REVIEW'::task_status, 5, '2025-07-04', NULL, NULL, '00060002-0000-0000-0000-000000000005', '00060002-0000-0000-0000-000000000001')
ON CONFLICT DO NOTHING;
INSERT INTO tasks (id, org_id, title, status, priority, due_date, completed_at, deal_id, assigned_to, created_by)
VALUES ('00060007-0000-0000-0000-000000000019', '00060001-0000-0000-0000-000000000001', 'Förbered kvartalsrapport #25', 'BLOCKED'::task_status, 3, '2025-12-02', NULL, NULL, '00060002-0000-0000-0000-000000000003', '00060002-0000-0000-0000-000000000001')
ON CONFLICT DO NOTHING;

INSERT INTO invoices (id, org_id, invoice_number, company_id, amount, currency, exchange_rate, reporting_amount, tax_amount, status, issued_at, due_at, paid_at, created_by)
VALUES ('00060008-0000-0000-0000-000000000001', '00060001-0000-0000-0000-000000000001', 'INV-06-2025-03', '00060003-0000-0000-0000-000000000019', 5679381.93, 'SEK', 1.0, 5679381.93, 1419845.48, 'PAID', '2025-03-05', '2025-03-30', '2025-03-28', '00060002-0000-0000-0000-000000000001')
ON CONFLICT (org_id, invoice_number) DO NOTHING;
INSERT INTO invoices (id, org_id, invoice_number, company_id, amount, currency, exchange_rate, reporting_amount, tax_amount, status, issued_at, due_at, paid_at, created_by)
VALUES ('00060008-0000-0000-0000-000000000002', '00060001-0000-0000-0000-000000000001', 'INV-06-2025-04', '00060003-0000-0000-0000-00000000000c', 5797216.08, 'GBP', 13.2, 76523252.26, 1449304.02, 'OVERDUE', '2025-04-05', '2025-04-30', NULL, '00060002-0000-0000-0000-000000000001')
ON CONFLICT (org_id, invoice_number) DO NOTHING;
INSERT INTO invoices (id, org_id, invoice_number, company_id, amount, currency, exchange_rate, reporting_amount, tax_amount, status, issued_at, due_at, paid_at, created_by)
VALUES ('00060008-0000-0000-0000-000000000003', '00060001-0000-0000-0000-000000000001', 'INV-06-2025-05', '00060003-0000-0000-0000-000000000017', 8888885.24, 'NOK', 0.95, 8444440.98, 2222221.31, 'OVERDUE', '2025-05-05', '2025-05-30', NULL, '00060002-0000-0000-0000-000000000001')
ON CONFLICT (org_id, invoice_number) DO NOTHING;
INSERT INTO invoices (id, org_id, invoice_number, company_id, amount, currency, exchange_rate, reporting_amount, tax_amount, status, issued_at, due_at, paid_at, created_by)
VALUES ('00060008-0000-0000-0000-000000000004', '00060001-0000-0000-0000-000000000001', 'INV-06-2025-06', '00060003-0000-0000-0000-00000000001e', 7025759.76, 'EUR', 11.5, 80796237.24, 1756439.94, 'PAID', '2025-06-05', '2025-06-30', '2025-06-28', '00060002-0000-0000-0000-000000000001')
ON CONFLICT (org_id, invoice_number) DO NOTHING;
INSERT INTO invoices (id, org_id, invoice_number, company_id, amount, currency, exchange_rate, reporting_amount, tax_amount, status, issued_at, due_at, paid_at, created_by)
VALUES ('00060008-0000-0000-0000-000000000005', '00060001-0000-0000-0000-000000000001', 'INV-06-2025-07', '00060003-0000-0000-0000-000000000007', 8238665.85, 'SEK', 1.0, 8238665.85, 2059666.46, 'OVERDUE', '2025-07-05', '2025-07-30', NULL, '00060002-0000-0000-0000-000000000001')
ON CONFLICT (org_id, invoice_number) DO NOTHING;
INSERT INTO invoices (id, org_id, invoice_number, company_id, amount, currency, exchange_rate, reporting_amount, tax_amount, status, issued_at, due_at, paid_at, created_by)
VALUES ('00060008-0000-0000-0000-000000000006', '00060001-0000-0000-0000-000000000001', 'INV-06-2025-08', '00060003-0000-0000-0000-00000000000f', 7705691.48, 'GBP', 13.2, 101715127.54, 1926422.87, 'OVERDUE', '2025-08-05', '2025-08-30', NULL, '00060002-0000-0000-0000-000000000001')
ON CONFLICT (org_id, invoice_number) DO NOTHING;
INSERT INTO invoices (id, org_id, invoice_number, company_id, amount, currency, exchange_rate, reporting_amount, tax_amount, status, issued_at, due_at, paid_at, created_by)
VALUES ('00060008-0000-0000-0000-000000000007', '00060001-0000-0000-0000-000000000001', 'INV-06-2025-09', '00060003-0000-0000-0000-000000000018', 10042045.95, 'EUR', 11.5, 115483528.42, 2510511.49, 'SENT', '2025-09-05', '2025-09-30', NULL, '00060002-0000-0000-0000-000000000001')
ON CONFLICT (org_id, invoice_number) DO NOTHING;
INSERT INTO invoices (id, org_id, invoice_number, company_id, amount, currency, exchange_rate, reporting_amount, tax_amount, status, issued_at, due_at, paid_at, created_by)
VALUES ('00060008-0000-0000-0000-000000000008', '00060001-0000-0000-0000-000000000001', 'INV-06-2025-10', '00060003-0000-0000-0000-00000000001e', 7404032.03, 'USD', 10.6, 78482739.52, 1851008.01, 'SENT', '2025-10-05', '2025-10-30', NULL, '00060002-0000-0000-0000-000000000001')
ON CONFLICT (org_id, invoice_number) DO NOTHING;
INSERT INTO invoices (id, org_id, invoice_number, company_id, amount, currency, exchange_rate, reporting_amount, tax_amount, status, issued_at, due_at, paid_at, created_by)
VALUES ('00060008-0000-0000-0000-000000000009', '00060001-0000-0000-0000-000000000001', 'INV-06-2025-11', '00060003-0000-0000-0000-000000000008', 7857323.65, 'SEK', 1.0, 7857323.65, 1964330.91, 'OVERDUE', '2025-11-05', '2025-11-30', NULL, '00060002-0000-0000-0000-000000000001')
ON CONFLICT (org_id, invoice_number) DO NOTHING;
INSERT INTO invoices (id, org_id, invoice_number, company_id, amount, currency, exchange_rate, reporting_amount, tax_amount, status, issued_at, due_at, paid_at, created_by)
VALUES ('00060008-0000-0000-0000-00000000000a', '00060001-0000-0000-0000-000000000001', 'INV-06-2025-12', '00060003-0000-0000-0000-000000000013', 7211010.56, 'GBP', 13.2, 95185339.39, 1802752.64, 'PAID', '2025-12-05', '2025-12-30', '2025-12-28', '00060002-0000-0000-0000-000000000001')
ON CONFLICT (org_id, invoice_number) DO NOTHING;
INSERT INTO invoices (id, org_id, invoice_number, company_id, amount, currency, exchange_rate, reporting_amount, tax_amount, status, issued_at, due_at, paid_at, created_by)
VALUES ('00060008-0000-0000-0000-00000000000b', '00060001-0000-0000-0000-000000000001', 'INV-06-2026-01', '00060003-0000-0000-0000-000000000021', 9189388.86, 'NOK', 0.95, 8729919.42, 2297347.21, 'PAID', '2026-01-05', '2026-01-30', '2026-01-28', '00060002-0000-0000-0000-000000000001')
ON CONFLICT (org_id, invoice_number) DO NOTHING;
INSERT INTO invoices (id, org_id, invoice_number, company_id, amount, currency, exchange_rate, reporting_amount, tax_amount, status, issued_at, due_at, paid_at, created_by)
VALUES ('00060008-0000-0000-0000-00000000000c', '00060001-0000-0000-0000-000000000001', 'INV-06-2026-02', '00060003-0000-0000-0000-000000000005', 6030594.67, 'SEK', 1.0, 6030594.67, 1507648.67, 'SENT', '2026-02-05', '2026-02-28', NULL, '00060002-0000-0000-0000-000000000001')
ON CONFLICT (org_id, invoice_number) DO NOTHING;

INSERT INTO transactions (id, org_id, account_code, account_name, credit, currency, exchange_rate, reporting_credit, description, invoice_id, booked_at, created_by)
VALUES ('00060009-0000-0000-0000-000000000001', '00060001-0000-0000-0000-000000000001', '3000', 'Försäljningsintäkter', 8611190.15, 'NOK', 0.95, 8180630.64, 'Månadsomsättning 2025-03', '00060008-0000-0000-0000-000000000008', '2025-03-15', '00060002-0000-0000-0000-000000000001')
ON CONFLICT DO NOTHING;
INSERT INTO transactions (id, org_id, account_code, account_name, debit, currency, exchange_rate, reporting_debit, description, booked_at, created_by)
VALUES ('00060009-0000-0000-0000-000000000002', '00060001-0000-0000-0000-000000000001', '4000', 'Råvaror och förnödenheter', 3013916.55, 'NOK', 0.95, 2863220.72, 'Leverantörskostnader 2025-03', '2025-03-10', '00060002-0000-0000-0000-000000000001')
ON CONFLICT DO NOTHING;
INSERT INTO transactions (id, org_id, account_code, account_name, debit, currency, exchange_rate, reporting_debit, description, booked_at, created_by)
VALUES ('00060009-0000-0000-0000-000000000003', '00060001-0000-0000-0000-000000000001', '7010', 'Löner tjänstemän', 450000, 'SEK', 1.0, 450000, 'Löner 2025-03', '2025-03-25', '00060002-0000-0000-0000-000000000001')
ON CONFLICT DO NOTHING;
INSERT INTO transactions (id, org_id, account_code, account_name, credit, currency, exchange_rate, reporting_credit, description, invoice_id, booked_at, created_by)
VALUES ('00060009-0000-0000-0000-000000000004', '00060001-0000-0000-0000-000000000001', '3000', 'Försäljningsintäkter', 7681105.79, 'GBP', 13.2, 101390596.43, 'Månadsomsättning 2025-04', '00060008-0000-0000-0000-000000000004', '2025-04-15', '00060002-0000-0000-0000-000000000001')
ON CONFLICT DO NOTHING;
INSERT INTO transactions (id, org_id, account_code, account_name, debit, currency, exchange_rate, reporting_debit, description, booked_at, created_by)
VALUES ('00060009-0000-0000-0000-000000000005', '00060001-0000-0000-0000-000000000001', '4000', 'Råvaror och förnödenheter', 2688387.03, 'GBP', 13.2, 35486708.8, 'Leverantörskostnader 2025-04', '2025-04-10', '00060002-0000-0000-0000-000000000001')
ON CONFLICT DO NOTHING;
INSERT INTO transactions (id, org_id, account_code, account_name, debit, currency, exchange_rate, reporting_debit, description, booked_at, created_by)
VALUES ('00060009-0000-0000-0000-000000000006', '00060001-0000-0000-0000-000000000001', '7010', 'Löner tjänstemän', 450000, 'SEK', 1.0, 450000, 'Löner 2025-04', '2025-04-25', '00060002-0000-0000-0000-000000000001')
ON CONFLICT DO NOTHING;
INSERT INTO transactions (id, org_id, account_code, account_name, credit, currency, exchange_rate, reporting_credit, description, invoice_id, booked_at, created_by)
VALUES ('00060009-0000-0000-0000-000000000007', '00060001-0000-0000-0000-000000000001', '3000', 'Försäljningsintäkter', 8203744.41, 'NOK', 0.95, 7793557.19, 'Månadsomsättning 2025-05', '00060008-0000-0000-0000-000000000003', '2025-05-15', '00060002-0000-0000-0000-000000000001')
ON CONFLICT DO NOTHING;
INSERT INTO transactions (id, org_id, account_code, account_name, debit, currency, exchange_rate, reporting_debit, description, booked_at, created_by)
VALUES ('00060009-0000-0000-0000-000000000008', '00060001-0000-0000-0000-000000000001', '4000', 'Råvaror och förnödenheter', 2871310.54, 'NOK', 0.95, 2727745.01, 'Leverantörskostnader 2025-05', '2025-05-10', '00060002-0000-0000-0000-000000000001')
ON CONFLICT DO NOTHING;
INSERT INTO transactions (id, org_id, account_code, account_name, debit, currency, exchange_rate, reporting_debit, description, booked_at, created_by)
VALUES ('00060009-0000-0000-0000-000000000009', '00060001-0000-0000-0000-000000000001', '7010', 'Löner tjänstemän', 450000, 'SEK', 1.0, 450000, 'Löner 2025-05', '2025-05-25', '00060002-0000-0000-0000-000000000001')
ON CONFLICT DO NOTHING;
INSERT INTO transactions (id, org_id, account_code, account_name, credit, currency, exchange_rate, reporting_credit, description, invoice_id, booked_at, created_by)
VALUES ('00060009-0000-0000-0000-00000000000a', '00060001-0000-0000-0000-000000000001', '3000', 'Försäljningsintäkter', 9042159.53, 'GBP', 13.2, 119356505.8, 'Månadsomsättning 2025-06', '00060008-0000-0000-0000-000000000002', '2025-06-15', '00060002-0000-0000-0000-000000000001')
ON CONFLICT DO NOTHING;
INSERT INTO transactions (id, org_id, account_code, account_name, debit, currency, exchange_rate, reporting_debit, description, booked_at, created_by)
VALUES ('00060009-0000-0000-0000-00000000000b', '00060001-0000-0000-0000-000000000001', '4000', 'Råvaror och förnödenheter', 3164755.84, 'GBP', 13.2, 41774777.09, 'Leverantörskostnader 2025-06', '2025-06-10', '00060002-0000-0000-0000-000000000001')
ON CONFLICT DO NOTHING;
INSERT INTO transactions (id, org_id, account_code, account_name, debit, currency, exchange_rate, reporting_debit, description, booked_at, created_by)
VALUES ('00060009-0000-0000-0000-00000000000c', '00060001-0000-0000-0000-000000000001', '7010', 'Löner tjänstemän', 450000, 'SEK', 1.0, 450000, 'Löner 2025-06', '2025-06-25', '00060002-0000-0000-0000-000000000001')
ON CONFLICT DO NOTHING;
INSERT INTO transactions (id, org_id, account_code, account_name, credit, currency, exchange_rate, reporting_credit, description, invoice_id, booked_at, created_by)
VALUES ('00060009-0000-0000-0000-00000000000d', '00060001-0000-0000-0000-000000000001', '3000', 'Försäljningsintäkter', 7538362.79, 'NOK', 0.95, 7161444.65, 'Månadsomsättning 2025-07', '00060008-0000-0000-0000-000000000007', '2025-07-15', '00060002-0000-0000-0000-000000000001')
ON CONFLICT DO NOTHING;
INSERT INTO transactions (id, org_id, account_code, account_name, debit, currency, exchange_rate, reporting_debit, description, booked_at, created_by)
VALUES ('00060009-0000-0000-0000-00000000000e', '00060001-0000-0000-0000-000000000001', '4000', 'Råvaror och förnödenheter', 2638426.98, 'NOK', 0.95, 2506505.63, 'Leverantörskostnader 2025-07', '2025-07-10', '00060002-0000-0000-0000-000000000001')
ON CONFLICT DO NOTHING;
INSERT INTO transactions (id, org_id, account_code, account_name, debit, currency, exchange_rate, reporting_debit, description, booked_at, created_by)
VALUES ('00060009-0000-0000-0000-00000000000f', '00060001-0000-0000-0000-000000000001', '7010', 'Löner tjänstemän', 450000, 'SEK', 1.0, 450000, 'Löner 2025-07', '2025-07-25', '00060002-0000-0000-0000-000000000001')
ON CONFLICT DO NOTHING;
INSERT INTO transactions (id, org_id, account_code, account_name, credit, currency, exchange_rate, reporting_credit, description, invoice_id, booked_at, created_by)
VALUES ('00060009-0000-0000-0000-000000000010', '00060001-0000-0000-0000-000000000001', '3000', 'Försäljningsintäkter', 8591912.36, 'GBP', 13.2, 113413243.15, 'Månadsomsättning 2025-08', '00060008-0000-0000-0000-00000000000a', '2025-08-15', '00060002-0000-0000-0000-000000000001')
ON CONFLICT DO NOTHING;
INSERT INTO transactions (id, org_id, account_code, account_name, debit, currency, exchange_rate, reporting_debit, description, booked_at, created_by)
VALUES ('00060009-0000-0000-0000-000000000011', '00060001-0000-0000-0000-000000000001', '4000', 'Råvaror och förnödenheter', 3007169.33, 'GBP', 13.2, 39694635.16, 'Leverantörskostnader 2025-08', '2025-08-10', '00060002-0000-0000-0000-000000000001')
ON CONFLICT DO NOTHING;
INSERT INTO transactions (id, org_id, account_code, account_name, debit, currency, exchange_rate, reporting_debit, description, booked_at, created_by)
VALUES ('00060009-0000-0000-0000-000000000012', '00060001-0000-0000-0000-000000000001', '7010', 'Löner tjänstemän', 450000, 'SEK', 1.0, 450000, 'Löner 2025-08', '2025-08-25', '00060002-0000-0000-0000-000000000001')
ON CONFLICT DO NOTHING;
INSERT INTO transactions (id, org_id, account_code, account_name, credit, currency, exchange_rate, reporting_credit, description, invoice_id, booked_at, created_by)
VALUES ('00060009-0000-0000-0000-000000000013', '00060001-0000-0000-0000-000000000001', '3000', 'Försäljningsintäkter', 8599067.75, 'NOK', 0.95, 8169114.36, 'Månadsomsättning 2025-09', '00060008-0000-0000-0000-00000000000c', '2025-09-15', '00060002-0000-0000-0000-000000000001')
ON CONFLICT DO NOTHING;
INSERT INTO transactions (id, org_id, account_code, account_name, debit, currency, exchange_rate, reporting_debit, description, booked_at, created_by)
VALUES ('00060009-0000-0000-0000-000000000014', '00060001-0000-0000-0000-000000000001', '4000', 'Råvaror och förnödenheter', 3009673.71, 'NOK', 0.95, 2859190.02, 'Leverantörskostnader 2025-09', '2025-09-10', '00060002-0000-0000-0000-000000000001')
ON CONFLICT DO NOTHING;
INSERT INTO transactions (id, org_id, account_code, account_name, debit, currency, exchange_rate, reporting_debit, description, booked_at, created_by)
VALUES ('00060009-0000-0000-0000-000000000015', '00060001-0000-0000-0000-000000000001', '7010', 'Löner tjänstemän', 450000, 'SEK', 1.0, 450000, 'Löner 2025-09', '2025-09-25', '00060002-0000-0000-0000-000000000001')
ON CONFLICT DO NOTHING;
INSERT INTO transactions (id, org_id, account_code, account_name, credit, currency, exchange_rate, reporting_credit, description, invoice_id, booked_at, created_by)
VALUES ('00060009-0000-0000-0000-000000000016', '00060001-0000-0000-0000-000000000001', '3000', 'Försäljningsintäkter', 7290033.17, 'SEK', 1.0, 7290033.17, 'Månadsomsättning 2025-10', '00060008-0000-0000-0000-00000000000c', '2025-10-15', '00060002-0000-0000-0000-000000000001')
ON CONFLICT DO NOTHING;
INSERT INTO transactions (id, org_id, account_code, account_name, debit, currency, exchange_rate, reporting_debit, description, booked_at, created_by)
VALUES ('00060009-0000-0000-0000-000000000017', '00060001-0000-0000-0000-000000000001', '4000', 'Råvaror och förnödenheter', 2551511.61, 'SEK', 1.0, 2551511.61, 'Leverantörskostnader 2025-10', '2025-10-10', '00060002-0000-0000-0000-000000000001')
ON CONFLICT DO NOTHING;
INSERT INTO transactions (id, org_id, account_code, account_name, debit, currency, exchange_rate, reporting_debit, description, booked_at, created_by)
VALUES ('00060009-0000-0000-0000-000000000018', '00060001-0000-0000-0000-000000000001', '7010', 'Löner tjänstemän', 450000, 'SEK', 1.0, 450000, 'Löner 2025-10', '2025-10-25', '00060002-0000-0000-0000-000000000001')
ON CONFLICT DO NOTHING;
INSERT INTO transactions (id, org_id, account_code, account_name, credit, currency, exchange_rate, reporting_credit, description, invoice_id, booked_at, created_by)
VALUES ('00060009-0000-0000-0000-000000000019', '00060001-0000-0000-0000-000000000001', '3000', 'Försäljningsintäkter', 8939966.91, 'NOK', 0.95, 8492968.56, 'Månadsomsättning 2025-11', '00060008-0000-0000-0000-000000000008', '2025-11-15', '00060002-0000-0000-0000-000000000001')
ON CONFLICT DO NOTHING;
INSERT INTO transactions (id, org_id, account_code, account_name, debit, currency, exchange_rate, reporting_debit, description, booked_at, created_by)
VALUES ('00060009-0000-0000-0000-00000000001a', '00060001-0000-0000-0000-000000000001', '4000', 'Råvaror och förnödenheter', 3128988.42, 'NOK', 0.95, 2972539.0, 'Leverantörskostnader 2025-11', '2025-11-10', '00060002-0000-0000-0000-000000000001')
ON CONFLICT DO NOTHING;
INSERT INTO transactions (id, org_id, account_code, account_name, debit, currency, exchange_rate, reporting_debit, description, booked_at, created_by)
VALUES ('00060009-0000-0000-0000-00000000001b', '00060001-0000-0000-0000-000000000001', '7010', 'Löner tjänstemän', 450000, 'SEK', 1.0, 450000, 'Löner 2025-11', '2025-11-25', '00060002-0000-0000-0000-000000000001')
ON CONFLICT DO NOTHING;
INSERT INTO transactions (id, org_id, account_code, account_name, credit, currency, exchange_rate, reporting_credit, description, invoice_id, booked_at, created_by)
VALUES ('00060009-0000-0000-0000-00000000001c', '00060001-0000-0000-0000-000000000001', '3000', 'Försäljningsintäkter', 7000683.46, 'NOK', 0.95, 6650649.29, 'Månadsomsättning 2025-12', '00060008-0000-0000-0000-000000000008', '2025-12-15', '00060002-0000-0000-0000-000000000001')
ON CONFLICT DO NOTHING;
INSERT INTO transactions (id, org_id, account_code, account_name, debit, currency, exchange_rate, reporting_debit, description, booked_at, created_by)
VALUES ('00060009-0000-0000-0000-00000000001d', '00060001-0000-0000-0000-000000000001', '4000', 'Råvaror och förnödenheter', 2450239.21, 'NOK', 0.95, 2327727.25, 'Leverantörskostnader 2025-12', '2025-12-10', '00060002-0000-0000-0000-000000000001')
ON CONFLICT DO NOTHING;
INSERT INTO transactions (id, org_id, account_code, account_name, debit, currency, exchange_rate, reporting_debit, description, booked_at, created_by)
VALUES ('00060009-0000-0000-0000-00000000001e', '00060001-0000-0000-0000-000000000001', '7010', 'Löner tjänstemän', 450000, 'SEK', 1.0, 450000, 'Löner 2025-12', '2025-12-25', '00060002-0000-0000-0000-000000000001')
ON CONFLICT DO NOTHING;
INSERT INTO transactions (id, org_id, account_code, account_name, credit, currency, exchange_rate, reporting_credit, description, invoice_id, booked_at, created_by)
VALUES ('00060009-0000-0000-0000-00000000001f', '00060001-0000-0000-0000-000000000001', '3000', 'Försäljningsintäkter', 7501939.64, 'SEK', 1.0, 7501939.64, 'Månadsomsättning 2026-01', '00060008-0000-0000-0000-000000000008', '2026-01-15', '00060002-0000-0000-0000-000000000001')
ON CONFLICT DO NOTHING;
INSERT INTO transactions (id, org_id, account_code, account_name, debit, currency, exchange_rate, reporting_debit, description, booked_at, created_by)
VALUES ('00060009-0000-0000-0000-000000000020', '00060001-0000-0000-0000-000000000001', '4000', 'Råvaror och förnödenheter', 2625678.87, 'SEK', 1.0, 2625678.87, 'Leverantörskostnader 2026-01', '2026-01-10', '00060002-0000-0000-0000-000000000001')
ON CONFLICT DO NOTHING;
INSERT INTO transactions (id, org_id, account_code, account_name, debit, currency, exchange_rate, reporting_debit, description, booked_at, created_by)
VALUES ('00060009-0000-0000-0000-000000000021', '00060001-0000-0000-0000-000000000001', '7010', 'Löner tjänstemän', 450000, 'SEK', 1.0, 450000, 'Löner 2026-01', '2026-01-25', '00060002-0000-0000-0000-000000000001')
ON CONFLICT DO NOTHING;
INSERT INTO transactions (id, org_id, account_code, account_name, credit, currency, exchange_rate, reporting_credit, description, invoice_id, booked_at, created_by)
VALUES ('00060009-0000-0000-0000-000000000022', '00060001-0000-0000-0000-000000000001', '3000', 'Försäljningsintäkter', 7147579.92, 'GBP', 13.2, 94348054.94, 'Månadsomsättning 2026-02', '00060008-0000-0000-0000-000000000002', '2026-02-15', '00060002-0000-0000-0000-000000000001')
ON CONFLICT DO NOTHING;
INSERT INTO transactions (id, org_id, account_code, account_name, debit, currency, exchange_rate, reporting_debit, description, booked_at, created_by)
VALUES ('00060009-0000-0000-0000-000000000023', '00060001-0000-0000-0000-000000000001', '4000', 'Råvaror och förnödenheter', 2501652.97, 'GBP', 13.2, 33021819.2, 'Leverantörskostnader 2026-02', '2026-02-10', '00060002-0000-0000-0000-000000000001')
ON CONFLICT DO NOTHING;
INSERT INTO transactions (id, org_id, account_code, account_name, debit, currency, exchange_rate, reporting_debit, description, booked_at, created_by)
VALUES ('00060009-0000-0000-0000-000000000024', '00060001-0000-0000-0000-000000000001', '7010', 'Löner tjänstemän', 450000, 'SEK', 1.0, 450000, 'Löner 2026-02', '2026-02-25', '00060002-0000-0000-0000-000000000001')
ON CONFLICT DO NOTHING;

INSERT INTO processes (id, org_id, code, name, owner_id, is_active, avg_duration_min)
VALUES ('0006000b-0000-0000-0000-000000000001', '00060001-0000-0000-0000-000000000001', 'P-001', 'Order-to-cash', '00060002-0000-0000-0000-00000000000a', TRUE, 28)
ON CONFLICT (org_id, code) DO NOTHING;
INSERT INTO process_executions (id, org_id, process_id, status, started_at, completed_at, duration_min, executed_by)
VALUES ('0006000c-0000-0000-0000-000000000001', '00060001-0000-0000-0000-000000000001', '0006000b-0000-0000-0000-000000000001', 'FAILED'::process_execution_status, '2025-08-15', '2025-08-15', 136, '00060002-0000-0000-0000-00000000000b')
ON CONFLICT DO NOTHING;
INSERT INTO process_executions (id, org_id, process_id, status, started_at, completed_at, duration_min, executed_by)
VALUES ('0006000c-0000-0000-0000-000000000002', '00060001-0000-0000-0000-000000000001', '0006000b-0000-0000-0000-000000000001', 'COMPLETED'::process_execution_status, '2025-04-16', '2025-04-16', 65, '00060002-0000-0000-0000-00000000000e')
ON CONFLICT DO NOTHING;
INSERT INTO process_executions (id, org_id, process_id, status, started_at, completed_at, duration_min, executed_by)
VALUES ('0006000c-0000-0000-0000-000000000003', '00060001-0000-0000-0000-000000000001', '0006000b-0000-0000-0000-000000000001', 'COMPLETED'::process_execution_status, '2025-12-23', '2025-12-23', 172, '00060002-0000-0000-0000-00000000000d')
ON CONFLICT DO NOTHING;
INSERT INTO processes (id, org_id, code, name, owner_id, is_active, avg_duration_min)
VALUES ('0006000b-0000-0000-0000-000000000002', '00060001-0000-0000-0000-000000000001', 'P-002', 'Returshantering', '00060002-0000-0000-0000-000000000001', TRUE, 111)
ON CONFLICT (org_id, code) DO NOTHING;
INSERT INTO process_executions (id, org_id, process_id, status, started_at, completed_at, duration_min, executed_by)
VALUES ('0006000c-0000-0000-0000-000000000005', '00060001-0000-0000-0000-000000000001', '0006000b-0000-0000-0000-000000000002', 'COMPLETED'::process_execution_status, '2026-02-02', '2026-02-02', 48, '00060002-0000-0000-0000-000000000008')
ON CONFLICT DO NOTHING;
INSERT INTO process_executions (id, org_id, process_id, status, started_at, completed_at, duration_min, executed_by)
VALUES ('0006000c-0000-0000-0000-000000000006', '00060001-0000-0000-0000-000000000001', '0006000b-0000-0000-0000-000000000002', 'RUNNING'::process_execution_status, '2025-09-16', NULL, 167, '00060002-0000-0000-0000-00000000000a')
ON CONFLICT DO NOTHING;
INSERT INTO process_executions (id, org_id, process_id, status, started_at, completed_at, duration_min, executed_by)
VALUES ('0006000c-0000-0000-0000-000000000007', '00060001-0000-0000-0000-000000000001', '0006000b-0000-0000-0000-000000000002', 'FAILED'::process_execution_status, '2025-06-09', '2025-06-09', 62, '00060002-0000-0000-0000-00000000000b')
ON CONFLICT DO NOTHING;
INSERT INTO processes (id, org_id, code, name, owner_id, is_active, avg_duration_min)
VALUES ('0006000b-0000-0000-0000-000000000003', '00060001-0000-0000-0000-000000000001', 'P-003', 'Lagerhantering inleverans', '00060002-0000-0000-0000-00000000000f', TRUE, 55)
ON CONFLICT (org_id, code) DO NOTHING;
INSERT INTO process_executions (id, org_id, process_id, status, started_at, completed_at, duration_min, executed_by)
VALUES ('0006000c-0000-0000-0000-000000000009', '00060001-0000-0000-0000-000000000001', '0006000b-0000-0000-0000-000000000003', 'RUNNING'::process_execution_status, '2025-12-17', NULL, 87, '00060002-0000-0000-0000-00000000000f')
ON CONFLICT DO NOTHING;
INSERT INTO process_executions (id, org_id, process_id, status, started_at, completed_at, duration_min, executed_by)
VALUES ('0006000c-0000-0000-0000-00000000000a', '00060001-0000-0000-0000-000000000001', '0006000b-0000-0000-0000-000000000003', 'FAILED'::process_execution_status, '2025-08-24', '2025-08-24', 32, '00060002-0000-0000-0000-00000000000a')
ON CONFLICT DO NOTHING;
INSERT INTO process_executions (id, org_id, process_id, status, started_at, completed_at, duration_min, executed_by)
VALUES ('0006000c-0000-0000-0000-00000000000b', '00060001-0000-0000-0000-000000000001', '0006000b-0000-0000-0000-000000000003', 'COMPLETED'::process_execution_status, '2026-01-08', '2026-01-08', 140, '00060002-0000-0000-0000-000000000007')
ON CONFLICT DO NOTHING;
INSERT INTO processes (id, org_id, code, name, owner_id, is_active, avg_duration_min)
VALUES ('0006000b-0000-0000-0000-000000000004', '00060001-0000-0000-0000-000000000001', 'P-004', 'Kundservice eskalering', '00060002-0000-0000-0000-00000000000e', TRUE, 31)
ON CONFLICT (org_id, code) DO NOTHING;
INSERT INTO process_executions (id, org_id, process_id, status, started_at, completed_at, duration_min, executed_by)
VALUES ('0006000c-0000-0000-0000-00000000000d', '00060001-0000-0000-0000-000000000001', '0006000b-0000-0000-0000-000000000004', 'RUNNING'::process_execution_status, '2025-04-01', NULL, 104, '00060002-0000-0000-0000-00000000000f')
ON CONFLICT DO NOTHING;
INSERT INTO process_executions (id, org_id, process_id, status, started_at, completed_at, duration_min, executed_by)
VALUES ('0006000c-0000-0000-0000-00000000000e', '00060001-0000-0000-0000-000000000001', '0006000b-0000-0000-0000-000000000004', 'COMPLETED'::process_execution_status, '2025-03-01', '2025-03-01', 153, '00060002-0000-0000-0000-00000000000e')
ON CONFLICT DO NOTHING;
INSERT INTO process_executions (id, org_id, process_id, status, started_at, completed_at, duration_min, executed_by)
VALUES ('0006000c-0000-0000-0000-00000000000f', '00060001-0000-0000-0000-000000000001', '0006000b-0000-0000-0000-000000000004', 'RUNNING'::process_execution_status, '2025-04-26', NULL, 82, '00060002-0000-0000-0000-00000000000e')
ON CONFLICT DO NOTHING;
INSERT INTO processes (id, org_id, code, name, owner_id, is_active, avg_duration_min)
VALUES ('0006000b-0000-0000-0000-000000000005', '00060001-0000-0000-0000-000000000001', 'P-005', 'Bedrägeridetektering', '00060002-0000-0000-0000-000000000001', TRUE, 45)
ON CONFLICT (org_id, code) DO NOTHING;
INSERT INTO process_executions (id, org_id, process_id, status, started_at, completed_at, duration_min, executed_by)
VALUES ('0006000c-0000-0000-0000-000000000011', '00060001-0000-0000-0000-000000000001', '0006000b-0000-0000-0000-000000000005', 'FAILED'::process_execution_status, '2026-02-23', '2026-02-23', 161, '00060002-0000-0000-0000-000000000007')
ON CONFLICT DO NOTHING;
INSERT INTO process_executions (id, org_id, process_id, status, started_at, completed_at, duration_min, executed_by)
VALUES ('0006000c-0000-0000-0000-000000000012', '00060001-0000-0000-0000-000000000001', '0006000b-0000-0000-0000-000000000005', 'RUNNING'::process_execution_status, '2026-02-28', NULL, 107, '00060002-0000-0000-0000-000000000007')
ON CONFLICT DO NOTHING;
INSERT INTO process_executions (id, org_id, process_id, status, started_at, completed_at, duration_min, executed_by)
VALUES ('0006000c-0000-0000-0000-000000000013', '00060001-0000-0000-0000-000000000001', '0006000b-0000-0000-0000-000000000005', 'FAILED'::process_execution_status, '2025-10-09', '2025-10-09', 149, '00060002-0000-0000-0000-000000000004')
ON CONFLICT DO NOTHING;
INSERT INTO processes (id, org_id, code, name, owner_id, is_active, avg_duration_min)
VALUES ('0006000b-0000-0000-0000-000000000006', '00060001-0000-0000-0000-000000000001', 'P-006', 'Finansiell rapportering', '00060002-0000-0000-0000-00000000000b', TRUE, 37)
ON CONFLICT (org_id, code) DO NOTHING;
INSERT INTO process_executions (id, org_id, process_id, status, started_at, completed_at, duration_min, executed_by)
VALUES ('0006000c-0000-0000-0000-000000000015', '00060001-0000-0000-0000-000000000001', '0006000b-0000-0000-0000-000000000006', 'FAILED'::process_execution_status, '2025-05-11', '2025-05-11', 58, '00060002-0000-0000-0000-000000000009')
ON CONFLICT DO NOTHING;
INSERT INTO process_executions (id, org_id, process_id, status, started_at, completed_at, duration_min, executed_by)
VALUES ('0006000c-0000-0000-0000-000000000016', '00060001-0000-0000-0000-000000000001', '0006000b-0000-0000-0000-000000000006', 'FAILED'::process_execution_status, '2025-09-01', '2025-09-01', 116, '00060002-0000-0000-0000-000000000003')
ON CONFLICT DO NOTHING;
INSERT INTO process_executions (id, org_id, process_id, status, started_at, completed_at, duration_min, executed_by)
VALUES ('0006000c-0000-0000-0000-000000000017', '00060001-0000-0000-0000-000000000001', '0006000b-0000-0000-0000-000000000006', 'RUNNING'::process_execution_status, '2026-02-07', NULL, 42, '00060002-0000-0000-0000-000000000003')
ON CONFLICT DO NOTHING;
INSERT INTO processes (id, org_id, code, name, owner_id, is_active, avg_duration_min)
VALUES ('0006000b-0000-0000-0000-000000000007', '00060001-0000-0000-0000-000000000001', 'P-007', 'FX-hantering och hedging', '00060002-0000-0000-0000-000000000001', TRUE, 24)
ON CONFLICT (org_id, code) DO NOTHING;
INSERT INTO process_executions (id, org_id, process_id, status, started_at, completed_at, duration_min, executed_by)
VALUES ('0006000c-0000-0000-0000-000000000019', '00060001-0000-0000-0000-000000000001', '0006000b-0000-0000-0000-000000000007', 'COMPLETED'::process_execution_status, '2025-05-13', '2025-05-13', 134, '00060002-0000-0000-0000-00000000000b')
ON CONFLICT DO NOTHING;
INSERT INTO process_executions (id, org_id, process_id, status, started_at, completed_at, duration_min, executed_by)
VALUES ('0006000c-0000-0000-0000-00000000001a', '00060001-0000-0000-0000-000000000001', '0006000b-0000-0000-0000-000000000007', 'FAILED'::process_execution_status, '2025-05-09', '2025-05-09', 31, '00060002-0000-0000-0000-000000000003')
ON CONFLICT DO NOTHING;
INSERT INTO process_executions (id, org_id, process_id, status, started_at, completed_at, duration_min, executed_by)
VALUES ('0006000c-0000-0000-0000-00000000001b', '00060001-0000-0000-0000-000000000001', '0006000b-0000-0000-0000-000000000007', 'FAILED'::process_execution_status, '2025-10-20', '2025-10-20', 164, '00060002-0000-0000-0000-00000000000f')
ON CONFLICT DO NOTHING;
INSERT INTO processes (id, org_id, code, name, owner_id, is_active, avg_duration_min)
VALUES ('0006000b-0000-0000-0000-000000000008', '00060001-0000-0000-0000-000000000001', 'P-008', 'GDPR-datahantering', '00060002-0000-0000-0000-000000000007', TRUE, 94)
ON CONFLICT (org_id, code) DO NOTHING;
INSERT INTO process_executions (id, org_id, process_id, status, started_at, completed_at, duration_min, executed_by)
VALUES ('0006000c-0000-0000-0000-00000000001d', '00060001-0000-0000-0000-000000000001', '0006000b-0000-0000-0000-000000000008', 'COMPLETED'::process_execution_status, '2025-10-19', '2025-10-19', 140, '00060002-0000-0000-0000-000000000007')
ON CONFLICT DO NOTHING;
INSERT INTO process_executions (id, org_id, process_id, status, started_at, completed_at, duration_min, executed_by)
VALUES ('0006000c-0000-0000-0000-00000000001e', '00060001-0000-0000-0000-000000000001', '0006000b-0000-0000-0000-000000000008', 'FAILED'::process_execution_status, '2025-09-13', '2025-09-13', 100, '00060002-0000-0000-0000-000000000004')
ON CONFLICT DO NOTHING;
INSERT INTO process_executions (id, org_id, process_id, status, started_at, completed_at, duration_min, executed_by)
VALUES ('0006000c-0000-0000-0000-00000000001f', '00060001-0000-0000-0000-000000000001', '0006000b-0000-0000-0000-000000000008', 'COMPLETED'::process_execution_status, '2025-10-04', '2025-10-04', 164, '00060002-0000-0000-0000-000000000001')
ON CONFLICT DO NOTHING;
INSERT INTO processes (id, org_id, code, name, owner_id, is_active, avg_duration_min)
VALUES ('0006000b-0000-0000-0000-000000000009', '00060001-0000-0000-0000-000000000001', 'P-009', 'Kampanjplanering', '00060002-0000-0000-0000-00000000000a', TRUE, 78)
ON CONFLICT (org_id, code) DO NOTHING;
INSERT INTO process_executions (id, org_id, process_id, status, started_at, completed_at, duration_min, executed_by)
VALUES ('0006000c-0000-0000-0000-000000000021', '00060001-0000-0000-0000-000000000001', '0006000b-0000-0000-0000-000000000009', 'COMPLETED'::process_execution_status, '2026-02-28', '2026-02-28', 138, '00060002-0000-0000-0000-000000000005')
ON CONFLICT DO NOTHING;
INSERT INTO process_executions (id, org_id, process_id, status, started_at, completed_at, duration_min, executed_by)
VALUES ('0006000c-0000-0000-0000-000000000022', '00060001-0000-0000-0000-000000000001', '0006000b-0000-0000-0000-000000000009', 'FAILED'::process_execution_status, '2025-12-05', '2025-12-05', 157, '00060002-0000-0000-0000-000000000006')
ON CONFLICT DO NOTHING;
INSERT INTO process_executions (id, org_id, process_id, status, started_at, completed_at, duration_min, executed_by)
VALUES ('0006000c-0000-0000-0000-000000000023', '00060001-0000-0000-0000-000000000001', '0006000b-0000-0000-0000-000000000009', 'COMPLETED'::process_execution_status, '2025-03-20', '2025-03-20', 155, '00060002-0000-0000-0000-000000000008')
ON CONFLICT DO NOTHING;
INSERT INTO processes (id, org_id, code, name, owner_id, is_active, avg_duration_min)
VALUES ('0006000b-0000-0000-0000-00000000000a', '00060001-0000-0000-0000-000000000001', 'P-010', 'Leverantörsutvärdering', '00060002-0000-0000-0000-00000000000c', TRUE, 62)
ON CONFLICT (org_id, code) DO NOTHING;
INSERT INTO process_executions (id, org_id, process_id, status, started_at, completed_at, duration_min, executed_by)
VALUES ('0006000c-0000-0000-0000-000000000025', '00060001-0000-0000-0000-000000000001', '0006000b-0000-0000-0000-00000000000a', 'COMPLETED'::process_execution_status, '2025-12-23', '2025-12-23', 133, '00060002-0000-0000-0000-00000000000c')
ON CONFLICT DO NOTHING;
INSERT INTO process_executions (id, org_id, process_id, status, started_at, completed_at, duration_min, executed_by)
VALUES ('0006000c-0000-0000-0000-000000000026', '00060001-0000-0000-0000-000000000001', '0006000b-0000-0000-0000-00000000000a', 'COMPLETED'::process_execution_status, '2025-05-12', '2025-05-12', 144, '00060002-0000-0000-0000-00000000000e')
ON CONFLICT DO NOTHING;
INSERT INTO process_executions (id, org_id, process_id, status, started_at, completed_at, duration_min, executed_by)
VALUES ('0006000c-0000-0000-0000-000000000027', '00060001-0000-0000-0000-000000000001', '0006000b-0000-0000-0000-00000000000a', 'RUNNING'::process_execution_status, '2025-10-25', NULL, 142, '00060002-0000-0000-0000-000000000002')
ON CONFLICT DO NOTHING;

INSERT INTO non_conformances (id, org_id, code, title, severity, status, process_id, reported_by, assigned_to, detected_at, closed_at)
VALUES ('0006000d-0000-0000-0000-000000000001', '00060001-0000-0000-0000-000000000001', 'NC-001', 'Fel artikel levererad – 200 beställningar', 'CRITICAL'::nc_severity, 'ACTION_PLANNED'::nc_status, '0006000b-0000-0000-0000-000000000002', '00060002-0000-0000-0000-000000000004', '00060002-0000-0000-0000-000000000008', '2026-01-07', NULL)
ON CONFLICT (org_id, code) DO NOTHING;
INSERT INTO non_conformances (id, org_id, code, title, severity, status, process_id, reported_by, assigned_to, detected_at, closed_at)
VALUES ('0006000d-0000-0000-0000-000000000002', '00060001-0000-0000-0000-000000000001', 'NC-002', 'Dataintrång – kunddata exponerad', 'CRITICAL'::nc_severity, 'CLOSED'::nc_status, '0006000b-0000-0000-0000-000000000009', '00060002-0000-0000-0000-00000000000d', '00060002-0000-0000-0000-00000000000a', '2026-02-14', '2026-02-24')
ON CONFLICT (org_id, code) DO NOTHING;
INSERT INTO non_conformances (id, org_id, code, title, severity, status, process_id, reported_by, assigned_to, detected_at, closed_at)
VALUES ('0006000d-0000-0000-0000-000000000003', '00060001-0000-0000-0000-000000000001', 'NC-003', 'Betalningsfel Klarna-integration', 'MAJOR'::nc_severity, 'OPEN'::nc_status, '0006000b-0000-0000-0000-000000000001', '00060002-0000-0000-0000-00000000000f', '00060002-0000-0000-0000-000000000006', '2026-01-08', NULL)
ON CONFLICT (org_id, code) DO NOTHING;
INSERT INTO non_conformances (id, org_id, code, title, severity, status, process_id, reported_by, assigned_to, detected_at, closed_at)
VALUES ('0006000d-0000-0000-0000-000000000004', '00060001-0000-0000-0000-000000000001', 'NC-004', 'FX-felberäkning EUR/SEK fakturor', 'MAJOR'::nc_severity, 'ACTION_PLANNED'::nc_status, '0006000b-0000-0000-0000-000000000008', '00060002-0000-0000-0000-000000000008', '00060002-0000-0000-0000-000000000009', '2025-03-06', NULL)
ON CONFLICT (org_id, code) DO NOTHING;
INSERT INTO non_conformances (id, org_id, code, title, severity, status, process_id, reported_by, assigned_to, detected_at, closed_at)
VALUES ('0006000d-0000-0000-0000-000000000005', '00060001-0000-0000-0000-000000000001', 'NC-005', 'Lagerfel – negativt saldo SKU-X212', 'MINOR'::nc_severity, 'ANALYZING'::nc_status, '0006000b-0000-0000-0000-000000000006', '00060002-0000-0000-0000-000000000007', '00060002-0000-0000-0000-000000000006', '2025-12-19', NULL)
ON CONFLICT (org_id, code) DO NOTHING;
INSERT INTO non_conformances (id, org_id, code, title, severity, status, process_id, reported_by, assigned_to, detected_at, closed_at)
VALUES ('0006000d-0000-0000-0000-000000000006', '00060001-0000-0000-0000-000000000001', 'NC-006', 'SLA brott kundservice – 4h wait', 'MINOR'::nc_severity, 'OPEN'::nc_status, '0006000b-0000-0000-0000-000000000003', '00060002-0000-0000-0000-000000000001', '00060002-0000-0000-0000-00000000000c', '2025-07-27', NULL)
ON CONFLICT (org_id, code) DO NOTHING;

INSERT INTO risks (id, org_id, code, title, category, probability, impact, risk_level, mitigation, owner_id, process_id, review_date)
VALUES ('0006000e-0000-0000-0000-000000000001', '00060001-0000-0000-0000-000000000001', 'R-001', 'Cyberattack/dataintrång', 'TECHNICAL'::risk_category, 3, 5, 'CRITICAL'::risk_level, 'SOC2 audit + penetrationstest', '00060002-0000-0000-0000-00000000000f', '0006000b-0000-0000-0000-00000000000a', '2025-08-03')
ON CONFLICT (org_id, code) DO NOTHING;
INSERT INTO risks (id, org_id, code, title, category, probability, impact, risk_level, mitigation, owner_id, process_id, review_date)
VALUES ('0006000e-0000-0000-0000-000000000002', '00060001-0000-0000-0000-000000000001', 'R-002', 'Logistikpartner-avbrott', 'OPERATIONAL'::risk_category, 3, 4, 'HIGH'::risk_level, 'Backup-avtal med alternativ speditör', '00060002-0000-0000-0000-00000000000c', '0006000b-0000-0000-0000-00000000000a', '2025-07-12')
ON CONFLICT (org_id, code) DO NOTHING;
INSERT INTO risks (id, org_id, code, title, category, probability, impact, risk_level, mitigation, owner_id, process_id, review_date)
VALUES ('0006000e-0000-0000-0000-000000000003', '00060001-0000-0000-0000-000000000001', 'R-003', 'Valutarisk multi-currency', 'FINANCIAL'::risk_category, 4, 4, 'HIGH'::risk_level, 'Hedging policy + FX-dashboard', '00060002-0000-0000-0000-000000000001', '0006000b-0000-0000-0000-000000000008', '2025-12-22')
ON CONFLICT (org_id, code) DO NOTHING;
INSERT INTO risks (id, org_id, code, title, category, probability, impact, risk_level, mitigation, owner_id, process_id, review_date)
VALUES ('0006000e-0000-0000-0000-000000000004', '00060001-0000-0000-0000-000000000001', 'R-004', 'GDPR-böter', 'LEGAL'::risk_category, 2, 5, 'HIGH'::risk_level, 'DPO anställd + halvårlig audit', '00060002-0000-0000-0000-000000000003', '0006000b-0000-0000-0000-00000000000a', '2025-03-27')
ON CONFLICT (org_id, code) DO NOTHING;

INSERT INTO kpis (id, org_id, name, value, target, unit, status, period, measured_at)
VALUES ('0006000f-0000-0000-0000-000000000001', '00060001-0000-0000-0000-000000000001', 'Omsättning', 8535432.9, 7916666.666666667, 'SEK', 'GREEN', '2025-03', '2025-03-28')
ON CONFLICT DO NOTHING;
INSERT INTO kpis (id, org_id, name, value, target, unit, status, period, measured_at)
VALUES ('0006000f-0000-0000-0000-000000000002', '00060001-0000-0000-0000-000000000001', 'Antal deals', 35.8, 40, 'st', 'YELLOW', '2025-03', '2025-03-28')
ON CONFLICT DO NOTHING;
INSERT INTO kpis (id, org_id, name, value, target, unit, status, period, measured_at)
VALUES ('0006000f-0000-0000-0000-000000000003', '00060001-0000-0000-0000-000000000001', 'Kundnöjdhet', 95.1, 85, '%', 'GREEN', '2025-03', '2025-03-28')
ON CONFLICT DO NOTHING;
INSERT INTO kpis (id, org_id, name, value, target, unit, status, period, measured_at)
VALUES ('0006000f-0000-0000-0000-000000000004', '00060001-0000-0000-0000-000000000001', 'Ledtid', 3.8, 5, 'dagar', 'YELLOW', '2025-03', '2025-03-28')
ON CONFLICT DO NOTHING;
INSERT INTO kpis (id, org_id, name, value, target, unit, status, period, measured_at)
VALUES ('0006000f-0000-0000-0000-000000000005', '00060001-0000-0000-0000-000000000001', 'Avvikelser', 2.0, 2, 'st', 'GREEN', '2025-03', '2025-03-28')
ON CONFLICT DO NOTHING;
INSERT INTO kpis (id, org_id, name, value, target, unit, status, period, measured_at)
VALUES ('0006000f-0000-0000-0000-000000000006', '00060001-0000-0000-0000-000000000001', 'Omsättning', 6439501.1, 7916666.666666667, 'SEK', 'YELLOW', '2025-04', '2025-04-28')
ON CONFLICT DO NOTHING;
INSERT INTO kpis (id, org_id, name, value, target, unit, status, period, measured_at)
VALUES ('0006000f-0000-0000-0000-000000000007', '00060001-0000-0000-0000-000000000001', 'Antal deals', 31.5, 40, 'st', 'YELLOW', '2025-04', '2025-04-28')
ON CONFLICT DO NOTHING;
INSERT INTO kpis (id, org_id, name, value, target, unit, status, period, measured_at)
VALUES ('0006000f-0000-0000-0000-000000000008', '00060001-0000-0000-0000-000000000001', 'Kundnöjdhet', 97.1, 85, '%', 'GREEN', '2025-04', '2025-04-28')
ON CONFLICT DO NOTHING;
INSERT INTO kpis (id, org_id, name, value, target, unit, status, period, measured_at)
VALUES ('0006000f-0000-0000-0000-000000000009', '00060001-0000-0000-0000-000000000001', 'Ledtid', 4.4, 5, 'dagar', 'YELLOW', '2025-04', '2025-04-28')
ON CONFLICT DO NOTHING;
INSERT INTO kpis (id, org_id, name, value, target, unit, status, period, measured_at)
VALUES ('0006000f-0000-0000-0000-00000000000a', '00060001-0000-0000-0000-000000000001', 'Avvikelser', 2.1, 2, 'st', 'GREEN', '2025-04', '2025-04-28')
ON CONFLICT DO NOTHING;
INSERT INTO kpis (id, org_id, name, value, target, unit, status, period, measured_at)
VALUES ('0006000f-0000-0000-0000-00000000000b', '00060001-0000-0000-0000-000000000001', 'Omsättning', 7026901.1, 7916666.666666667, 'SEK', 'YELLOW', '2025-05', '2025-05-28')
ON CONFLICT DO NOTHING;
INSERT INTO kpis (id, org_id, name, value, target, unit, status, period, measured_at)
VALUES ('0006000f-0000-0000-0000-00000000000c', '00060001-0000-0000-0000-000000000001', 'Antal deals', 35.1, 40, 'st', 'YELLOW', '2025-05', '2025-05-28')
ON CONFLICT DO NOTHING;
INSERT INTO kpis (id, org_id, name, value, target, unit, status, period, measured_at)
VALUES ('0006000f-0000-0000-0000-00000000000d', '00060001-0000-0000-0000-000000000001', 'Kundnöjdhet', 95.3, 85, '%', 'GREEN', '2025-05', '2025-05-28')
ON CONFLICT DO NOTHING;
INSERT INTO kpis (id, org_id, name, value, target, unit, status, period, measured_at)
VALUES ('0006000f-0000-0000-0000-00000000000e', '00060001-0000-0000-0000-000000000001', 'Ledtid', 5.3, 5, 'dagar', 'GREEN', '2025-05', '2025-05-28')
ON CONFLICT DO NOTHING;
INSERT INTO kpis (id, org_id, name, value, target, unit, status, period, measured_at)
VALUES ('0006000f-0000-0000-0000-00000000000f', '00060001-0000-0000-0000-000000000001', 'Avvikelser', 2.4, 2, 'st', 'GREEN', '2025-05', '2025-05-28')
ON CONFLICT DO NOTHING;
INSERT INTO kpis (id, org_id, name, value, target, unit, status, period, measured_at)
VALUES ('0006000f-0000-0000-0000-000000000010', '00060001-0000-0000-0000-000000000001', 'Omsättning', 8862578.6, 7916666.666666667, 'SEK', 'GREEN', '2025-06', '2025-06-28')
ON CONFLICT DO NOTHING;
INSERT INTO kpis (id, org_id, name, value, target, unit, status, period, measured_at)
VALUES ('0006000f-0000-0000-0000-000000000011', '00060001-0000-0000-0000-000000000001', 'Antal deals', 43.2, 40, 'st', 'GREEN', '2025-06', '2025-06-28')
ON CONFLICT DO NOTHING;
INSERT INTO kpis (id, org_id, name, value, target, unit, status, period, measured_at)
VALUES ('0006000f-0000-0000-0000-000000000012', '00060001-0000-0000-0000-000000000001', 'Kundnöjdhet', 79.5, 85, '%', 'GREEN', '2025-06', '2025-06-28')
ON CONFLICT DO NOTHING;
INSERT INTO kpis (id, org_id, name, value, target, unit, status, period, measured_at)
VALUES ('0006000f-0000-0000-0000-000000000013', '00060001-0000-0000-0000-000000000001', 'Ledtid', 4.2, 5, 'dagar', 'YELLOW', '2025-06', '2025-06-28')
ON CONFLICT DO NOTHING;
INSERT INTO kpis (id, org_id, name, value, target, unit, status, period, measured_at)
VALUES ('0006000f-0000-0000-0000-000000000014', '00060001-0000-0000-0000-000000000001', 'Avvikelser', 2.3, 2, 'st', 'GREEN', '2025-06', '2025-06-28')
ON CONFLICT DO NOTHING;
INSERT INTO kpis (id, org_id, name, value, target, unit, status, period, measured_at)
VALUES ('0006000f-0000-0000-0000-000000000015', '00060001-0000-0000-0000-000000000001', 'Omsättning', 6872442.0, 7916666.666666667, 'SEK', 'YELLOW', '2025-07', '2025-07-28')
ON CONFLICT DO NOTHING;
INSERT INTO kpis (id, org_id, name, value, target, unit, status, period, measured_at)
VALUES ('0006000f-0000-0000-0000-000000000016', '00060001-0000-0000-0000-000000000001', 'Antal deals', 33.6, 40, 'st', 'YELLOW', '2025-07', '2025-07-28')
ON CONFLICT DO NOTHING;
INSERT INTO kpis (id, org_id, name, value, target, unit, status, period, measured_at)
VALUES ('0006000f-0000-0000-0000-000000000017', '00060001-0000-0000-0000-000000000001', 'Kundnöjdhet', 86.2, 85, '%', 'GREEN', '2025-07', '2025-07-28')
ON CONFLICT DO NOTHING;
INSERT INTO kpis (id, org_id, name, value, target, unit, status, period, measured_at)
VALUES ('0006000f-0000-0000-0000-000000000018', '00060001-0000-0000-0000-000000000001', 'Ledtid', 3.8, 5, 'dagar', 'YELLOW', '2025-07', '2025-07-28')
ON CONFLICT DO NOTHING;
INSERT INTO kpis (id, org_id, name, value, target, unit, status, period, measured_at)
VALUES ('0006000f-0000-0000-0000-000000000019', '00060001-0000-0000-0000-000000000001', 'Avvikelser', 2.5, 2, 'st', 'GREEN', '2025-07', '2025-07-28')
ON CONFLICT DO NOTHING;
INSERT INTO kpis (id, org_id, name, value, target, unit, status, period, measured_at)
VALUES ('0006000f-0000-0000-0000-00000000001a', '00060001-0000-0000-0000-000000000001', 'Omsättning', 9766576.5, 7916666.666666667, 'SEK', 'GREEN', '2025-08', '2025-08-28')
ON CONFLICT DO NOTHING;
INSERT INTO kpis (id, org_id, name, value, target, unit, status, period, measured_at)
VALUES ('0006000f-0000-0000-0000-00000000001b', '00060001-0000-0000-0000-000000000001', 'Antal deals', 41.9, 40, 'st', 'GREEN', '2025-08', '2025-08-28')
ON CONFLICT DO NOTHING;
INSERT INTO kpis (id, org_id, name, value, target, unit, status, period, measured_at)
VALUES ('0006000f-0000-0000-0000-00000000001c', '00060001-0000-0000-0000-000000000001', 'Kundnöjdhet', 98.7, 85, '%', 'GREEN', '2025-08', '2025-08-28')
ON CONFLICT DO NOTHING;
INSERT INTO kpis (id, org_id, name, value, target, unit, status, period, measured_at)
VALUES ('0006000f-0000-0000-0000-00000000001d', '00060001-0000-0000-0000-000000000001', 'Ledtid', 5.8, 5, 'dagar', 'GREEN', '2025-08', '2025-08-28')
ON CONFLICT DO NOTHING;
INSERT INTO kpis (id, org_id, name, value, target, unit, status, period, measured_at)
VALUES ('0006000f-0000-0000-0000-00000000001e', '00060001-0000-0000-0000-000000000001', 'Avvikelser', 2.3, 2, 'st', 'GREEN', '2025-08', '2025-08-28')
ON CONFLICT DO NOTHING;
INSERT INTO kpis (id, org_id, name, value, target, unit, status, period, measured_at)
VALUES ('0006000f-0000-0000-0000-00000000001f', '00060001-0000-0000-0000-000000000001', 'Omsättning', 7572085.3, 7916666.666666667, 'SEK', 'GREEN', '2025-09', '2025-09-28')
ON CONFLICT DO NOTHING;
INSERT INTO kpis (id, org_id, name, value, target, unit, status, period, measured_at)
VALUES ('0006000f-0000-0000-0000-000000000020', '00060001-0000-0000-0000-000000000001', 'Antal deals', 37.7, 40, 'st', 'GREEN', '2025-09', '2025-09-28')
ON CONFLICT DO NOTHING;
INSERT INTO kpis (id, org_id, name, value, target, unit, status, period, measured_at)
VALUES ('0006000f-0000-0000-0000-000000000021', '00060001-0000-0000-0000-000000000001', 'Kundnöjdhet', 91.8, 85, '%', 'GREEN', '2025-09', '2025-09-28')
ON CONFLICT DO NOTHING;
INSERT INTO kpis (id, org_id, name, value, target, unit, status, period, measured_at)
VALUES ('0006000f-0000-0000-0000-000000000022', '00060001-0000-0000-0000-000000000001', 'Ledtid', 5.6, 5, 'dagar', 'GREEN', '2025-09', '2025-09-28')
ON CONFLICT DO NOTHING;
INSERT INTO kpis (id, org_id, name, value, target, unit, status, period, measured_at)
VALUES ('0006000f-0000-0000-0000-000000000023', '00060001-0000-0000-0000-000000000001', 'Avvikelser', 1.7, 2, 'st', 'YELLOW', '2025-09', '2025-09-28')
ON CONFLICT DO NOTHING;
INSERT INTO kpis (id, org_id, name, value, target, unit, status, period, measured_at)
VALUES ('0006000f-0000-0000-0000-000000000024', '00060001-0000-0000-0000-000000000001', 'Omsättning', 8224456.4, 7916666.666666667, 'SEK', 'GREEN', '2025-10', '2025-10-28')
ON CONFLICT DO NOTHING;
INSERT INTO kpis (id, org_id, name, value, target, unit, status, period, measured_at)
VALUES ('0006000f-0000-0000-0000-000000000025', '00060001-0000-0000-0000-000000000001', 'Antal deals', 46.8, 40, 'st', 'GREEN', '2025-10', '2025-10-28')
ON CONFLICT DO NOTHING;
INSERT INTO kpis (id, org_id, name, value, target, unit, status, period, measured_at)
VALUES ('0006000f-0000-0000-0000-000000000026', '00060001-0000-0000-0000-000000000001', 'Kundnöjdhet', 66.1, 85, '%', 'YELLOW', '2025-10', '2025-10-28')
ON CONFLICT DO NOTHING;
INSERT INTO kpis (id, org_id, name, value, target, unit, status, period, measured_at)
VALUES ('0006000f-0000-0000-0000-000000000027', '00060001-0000-0000-0000-000000000001', 'Ledtid', 4.4, 5, 'dagar', 'YELLOW', '2025-10', '2025-10-28')
ON CONFLICT DO NOTHING;
INSERT INTO kpis (id, org_id, name, value, target, unit, status, period, measured_at)
VALUES ('0006000f-0000-0000-0000-000000000028', '00060001-0000-0000-0000-000000000001', 'Avvikelser', 2.3, 2, 'st', 'GREEN', '2025-10', '2025-10-28')
ON CONFLICT DO NOTHING;
INSERT INTO kpis (id, org_id, name, value, target, unit, status, period, measured_at)
VALUES ('0006000f-0000-0000-0000-000000000029', '00060001-0000-0000-0000-000000000001', 'Omsättning', 6145404.3, 7916666.666666667, 'SEK', 'YELLOW', '2025-11', '2025-11-28')
ON CONFLICT DO NOTHING;
INSERT INTO kpis (id, org_id, name, value, target, unit, status, period, measured_at)
VALUES ('0006000f-0000-0000-0000-00000000002a', '00060001-0000-0000-0000-000000000001', 'Antal deals', 39.3, 40, 'st', 'GREEN', '2025-11', '2025-11-28')
ON CONFLICT DO NOTHING;
INSERT INTO kpis (id, org_id, name, value, target, unit, status, period, measured_at)
VALUES ('0006000f-0000-0000-0000-00000000002b', '00060001-0000-0000-0000-000000000001', 'Kundnöjdhet', 84.0, 85, '%', 'GREEN', '2025-11', '2025-11-28')
ON CONFLICT DO NOTHING;
INSERT INTO kpis (id, org_id, name, value, target, unit, status, period, measured_at)
VALUES ('0006000f-0000-0000-0000-00000000002c', '00060001-0000-0000-0000-000000000001', 'Ledtid', 4.9, 5, 'dagar', 'GREEN', '2025-11', '2025-11-28')
ON CONFLICT DO NOTHING;
INSERT INTO kpis (id, org_id, name, value, target, unit, status, period, measured_at)
VALUES ('0006000f-0000-0000-0000-00000000002d', '00060001-0000-0000-0000-000000000001', 'Avvikelser', 2.4, 2, 'st', 'GREEN', '2025-11', '2025-11-28')
ON CONFLICT DO NOTHING;
INSERT INTO kpis (id, org_id, name, value, target, unit, status, period, measured_at)
VALUES ('0006000f-0000-0000-0000-00000000002e', '00060001-0000-0000-0000-000000000001', 'Omsättning', 9588901.2, 7916666.666666667, 'SEK', 'GREEN', '2025-12', '2025-12-28')
ON CONFLICT DO NOTHING;
INSERT INTO kpis (id, org_id, name, value, target, unit, status, period, measured_at)
VALUES ('0006000f-0000-0000-0000-00000000002f', '00060001-0000-0000-0000-000000000001', 'Antal deals', 34.7, 40, 'st', 'YELLOW', '2025-12', '2025-12-28')
ON CONFLICT DO NOTHING;
INSERT INTO kpis (id, org_id, name, value, target, unit, status, period, measured_at)
VALUES ('0006000f-0000-0000-0000-000000000030', '00060001-0000-0000-0000-000000000001', 'Kundnöjdhet', 92.8, 85, '%', 'GREEN', '2025-12', '2025-12-28')
ON CONFLICT DO NOTHING;
INSERT INTO kpis (id, org_id, name, value, target, unit, status, period, measured_at)
VALUES ('0006000f-0000-0000-0000-000000000031', '00060001-0000-0000-0000-000000000001', 'Ledtid', 4.7, 5, 'dagar', 'GREEN', '2025-12', '2025-12-28')
ON CONFLICT DO NOTHING;
INSERT INTO kpis (id, org_id, name, value, target, unit, status, period, measured_at)
VALUES ('0006000f-0000-0000-0000-000000000032', '00060001-0000-0000-0000-000000000001', 'Avvikelser', 1.8, 2, 'st', 'GREEN', '2025-12', '2025-12-28')
ON CONFLICT DO NOTHING;
INSERT INTO kpis (id, org_id, name, value, target, unit, status, period, measured_at)
VALUES ('0006000f-0000-0000-0000-000000000033', '00060001-0000-0000-0000-000000000001', 'Omsättning', 8037166.8, 7916666.666666667, 'SEK', 'GREEN', '2026-01', '2026-01-28')
ON CONFLICT DO NOTHING;
INSERT INTO kpis (id, org_id, name, value, target, unit, status, period, measured_at)
VALUES ('0006000f-0000-0000-0000-000000000034', '00060001-0000-0000-0000-000000000001', 'Antal deals', 38.7, 40, 'st', 'GREEN', '2026-01', '2026-01-28')
ON CONFLICT DO NOTHING;
INSERT INTO kpis (id, org_id, name, value, target, unit, status, period, measured_at)
VALUES ('0006000f-0000-0000-0000-000000000035', '00060001-0000-0000-0000-000000000001', 'Kundnöjdhet', 76.0, 85, '%', 'YELLOW', '2026-01', '2026-01-28')
ON CONFLICT DO NOTHING;
INSERT INTO kpis (id, org_id, name, value, target, unit, status, period, measured_at)
VALUES ('0006000f-0000-0000-0000-000000000036', '00060001-0000-0000-0000-000000000001', 'Ledtid', 5.7, 5, 'dagar', 'GREEN', '2026-01', '2026-01-28')
ON CONFLICT DO NOTHING;
INSERT INTO kpis (id, org_id, name, value, target, unit, status, period, measured_at)
VALUES ('0006000f-0000-0000-0000-000000000037', '00060001-0000-0000-0000-000000000001', 'Avvikelser', 1.9, 2, 'st', 'GREEN', '2026-01', '2026-01-28')
ON CONFLICT DO NOTHING;
INSERT INTO kpis (id, org_id, name, value, target, unit, status, period, measured_at)
VALUES ('0006000f-0000-0000-0000-000000000038', '00060001-0000-0000-0000-000000000001', 'Omsättning', 7187100.8, 7916666.666666667, 'SEK', 'GREEN', '2026-02', '2026-02-28')
ON CONFLICT DO NOTHING;
INSERT INTO kpis (id, org_id, name, value, target, unit, status, period, measured_at)
VALUES ('0006000f-0000-0000-0000-000000000039', '00060001-0000-0000-0000-000000000001', 'Antal deals', 40.6, 40, 'st', 'GREEN', '2026-02', '2026-02-28')
ON CONFLICT DO NOTHING;
INSERT INTO kpis (id, org_id, name, value, target, unit, status, period, measured_at)
VALUES ('0006000f-0000-0000-0000-00000000003a', '00060001-0000-0000-0000-000000000001', 'Kundnöjdhet', 104.4, 85, '%', 'GREEN', '2026-02', '2026-02-28')
ON CONFLICT DO NOTHING;
INSERT INTO kpis (id, org_id, name, value, target, unit, status, period, measured_at)
VALUES ('0006000f-0000-0000-0000-00000000003b', '00060001-0000-0000-0000-000000000001', 'Ledtid', 4.0, 5, 'dagar', 'YELLOW', '2026-02', '2026-02-28')
ON CONFLICT DO NOTHING;
INSERT INTO kpis (id, org_id, name, value, target, unit, status, period, measured_at)
VALUES ('0006000f-0000-0000-0000-00000000003c', '00060001-0000-0000-0000-000000000001', 'Avvikelser', 2.0, 2, 'st', 'GREEN', '2026-02', '2026-02-28')
ON CONFLICT DO NOTHING;

INSERT INTO goals (id, org_id, title, current_value, target_value, unit, status, start_date, end_date, owner_id, created_by)
VALUES ('00060011-0000-0000-0000-000000000001', '00060001-0000-0000-0000-000000000001', 'Öka omsättning med 15%', 10049709.7, 14250000.0, 'SEK', 'ON_TRACK'::goal_status, '2025-03-01', '2026-02-28', '00060002-0000-0000-0000-000000000006', '00060002-0000-0000-0000-000000000001')
ON CONFLICT DO NOTHING;
INSERT INTO goals (id, org_id, title, current_value, target_value, unit, status, start_date, end_date, owner_id, created_by)
VALUES ('00060011-0000-0000-0000-000000000002', '00060001-0000-0000-0000-000000000001', 'Minska avvikelser till <3/månad', 1.7, 3, 'st', 'ON_TRACK'::goal_status, '2025-03-01', '2026-02-28', '00060002-0000-0000-0000-00000000000b', '00060002-0000-0000-0000-000000000001')
ON CONFLICT DO NOTHING;
INSERT INTO goals (id, org_id, title, current_value, target_value, unit, status, start_date, end_date, owner_id, created_by)
VALUES ('00060011-0000-0000-0000-000000000003', '00060001-0000-0000-0000-000000000001', 'Kundnöjdhet > 90%', 47.5, 90, '%', 'ACTIVE'::goal_status, '2025-03-01', '2026-02-28', '00060002-0000-0000-0000-000000000005', '00060002-0000-0000-0000-000000000001')
ON CONFLICT DO NOTHING;


COMMIT;

-- End of seed_testdata.sql